,age,income,debt_to_income,credit_score,loan_amount,approved
0,59,34153.45757675927,0.312268557923668,655.135058404009,26105.760073865185,0
1,49,32598.64092057699,0.526204569842049,572.8982661254923,5000.0,0
2,35,33340.04221195975,0.5266026652593747,609.0931454471196,17425.974842262312,0
3,63,90682.45501242476,0.32530269554422975,653.2701873443685,34945.367752142694,1
4,28,21007.62116612787,0.17764940965017148,597.969458522885,6278.66973802834,1
5,41,31154.577933056717,0.4152812544480521,622.2298937989625,5000.0,0
6,59,77007.74262952793,0.3310211838053397,703.1529033267375,15987.42695901009,1
7,39,30900.436402069456,0.6278825474149516,629.1887484126925,6850.6325991975555,0
8,43,22745.216580346074,0.35759481124246567,624.4834693258215,5000.0,1
9,31,41419.5114927208,0.36596816154915035,587.7989130546591,5000.0,0
10,31,54329.37147659589,0.4710469799165501,613.5067706011865,22633.598459911198,0
11,44,29839.23791427899,0.35049135320511826,649.5550354125668,12854.93270123712,1
12,56,47915.01478781279,0.45415340977459895,694.3101345087427,11040.175291739706,1
13,60,18245.841188552622,0.2691453882920759,542.5228597261244,5312.174781033661,0
14,44,18760.07946247222,0.18221596283279168,706.2575916135305,7793.7253284442995,1
15,23,29142.616310272202,0.21311470435124844,623.2722031447191,5000.0,1
16,42,48776.73371402135,0.2994312605491106,643.3988024982347,5000.0,1
17,22,53143.388908494395,0.3677931122696053,699.3211788960868,16041.92197088641,1
18,44,20110.392018191775,0.42485559429037384,805.7475642213255,5000.0,1
19,64,52167.258869786885,0.41834715948997747,688.1253502984084,11208.271199498873,1
20,50,39468.3167019881,0.3515111099154527,615.6094566121549,16610.63416841102,0
21,58,23397.808726034473,0.18948597266849473,662.9560385077483,5169.561553691186,1
22,22,18637.03155075004,0.45482391074173073,679.479510329256,7237.570101335791,1
23,41,40737.79552337663,0.12479839183501693,551.813381989933,26681.118026418375,0
24,53,69201.76257945251,0.17486203396106828,574.1315598899319,49822.05730602597,0
25,32,36966.272261002676,0.35677935186560417,678.1897141071978,17485.742067988816,1
26,42,22754.986229728074,0.46946785806516994,687.0339815228549,5000.0,1
27,64,14271.058102495346,0.4440967851519282,676.4737823267169,6083.381316415198,1
28,45,78021.94587299826,0.3349498411797063,695.5996462488242,47670.62534924091,0
29,47,61140.226812399225,0.41671257961721975,624.0983031897327,21606.010039707326,0
30,62,42236.43112445539,0.19018190410409838,725.6368244053685,7045.460338217306,1
31,48,76038.64551385274,0.26573043002722535,777.5112816989159,16576.088405959712,1
32,36,40617.713757178644,0.26800440457740715,604.8745862320088,22173.960364091345,0
33,35,27847.027988090405,0.20376842556822625,561.8555988913695,5391.602791437664,1
34,64,47933.318326565706,0.29610625687589914,644.8660611725866,5252.460418811859,1
35,23,23983.878677811877,0.3186763782509707,711.4869938854729,5000.0,1
36,57,22074.449580009776,0.2806558637166845,696.27854379877,6877.350330322902,1
37,27,53412.68560082036,0.3114882465121033,660.0212401225152,13647.364402585821,1
38,41,55708.01903036071,0.05,488.22140853306524,5000.0,0
39,29,19208.935872193317,0.40785386707627724,601.4775264715801,5000.0,0
40,59,19567.027511240376,0.28915775424357526,727.3314826238523,13293.744345135125,1
41,38,29070.382552977844,0.28901601692282125,527.8010901513226,9807.085499432878,0
42,24,25446.85868231552,0.1417570858928554,651.4461360450181,10747.74425939719,1
43,45,46085.073051922336,0.5826508905388146,609.8620094099502,5000.0,0
44,34,37198.54471318851,0.5897508075443226,695.763081381006,16106.81944725966,1
45,29,65020.19083140567,0.0997163068459175,533.2802965576611,39081.482499003236,0
46,46,42558.243951107135,0.31467046689663614,628.9238971522317,15474.369752045473,1
47,22,26310.189725509703,0.4891688950813029,660.9700403997987,5000.0,1
48,40,14107.129248676029,0.2962197567529707,625.3843621148096,6039.2466525039,1
49,48,39724.68223041606,0.25907961066162993,692.1858850699117,18365.65350561539,1
50,27,15441.839342470048,0.2493371706792699,542.1286249208038,5000.0,0
51,64,26147.853488118897,0.3969057285324084,571.4595290159671,13433.811463832368,0
52,28,25314.600698202998,0.7423090347630692,627.1498814426252,9878.719792034415,0
53,55,28163.62251816376,0.4741851531947315,673.5777096464249,5000.0,1
54,34,18806.970850949707,0.18371637410859534,685.8913676190659,5000.0,1
55,37,25269.70928454383,0.2556675436485234,662.1005314205524,5881.268061299339,1
56,56,64405.3697112469,0.30983687449316566,585.6087068958785,18586.75927541506,0
57,60,64316.67731042059,0.22112495385247358,608.206379963549,19237.722147821438,1
58,24,78139.41544652994,0.19314736001019633,727.3985614037803,35777.81472657244,1
59,22,36500.20890109541,0.4624894754712246,791.4744070286952,16967.915353249835,1
60,26,41589.77257453077,0.2745597551385699,692.6298706504946,25915.247478993246,1
61,62,64880.71498527244,0.4057722229020703,674.1013526232158,23859.531468178222,1
62,24,17407.727947739284,0.617364307718453,569.2331428833272,10362.421678042263,0
63,49,54329.04455049669,0.2713497244621686,663.7899109898933,26415.92695613009,0
64,38,69645.42989036113,0.3911938963065751,532.0102846077714,37982.09483338463,0
65,46,23283.956426120145,0.1964565891301967,741.9646564516087,14417.880801459441,1
66,64,72498.38558500705,0.4123265247613057,689.2026524999327,16852.078858091212,1
67,54,101606.01754226185,0.545006660372189,645.9674098063028,28841.616221032546,1
68,30,53579.58165739532,0.5372670702138117,568.9363488723363,5000.0,0
69,56,48886.2859070318,0.3563459011448349,662.7134942629759,25470.04295009748,1
70,34,20746.06720560574,0.2721553388569462,544.8383920715295,10476.6963980948,0
71,51,61982.16519623561,0.3855205900469846,627.9889408447402,20387.72556772925,0
72,35,21746.425402103905,0.3576667255096382,679.050524845875,9987.973430835633,1
73,28,43689.8199702516,0.41917075773559664,600.1049820001549,22446.378897629715,0
74,34,45960.9569754245,0.25482802833858603,647.194623197503,13964.91975141993,1
75,43,6987.467693685533,0.2899748543252711,813.1220760656106,5000.0,1
76,60,44484.74906478227,0.31725438787158233,524.8176716875911,13218.786065049808,0
77,41,134690.8448653911,0.4499696361898189,595.9495657103539,37739.91596149709,0
78,36,12760.015719895635,0.4698769200757689,631.902184875011,5000.0,0
79,38,35350.01172449097,0.28526563386980214,612.8549341560231,5000.0,1
80,44,13717.700862701799,0.1773523728614262,681.7061783301431,5000.0,1
81,46,23223.7160858492,0.4043960938252136,687.8221039480588,6634.768370852664,1
82,45,13837.140168419402,0.4597872323029115,653.1504453510744,5000.0,0
83,61,39331.11297894893,0.32987735558852627,659.534431420576,5000.0,1
84,49,54003.406215927076,0.2429586348443633,524.2009228472942,7355.88547405488,0
85,35,44572.36452100548,0.2783045314416103,683.0848221616579,10862.196012688712,1
86,21,22808.96102799807,0.5959009103162051,663.5324077148974,12000.214352695299,0
87,45,26777.107981963265,0.3832595447338193,601.4812715367977,5000.0,0
88,27,41611.68694794439,0.5020087018127758,763.3119789366777,12879.97258022644,1
89,29,23168.248124703063,0.22953611014568703,644.8224722304786,5000.0,1
90,44,18687.356398497486,0.5315368271626671,665.7733732701856,5434.053306706606,0
91,21,32223.022803672964,0.4842029327795086,647.136661707584,5660.564371082848,0
92,64,22643.902635702212,0.3346377618353987,534.4576296075766,5954.578055193459,0
93,28,44612.92787288405,0.4413409821677365,579.1304034852194,5000.0,0
94,44,69518.53593945422,0.5440901460631242,630.6360509608295,26564.73853933155,0
95,31,133091.4415418345,0.18379679567242982,718.7483527808268,41584.7916790983,1
96,37,43003.356770962775,0.2711399533345214,617.952387396283,14230.641311459573,0
97,28,50160.647374302294,0.42860508972168077,664.4159692803266,24750.186452073198,1
98,55,26912.370461845796,0.35303723995464803,681.8314190276868,5000.0,1
99,55,27758.895125921277,0.4116933506788958,594.0346932106839,5000.0,0
100,53,69011.47839331375,0.45322322869677467,584.4860240497413,43625.37362060999,0
101,25,31629.202416175503,0.42479334562145005,602.4252450817705,12935.569401737765,0
102,62,37664.515218528024,0.3120746475901501,598.0037027416626,5000.0,0
103,59,66935.70662609434,0.32240700523453153,573.8790616217082,17665.707076349863,0
104,61,31751.219532534615,0.5833007051306709,710.3567956303157,16298.66960025627,0
105,48,76896.08307139954,0.36293035335673257,690.9802440434348,55106.759930273016,1
106,27,48364.17670939625,0.5532976678846878,574.1949398830841,29579.19470416879,0
107,29,45601.64573308736,0.5637237003387124,661.727316001695,9525.025540312869,1
108,28,26262.71223634211,0.23285767374011626,627.4547664314712,7218.40661484729,1
109,32,46843.28733781064,0.46032648690737143,641.6187122475344,5000.0,1
110,54,29303.93323408353,0.18796822959150514,652.3438172633735,9396.153414786564,1
111,53,45922.22244881388,0.5925750069742995,546.4485837752917,15650.150188298881,0
112,43,34512.866209986365,0.3782838205132306,510.5611523813092,16617.35276547952,0
113,44,58888.716774583314,0.3710025366312971,651.4001623159402,5000.0,1
114,57,35743.167593866136,0.22023134595134122,622.8191287130331,5000.0,1
115,55,100602.13661282876,0.2589813764931065,634.4169991903235,25645.674709220668,1
116,64,31641.553211568506,0.3839284847834191,604.5353099115838,15036.141046202729,0
117,60,27797.81276285235,0.3636488142850559,649.1520094151881,6109.045052669178,1
118,42,43176.72661942852,0.29223248507577637,532.608186834981,33307.486529473346,0
119,47,62251.35168545211,0.481750856838587,651.8203758695981,5222.831306769204,1
120,55,62009.89464942239,0.34963082051510463,470.9253737288723,12496.884069573252,0
121,21,39473.73220483958,0.1984004511679215,598.2889962730758,5000.0,1
122,55,43025.34245121997,0.45805719736558925,615.9907588953024,11140.486532362602,0
123,57,43056.52337984088,0.1761085727797245,520.956206931291,17003.020742971803,0
124,34,21185.316297065176,0.06148441388121188,738.4281761143003,7125.600398917233,1
125,23,60599.18486431628,0.36442351849794424,643.1189915988647,7717.1306812213825,1
126,21,19362.079823100663,0.1953969996752895,596.9039774688299,10540.366320894262,0
127,25,21205.17770286254,0.37671680792703155,781.687434104724,12219.111639669534,1
128,46,37328.5430516763,0.47245371526614155,665.4047491408239,5974.097184440638,1
129,34,30948.200458826206,0.4976755708360145,674.4100705216044,28392.398548618617,0
130,59,54072.3746611862,0.42464722929743415,633.0891580698024,5000.0,0
131,47,45418.57023158727,0.15109051306497204,610.9446863652244,13982.288825266854,1
132,29,38913.66267560964,0.24197719256187766,663.1903247970512,11985.427159905947,1
133,35,20686.42572383749,0.3508123174827997,450.08068412929447,5000.0,0
134,35,36800.99097385075,0.35226195090940937,517.5642615534408,12508.445609928624,0
135,46,35374.420933456044,0.2087135708202064,543.2920854006768,9758.078164925744,0
136,62,40582.546680700245,0.28063508508782414,481.0701640214498,15584.453588805116,0
137,33,29289.40124425241,0.4715537187636519,681.1899695738691,8781.413959657017,1
138,52,47165.06593260414,0.42556156363650016,594.6437923527387,21696.048592010367,0
139,59,30537.767680089866,0.3037319578121195,729.5641196262947,12843.76179712972,1
140,52,45006.25380606079,0.5044478616259279,629.579132844647,5000.0,0
141,24,54069.405485603675,0.15102357593982887,582.8406923651885,12968.29026618518,1
142,50,27797.524547883284,0.4733303574177998,633.6805334613176,5000.0,0
143,57,24684.252406750016,0.452689063028282,716.1660727577671,15635.910834676451,1
144,43,46082.24796924519,0.4620038515470502,620.8621294057225,22629.20664391246,0
145,59,18759.398509311835,0.3944692461949473,725.6690892862666,6866.445656322631,1
146,35,63312.14016157922,0.252012721880091,715.1224092240104,25766.965111868016,1
147,63,36515.10569297663,0.43879877313777377,598.2043459785652,10117.800385473633,0
148,49,34290.40303310173,0.28765682300481166,604.0534901529292,11340.026847443849,1
149,56,47715.32762778683,0.38078572306843933,600.1819971752808,7178.50863656926,1
150,33,46257.424519625405,0.24081508420188238,553.9576934785987,7740.99817194601,0
151,52,36434.04932797786,0.29826629119163695,534.1067223387558,15426.104649910772,0
152,27,56348.348170902624,0.328512647554382,603.3307682395506,5000.0,0
153,42,25946.859169154173,0.40995858565984117,467.58918604365334,5000.0,0
154,48,51853.52763048316,0.43507909592048455,558.4972577826039,13204.02721028732,0
155,22,21177.366325071875,0.6043549116794,671.1868431296028,5000.0,0
156,62,46878.97199295625,0.37221897004205295,539.8379600218038,23448.001068254125,0
157,26,30824.44588658027,0.20784056330467648,726.7982622268452,13305.009125449047,1
158,48,18853.55876234859,0.46999484457590934,678.4083626149554,7271.837957570898,1
159,48,41287.76171705435,0.40064514041220944,766.2123191110527,9170.685654162828,1
160,64,35695.74430162669,0.3214442800869607,781.0033401301417,19089.84468953797,1
161,64,16791.653815640697,0.2899287891017961,688.3281406097576,6410.82713749553,1
162,40,12621.62925408671,0.2572645363239768,594.9862477731749,6279.743031206163,0
163,50,33653.35669495781,0.25228149705823233,520.1902844183346,17135.79184692939,0
164,31,81561.52972618082,0.16693013759207745,533.0442013300617,16682.890952035606,0
165,48,42638.27078108836,0.49482648801405343,773.5956798223739,5240.081306505681,1
166,45,25999.91068077156,0.4152199341535736,531.5933202945246,5000.0,0
167,59,62375.93094073003,0.3639586208592361,620.9893962879003,19464.67932286114,0
168,53,57160.12443136646,0.256887592442192,720.335509719478,5000.0,1
169,21,68582.28464207018,0.5134052564166397,574.8362613015086,5881.505136399141,0
170,47,51120.90959238339,0.13690461529267214,728.4110303121902,8233.304361511491,1
171,33,56553.99709589683,0.3303510642760776,631.6399824701841,9951.096257615643,1
172,61,52341.99363832307,0.49732195511381644,651.4097638593112,21947.24073149812,0
173,23,28602.446247849555,0.05110573688416772,615.9912277814701,5000.0,1
174,59,16016.258320034272,0.3764074858285062,571.8109285648471,5000.0,0
175,26,27985.23425720317,0.2509764421393878,684.7421758710058,5000.0,1
176,28,63099.52296399684,0.3681741636772803,676.0887563689136,25559.179528761568,1
177,47,30016.26204522909,0.2938324050552103,687.8463893828487,5512.2252058154945,1
178,29,33768.05358931782,0.4390536934409333,707.1568284244365,5962.104274817312,1
179,57,20274.263107226627,0.5348815679311945,606.3201713644637,13152.831155702168,0
180,53,27569.220053045618,0.7269989561285926,676.0536529607157,10683.903335147326,0
181,62,36150.838292842316,0.332990022631674,699.5705379647768,5571.980012065464,1
182,64,46456.93757876177,0.4606959128120364,665.347715628594,5000.0,1
183,44,28873.21178585445,0.40132310959229084,607.8737085377358,19527.003111151625,0
184,35,27881.851915692907,0.41241222790224524,661.7290654421992,9693.955092897388,1
185,52,55330.9542671594,0.5713699921373562,497.02963189964817,11782.118218814869,0
186,52,42729.005880212244,0.24737099107288998,663.2000446749242,14498.506851632095,1
187,44,45448.55166749309,0.29625725022278615,558.9312281607387,9845.64403437859,0
188,61,77976.30621368975,0.3236789512025028,638.1436319899943,31324.918204442863,1
189,32,28210.874574300193,0.20227270340032352,607.5279527874591,5000.0,1
190,59,35436.24391488062,0.34977875977399486,640.2357523952754,7783.468708023755,1
191,22,47838.205966044596,0.44869548846053536,528.1632122820056,5000.0,0
192,23,23488.03259565317,0.474254293628577,686.2092068394112,6675.5435384022085,1
193,57,40722.04492430087,0.32242614326434943,700.5923296092502,5000.0,1
194,37,36720.785959440174,0.5213053893654592,568.3963345526829,6617.360108476863,0
195,22,145604.556046682,0.05,541.4898246466403,27656.47500140657,1
196,22,38174.947347003515,0.6988073085023585,573.1107066756291,13423.555846540703,0
197,48,64761.714543087044,0.4350884918937869,688.7885336474235,14479.60136830659,1
198,43,54993.573224499836,0.28543466388627975,632.1923508037567,5335.599644367894,1
199,57,20367.977139627907,0.41931524921802016,622.5168492116035,7791.582935802688,0
200,52,16740.531285411962,0.32708194995452206,626.3274939468835,12005.224749382241,0
201,53,41089.47572805056,0.05,589.8706276963695,9389.603187649052,1
202,21,68095.56267610498,0.35703585601127363,660.1130412710174,38167.59024507172,0
203,39,41938.41072747152,0.48672604229105787,742.9116270730576,5000.0,1
204,22,37775.87317421695,0.4945688381488404,574.2157478485383,5568.949212053978,0
205,64,31506.736954735883,0.38775466967989447,680.5287116688369,17612.811865752134,0
206,46,18732.577074342928,0.4936657446918421,633.0456431978001,6439.01662173619,0
207,52,22465.58004707649,0.4153159890096393,632.4740387008942,5000.0,1
208,26,16136.565995392688,0.3833863884241055,733.2778259524123,7537.603393454431,1
209,52,20920.330167579035,0.24665106031295456,706.1472636545884,5000.0,1
210,24,27917.133444664858,0.2979184025185823,637.4371863286593,8739.13405007178,0
211,31,53530.56139191696,0.3115457472651184,701.8571941536864,26084.721927142837,1
212,37,29070.127212030915,0.3928217701991228,516.5796710070454,10841.025990860375,0
213,58,41266.771575346545,0.4704729797749322,483.11758083920824,33091.5123227078,0
214,44,38855.87649883889,0.2578359295529776,587.6305756344188,7266.70565475825,0
215,25,46607.857311796586,0.14123587799206178,566.4489890743181,20454.33965343717,0
216,54,21646.358793784937,0.5659641262984297,619.928172282534,10302.589436641116,0
217,26,61672.71289683561,0.2047068678109905,716.7370372473965,15797.269227621993,1
218,42,17969.14694383681,0.42351425038159185,622.2247737745901,5000.0,0
219,31,29030.242163116258,0.38797753051831047,702.6452382802947,15449.652629277789,1
220,36,35937.88448198813,0.29834970112435927,701.0824376371276,7148.759669148354,1
221,53,53107.44603647883,0.4411186700630835,514.3158580375648,22769.03000080379,0
222,29,72377.7830821518,0.16885553086344682,687.2258382392027,27903.911361270915,1
223,26,53317.279990719195,0.5946094498213562,719.9524036461536,17335.723636971175,1
224,36,73714.7488861529,0.7452316701277377,724.8224249487547,41985.11147283664,0
225,49,23990.4721137539,0.5346372692381853,631.4292961898285,8810.50698204834,1
226,23,65853.32767318381,0.22848635997341254,644.7053622633744,28025.025130800477,1
227,40,60435.28275566545,0.05,649.2831874111647,23015.763751061477,1
228,56,10958.409939750309,0.42160458109869925,634.0920157067592,5000.0,0
229,39,32525.116266419664,0.15599413471249102,567.4178466006566,7279.033437002427,1
230,46,49070.76464448025,0.28802611607826795,583.3538186570642,14530.169509229665,0
231,23,28065.40806528764,0.5784232933738513,683.1798583714756,11886.661326018268,0
232,39,21101.246928423854,0.5935522974294025,630.1871660491969,8317.472611652352,0
233,40,104515.18062455243,0.6097498561961712,647.8871305405752,43837.08455083527,0
234,52,38388.763381681936,0.3647621788342265,717.29129611922,40509.69535015829,0
235,27,38917.63298782499,0.484489961478135,646.1759903422967,7775.445581865024,1
236,61,18873.28940692196,0.0512835913358378,560.8803228685858,5000.0,1
237,53,26737.423763774892,0.12512682051508514,795.3202031525033,5833.615546201165,1
238,60,23180.801309832623,0.30677065904344797,620.001543214833,5303.660474500671,0
239,59,62285.729346015236,0.47619451989454625,615.9531896797952,24163.461498018507,0
240,38,46738.18663395941,0.28603815799480653,660.8574234783276,11662.941027175606,1
241,60,27302.079586369127,0.47039875821625277,631.032172695557,12187.308968912615,0
242,21,48062.1440064714,0.1769667752796732,636.576872579749,7042.3825236778575,1
243,31,31991.960861100935,0.36530471251299773,601.0891015684623,13293.707749309078,0
244,48,40832.97966472548,0.4324823555587424,708.9030641557423,5000.0,1
245,45,40736.5883231626,0.4636106809495168,719.1496633183875,12178.103570312285,1
246,43,44807.62501910569,0.28226590034631527,768.2731265480774,6173.672881290548,1
247,51,42185.25206028939,0.35429937182371385,778.5971551679772,9612.524213728355,1
248,50,44825.1581029452,0.11888884730726147,502.64574736540203,5000.0,0
249,62,68043.61361414893,0.33423731836077875,683.7003328893511,32064.331714911397,1
250,55,50025.16093492739,0.5122518799987935,558.137934307268,11189.379429733322,0
251,27,30685.610754605328,0.31056638945240816,731.1046252989973,8522.915795178296,1
252,36,34579.75336837064,0.23781012199822277,663.6334856002645,13256.879995211637,1
253,46,67176.93873306071,0.46721411730881385,589.9362064700723,10333.289382495403,0
254,22,38415.30502293267,0.6927812932491358,561.5082676365394,7738.032444595764,0
255,21,30121.388847376744,0.6759905641280418,595.2104381681137,5000.0,0
256,32,26487.569565760197,0.38921339178511555,584.7121644587489,6230.930076897462,0
257,25,41627.61524771872,0.46557546465482946,734.1388030549267,25325.884132049083,1
258,57,23684.393277874402,0.5957944338786322,646.0359133991367,8398.601375710547,0
259,52,69036.98896613748,0.3861945047495644,571.3607616191027,5000.0,0
260,29,21613.87661161017,0.419197216917242,670.752467546782,8315.517140469245,1
261,61,76041.44980442553,0.30155487240396206,669.4946499813499,42288.97274927602,0
262,55,31488.725561524236,0.7051962187837727,632.1481436857028,5000.0,0
263,39,21197.347251535222,0.45781304943357437,728.8620550994999,5445.425628390258,1
264,36,39918.20918335224,0.3099094134205468,682.953451061467,10503.200964263517,1
265,23,22549.77621405424,0.2636999271720394,677.374197726485,7313.046085562532,1
266,40,36945.01039234854,0.07141864845786924,514.0231567204352,11925.246059275221,0
267,44,27206.963599361603,0.11292187307153868,619.646651753654,11599.873522958807,1
268,53,58252.17058144977,0.2410775724064735,689.7523789268652,16000.042012891723,1
269,44,38885.42594239238,0.489249093043884,669.8496443199298,21258.36844086686,0
270,31,20045.29183499677,0.39891698434096834,649.9332806260717,5000.0,0
271,28,26943.078874345265,0.16177955014386022,692.4037724202268,5000.0,1
272,56,51661.785304708465,0.21102236052745715,675.8014965056883,30859.48870278975,1
273,58,69116.31243697331,0.3922404556126936,700.6609704843721,14137.43657849813,1
274,60,35502.64913733324,0.6010213773799387,671.8787127178972,14601.16719289803,1
275,40,21542.903105989342,0.18470601440782933,697.6110467559793,5899.137796226565,1
276,55,61513.88221685695,0.41884052101427943,694.0901531768565,30081.61266479981,1
277,45,51548.67765644195,0.2831852090760312,644.1354575312522,19724.386454243857,1
278,55,69791.65963570907,0.2875372236643266,647.8230615098527,57755.65929878893,0
279,45,41986.54795641197,0.17398573410859183,655.4269459334197,12393.756018610593,1
280,49,27992.770016039158,0.4439743647564627,562.8986321406488,6059.4603810176795,0
281,38,47025.45090271721,0.2770565144254587,541.862097632304,26128.304639958696,0
282,38,42751.71590639983,0.2972705858163406,685.2567497908896,18638.52426772344,1
283,22,27243.306968199366,0.4976492424090522,689.0107809714921,5000.0,1
284,55,40107.526619295284,0.5054756776345263,648.2079301958098,19043.048938159067,0
285,36,32941.45110014253,0.24052721775830058,674.8884020305062,11217.304307148428,1
286,61,52668.29404708678,0.39454093178022576,695.9447274996387,16717.692520030185,1
287,56,46444.04135425858,0.48593998318479076,680.4950249211357,17986.80266608864,0
288,53,21465.543558653637,0.3224822219182451,689.2350013374418,9922.22812269649,1
289,24,20410.17255739313,0.4505607295060336,559.2738970081118,6898.796582511922,0
290,53,34720.807056299614,0.3022155793850172,765.2075994050367,8585.296454728717,1
291,34,36916.343405458705,0.2980754106524377,672.6345783530319,26496.02439867858,0
292,41,53129.541362616685,0.2101727368739451,715.4948903885818,15512.281309184878,1
293,40,46941.243263480515,0.6067991622219139,690.9201939443415,26634.316655518007,1
294,28,75308.088243087,0.27734604110791394,577.8419645201305,14123.604745786008,0
295,27,28750.293873559618,0.22982034428800077,601.9559346478163,5000.0,1
296,23,27941.18279439905,0.19319318253818143,613.257651358815,13803.50722828304,0
297,37,22473.519796646582,0.36267738460204374,730.4216444685877,5601.767381695587,1
298,53,52823.08327454044,0.1974574275120408,582.6232022523776,5000.0,1
299,32,36712.629099773774,0.24311749471971328,562.290206532086,9508.15498302753,0
300,42,14374.315419197297,0.4698435264578837,680.0474632185748,5769.8703025825025,1
301,42,40178.314503841255,0.4173074616552272,772.6931269345811,6457.681027745591,1
302,50,41480.7641335574,0.14820254284483228,591.0844771299751,5648.4317506918505,1
303,58,33786.8356781039,0.4587236001997836,750.3474213810804,11442.634690771036,1
304,58,42122.083316462486,0.3549182255629988,702.2455765331371,5000.0,1
305,28,19729.734660323767,0.5205741854087516,620.4912188775495,7130.56780315012,0
306,47,82496.8934984858,0.5626984224151848,557.4146698083946,41833.23008700219,0
307,47,43920.203651123964,0.10869889128582134,626.3898171894592,24601.22136753021,1
308,54,14960.228993458604,0.4646945541979579,594.626488741429,5000.0,0
309,41,36208.58231845312,0.5952217886237635,734.022371696596,23749.764379422148,0
310,50,44505.14590690094,0.3814473498741531,647.6583286783872,18579.249465920293,1
311,53,20817.181586875493,0.4532325578581013,683.6892047373423,5000.0,1
312,48,47420.74828816074,0.383745476291834,684.1404897222793,10227.162110513449,1
313,53,84158.97186840019,0.4969137115892885,605.208487174663,13491.76409192101,0
314,25,26312.923089995846,0.40752350964428724,655.0563898619954,5000.0,1
315,39,44991.07194899804,0.05,720.0842302827341,26282.55851352874,1
316,24,40307.7605750528,0.3318196898937606,644.681171693196,13840.019171998507,1
317,55,58932.323188626615,0.32212816804331507,631.3982637664392,25339.942440279563,0
318,37,34391.99276089097,0.4570676456962654,698.3224382303337,11001.947246119385,1
319,64,21303.820180625018,0.5265269514147414,558.9869089451063,5000.0,0
320,48,57073.26791928268,0.3158494777998658,495.76105154852314,21069.473804061927,0
321,50,21946.648186639304,0.16626857201917075,670.1618180798652,10780.33218311557,1
322,49,89718.35816704464,0.39593235196720256,721.7060270979919,43949.06048274244,1
323,26,48068.61145174825,0.23360777258378032,776.125832058334,24921.791765794183,1
324,55,26918.084654515147,0.259090844760701,663.7398133503225,8346.727143424137,1
325,61,63216.82773056027,0.7073137818853661,707.6955382793885,5000.0,1
326,57,36149.03319555338,0.2483411743631984,742.2676489238166,15753.586430455709,1
327,44,32509.811644271434,0.11526878107077211,652.1984035780554,10217.771613567827,1
328,49,25837.063555631,0.4405359647312744,605.1122579105274,18058.16328586076,0
329,51,14198.768297776922,0.4560575242887022,597.9100386827862,9641.105644704325,0
330,55,49128.583112249544,0.48178812398440546,629.3739608627837,25550.599236503625,0
331,53,16089.732572018154,0.475977718868915,751.4573047196819,5000.0,1
332,41,24424.764474849842,0.37184095517781274,715.2575811578228,5000.0,1
333,52,45090.293334400434,0.3734165797572754,634.6980484752505,18238.265474347863,1
334,43,28272.978360801695,0.49093397943842276,737.1909494824029,5000.0,1
335,53,39284.131409827794,0.5912891770710259,681.6943596813588,18732.20830690077,0
336,23,19794.360304920847,0.1608910279850955,634.8020775838855,9602.630350602929,1
337,38,30508.79596858564,0.25875619310431686,662.3927302270753,18677.346330115757,1
338,45,39406.76781460069,0.4441898620087918,678.1802775411712,20437.853105632094,0
339,62,22567.446850436765,0.3882329598504655,659.5717564666161,5022.411517549032,1
340,51,84388.1053576607,0.0814148083453637,771.8716568227351,24228.36639840377,1
341,23,26404.455492757523,0.26400986231477747,639.5162966226999,5000.0,1
342,60,72345.48998253544,0.39540262786862823,553.2316961282728,25570.922915949162,0
343,44,33392.85478970085,0.35188931688954156,671.8788462175487,5000.0,1
344,52,16576.846589434565,0.2961587082040571,629.5979261709791,5000.0,1
345,42,20569.18982650011,0.7016102076472184,556.0151243281302,9046.431749806408,0
346,43,39657.669741723745,0.3462662961561699,696.5069398044847,16787.538703097332,1
347,22,60863.43581610719,0.384657349790416,397.46341777555506,28821.255820142294,0
348,47,87982.09143350735,0.3699447344063963,670.194205948135,7754.247550829932,1
349,62,38719.9157030173,0.3817500093421229,484.15167602983564,5000.0,0
350,22,20158.43572669027,0.3556589689729315,650.3609796440501,8450.975716261137,1
351,46,41741.142007045244,0.05,688.7442321542926,5000.0,1
352,37,24038.035403365273,0.20146927510164458,701.2483584643724,5000.0,1
353,60,44183.01908262281,0.3027714025640204,706.5931316315371,15147.822110452915,1
354,53,22680.543554384963,0.4719079491744934,576.1738900269345,6682.3119831531785,0
355,29,12774.609938489264,0.3051092299728752,663.2828240002601,9934.930085941493,0
356,63,70152.57765855262,0.2252935657690308,600.9256915348716,26263.505984742253,0
357,59,32428.457504578048,0.4916484473183245,596.887802830004,10851.92497249196,0
358,49,37228.51083132966,0.5526639884424043,642.2864521200265,7012.201997391528,1
359,62,59775.47191312845,0.1200909314350205,620.5372390984277,27819.456360016648,1
360,46,92913.41850333978,0.3645390279445449,577.4630068210109,27313.719043834575,0
361,55,52054.1772858481,0.05,672.5346462754948,10214.425516363503,1
362,45,38234.77833795126,0.30328698777413854,688.3966842662726,9876.80932396893,1
363,44,45772.39403540562,0.6326651343831987,589.718048887766,10675.414747466337,0
364,33,31338.682570769543,0.3637919605039615,637.0933755756782,8899.33082585242,1
365,27,36977.214930432005,0.14283826959223309,638.2938339245147,27761.879684530548,1
366,56,39043.50510617515,0.14653211490229523,639.4250135896065,16723.884573811963,1
367,40,24506.34571076252,0.21010459720091135,646.0299897171766,6450.115555433672,1
368,21,36702.00972486849,0.2492485602008009,670.2011032516666,10593.20346192435,1
369,28,43632.21035764794,0.066082958346286,731.7488247119072,5000.0,1
370,36,47028.47031998096,0.3993892126733079,659.1114397839465,5000.0,1
371,34,45191.39136771285,0.43158059884670086,614.296701058205,20293.213133236295,0
372,32,18592.013596542325,0.2974688160665865,649.1574734132837,8274.048297348327,0
373,43,67146.32493731826,0.6568580967738489,575.5865668883991,25587.358008572926,0
374,35,64417.49996253597,0.28557889097565725,587.1981101749449,38474.44131633495,0
375,48,34610.96422246189,0.5304197679339487,680.2693145749814,11900.203533970785,1
376,54,45604.16584376719,0.1418447076963358,430.9157988692137,21125.14928102229,0
377,22,32588.77283407964,0.3949918050875269,634.8268804969964,9296.83968758065,1
378,52,52890.490152185695,0.4175075956259985,714.963578917452,5000.0,1
379,43,24169.9179003484,0.24341073606741626,678.2794250776626,12887.923309089907,1
380,42,71056.47750599484,0.37508334021099476,710.2387242237547,7532.179828189398,1
381,45,51591.06646249266,0.241885392696754,673.513964700503,18145.330645047616,1
382,42,52193.69054524099,0.30321271165511,789.4447451718723,8317.257595939385,1
383,42,34457.21063465891,0.3075637956729131,563.8357813821884,12171.690415932695,0
384,62,17920.323656127548,0.13918658410196091,658.090863072276,11360.619366522385,1
385,26,56498.38598336461,0.4284334457671363,700.9212779969008,23707.83180994527,1
386,35,18218.982655211254,0.4387974724286264,620.4660752927787,8433.893510275813,1
387,63,56839.47411313898,0.2939966454168765,732.5090897173648,15057.560461064246,1
388,57,24684.638142544733,0.38630540606668284,692.3198936671066,5996.894551915935,1
389,53,16423.61755988481,0.21203525767369527,545.5738963632112,5000.0,0
390,28,36333.659583192035,0.16215188065523625,675.3488510282256,16453.122549441247,1
391,64,65604.54625963554,0.2900097088554541,692.5701891350618,20074.25669033119,1
392,64,22408.555923622644,0.4536530705484812,764.284691642187,9821.827164163014,1
393,25,80782.63533538925,0.3386856745832612,637.4409575569188,21370.804845808027,0
394,59,50431.450228523405,0.2842262468123838,689.1266154630739,25369.41576375789,0
395,24,39276.4256321455,0.40034825743961905,668.0355620127481,17243.66022069777,1
396,26,29207.706418576978,0.2126201732396627,610.6450799443611,9419.754232746236,1
397,52,30243.946390272104,0.16606103702321037,625.5569564473046,13194.501308168008,0
398,50,45029.973030632704,0.2970916657580674,496.50162639867114,22817.005062296463,0
399,55,55437.99285307433,0.2224923731475482,616.9081154047977,37181.493614196464,0
400,60,26990.81470981584,0.1715677510030462,759.9793647460573,5000.0,1
401,36,24263.861379901882,0.4855917570000475,637.9251709114334,11558.899049107424,0
402,33,32633.2370957707,0.6804509694157557,709.1187205464364,14272.455747542663,1
403,62,72897.84364492983,0.11680814402749175,665.9473766968291,35375.99108653703,1
404,50,19762.783560590495,0.2876159375953826,679.7106582225828,5000.0,1
405,39,64295.107737090184,0.3761692083127964,789.6035405019402,20613.523006525702,1
406,37,37091.381454382725,0.09190923021279106,621.4043280791192,7641.034522523416,1
407,39,15892.942606092136,0.31658608966728374,620.9196520056416,5883.64869497816,0
408,48,28830.34620957594,0.3274839935712969,726.1111195456645,5000.0,1
409,46,49258.34315769591,0.4219941351289472,644.3642875997514,28205.810375985948,0
410,57,89402.77245846321,0.2340902876054328,630.9181774627124,29301.35297804366,0
411,46,18700.651434570704,0.2653225295524869,716.7629271605247,12062.565056477202,1
412,43,8869.837562239169,0.4957206203332642,668.0990399343575,5000.0,0
413,29,18868.017884360746,0.4129135433261912,639.4114631820894,6420.210099309276,1
414,32,63908.506523125594,0.4591960457987318,626.0816049363142,20488.536691768877,1
415,21,14811.055090191876,0.08688821721061371,590.9850727832408,6414.694458572214,1
416,21,76774.4318771343,0.249750755289761,541.6374027395523,34672.31747203085,0
417,54,66662.94123868804,0.5774397053360678,727.8043008787854,5000.0,1
418,52,39955.36044458343,0.33740894747070965,620.3051659487998,21479.895515306776,0
419,45,26550.858060917824,0.3311412187176493,530.7458027355797,12700.631850156613,0
420,60,37332.902184335755,0.3376620253891875,774.8289777186316,5000.0,1
421,21,49293.311234525376,0.5854991526109933,656.0670255362506,28992.41826785762,0
422,36,45671.88740580457,0.23806817230199706,651.5646758521098,5000.0,1
423,59,86667.10566092156,0.45071937261842027,538.884378621164,30808.40682940526,0
424,25,31886.843527209818,0.38959070890813086,690.6752341906081,7680.962874808527,1
425,42,18950.365789277086,0.14506859290984017,612.8224002489894,5001.56123192944,1
426,49,17350.20579059293,0.30520797807885414,612.9809993607706,5000.0,1
427,23,15699.03251156542,0.22493134054208344,678.9666659735362,6353.816900557343,1
428,32,40060.23443372856,0.159012906666207,658.4520965989216,5000.0,1
429,46,32299.778436585093,0.5294619783965692,581.9508511863369,15767.312608364102,0
430,36,36913.30379301781,0.1670070973374778,550.2989940171141,15026.659504171006,0
431,57,27763.298499690114,0.4623956339106572,661.5749861508319,7432.061062440613,1
432,42,20845.983497049525,0.22075779029307926,655.5016309597797,9914.7633789978,1
433,49,49373.44175503533,0.55361203876658,832.4216751532941,9798.162412858797,1
434,34,10598.503067461586,0.2870280663335798,492.64688879238673,5000.0,0
435,48,24323.596708580608,0.4003486362316772,660.3061474484759,5000.0,1
436,25,53811.64001930601,0.26505788522291246,536.386772145154,10137.106819906994,0
437,50,23146.08166479773,0.05,620.9670750409323,5000.0,1
438,25,44171.61688607733,0.09986883999676242,620.0645357955302,5000.0,1
439,32,24339.85604612637,0.06529084181283898,687.940235366029,6542.741574429332,1
440,36,28913.895251026715,0.3880736700701026,689.8978308237168,8015.8494010575305,1
441,46,48409.931014281945,0.3457006454194681,745.5358511083502,17398.22321606357,1
442,46,19169.50169054572,0.4392019650715486,667.259296780267,7964.624667099167,1
443,41,52714.14818662701,0.24812179293067713,718.9662471424092,13430.309477277584,1
444,59,37158.961514994575,0.05,746.2982014121375,14847.509469225168,1
445,56,68065.06968109893,0.5452879142672026,668.0631089028269,32605.862340316624,0
446,53,40298.72000723816,0.49849415820532994,732.2155778507598,20938.818509363096,1
447,50,21274.334875578592,0.4060861978196968,664.9106932437,8841.669679509982,0
448,57,86163.09312545233,0.5166311907309622,649.5146425724581,34267.731290096475,0
449,43,22181.824750342468,0.33476132599210845,604.8999501497534,5000.0,1
450,30,32416.471684907527,0.3897765429925672,676.7430719848333,14970.037894419393,1
451,25,58612.570339909646,0.2444548446417808,674.0045013841036,5955.630766595624,1
452,56,14186.358497462536,0.18939525758236617,674.9383794667978,5170.430389695164,1
453,54,74595.42744847655,0.11349780922212098,729.8112133067556,32272.77482790827,1
454,51,20425.876947994315,0.23708583389329843,713.4985526554926,7889.3168288116385,1
455,30,28926.120518912492,0.7492956934499011,546.7841074632029,5000.0,0
456,39,41958.19112612879,0.12195899437737162,548.116629423021,19343.185177328294,0
457,52,35566.05931182073,0.20935091296272015,658.6387151652651,21403.12139854754,0
458,21,53883.95486714523,0.36695930435654506,581.6646576339582,5000.0,1
459,25,16311.01971512487,0.7096183564586197,643.2913071507454,5471.958807100772,0
460,24,52246.36912001023,0.1925467621593825,586.2093766811073,13708.492980789682,0
461,36,54372.90255178733,0.2557055098978378,656.7585244519423,16808.894914021672,1
462,44,60755.50136935432,0.45072574137591725,578.69038538631,33830.87127610084,0
463,36,16402.181348410555,0.44224102725650916,678.1262679066261,5709.405331959014,1
464,22,17422.754889081352,0.24582176933027364,575.1131218760241,5000.0,0
465,48,30601.740798760482,0.22490277706099995,659.5074469882779,5110.555458915433,1
466,52,18390.455925939277,0.4171850801071229,531.9205830905788,5000.0,0
467,47,14735.518019812725,0.3044277803146857,570.873480928462,5000.0,0
468,40,29949.50187112483,0.3931238540343223,699.4067905811419,5696.2493438318925,1
469,44,40824.82702035955,0.3245985798437453,739.7441354132121,17766.465684907707,1
470,32,147191.50384212733,0.4026995861641402,713.7972755780413,53962.711101652785,1
471,55,47778.81297525985,0.4182222949079718,703.048374266902,15971.017010204723,1
472,53,87215.2953538948,0.057833733721300996,753.7112691278886,21128.339912135823,1
473,53,35522.602280116334,0.2805473296874062,717.5916043087877,10135.313515894688,1
474,63,48039.69832126376,0.40005463217519627,542.8425651288482,19598.33444353257,0
475,57,33756.59728245459,0.4715868035481352,716.7317471303173,15855.804392132812,1
476,32,138907.23404703534,0.30020294453010643,715.6254061277251,50002.758606679025,1
477,23,25776.140809999823,0.07331748930928958,518.8872622846995,5000.0,0
478,21,27584.59793022856,0.5373673738121519,602.8705661711053,5907.951938254217,0
479,53,54082.73830798069,0.47834772212676097,760.5316199334801,20951.535820023328,1
480,60,40285.079829172115,0.36581985323606675,640.9308726769176,6733.067975606477,1
481,30,29375.58006841735,0.2803230851504286,570.1462520137538,5186.117887207973,0
482,63,58699.622475268705,0.4400470687366561,710.4511618635148,25823.754266876054,1
483,64,35575.99592455266,0.28175728211037887,630.7118076584195,16302.361143609325,1
484,49,35450.81905746522,0.4814014925587457,622.9576599454842,5000.0,1
485,33,40753.261560656974,0.6195133462001114,711.1577459958115,5000.0,1
486,32,15259.227106759676,0.2768555272978592,678.2651121567926,5000.0,1
487,51,16372.739482523002,0.46706623972003275,641.7352842857225,7102.447780724944,0
488,22,62532.881807230326,0.25172810377736843,673.1662858562526,8205.662147101883,1
489,55,25887.594718326698,0.5041034419326406,637.7592317835879,5000.0,1
490,43,33979.89570430049,0.3130211341993691,713.9733585137205,5000.0,1
491,37,81325.85934303702,0.5671743998256474,550.7920467261215,24630.86893007114,0
492,46,34754.567181324186,0.3083499739044832,636.5238618421508,8790.358843410764,1
493,28,32694.285718536885,0.21534257007526356,621.0541017852977,12706.18324829893,0
494,49,56842.456253650846,0.2998477901324696,671.3935329041836,20946.993927928524,1
495,46,26926.53583769649,0.31654078422557985,571.1319120891629,5000.0,0
496,30,66268.1464247809,0.38545200544634933,754.989164750752,24554.815707399022,1
497,46,56262.243562695076,0.30066934700739456,598.0741424603631,15907.095216743292,0
498,54,90686.75527981308,0.38682298367282697,724.1144415801303,49551.055371732065,1
499,61,25714.967088739613,0.38946821032118095,692.3625769127552,5000.0,1
500,27,71932.77800749252,0.2858843027549208,665.0315265595002,29488.875733640918,1
501,24,47908.3961737092,0.39926062394606315,667.249863840855,15242.15378430452,1
502,31,18719.42077717173,0.26206381065954615,520.034173531397,5000.0,0
503,49,9916.06836731329,0.6499721100521331,614.7083400799042,5087.14139471629,0
504,56,24367.03708868764,0.39486850840045123,850.0,9264.983605771033,1
505,45,42031.4700532741,0.4418487311298334,664.9154282793172,9728.901456986467,1
506,41,45191.93706109144,0.32069842935055604,678.7526731726227,5722.665552883091,1
507,56,35258.413737843824,0.24191056832008548,515.7286692484853,18719.491440416914,0
508,30,35416.57879518984,0.47540005873341673,632.9656491804993,16710.409593261127,0
509,57,34098.31504735982,0.3994829486179688,625.0322258969755,10305.223638022564,0
510,29,60816.02284493562,0.05,598.1621288207734,18055.02791787381,1
511,44,17709.47614739266,0.6388473013811082,690.2140764955989,5000.0,1
512,55,41528.903296152224,0.46067376851798797,620.1140167909829,23846.882269863218,0
513,55,24067.661262810954,0.2928406113750159,599.2717450549152,5000.0,0
514,56,23080.178797973163,0.4408448637657052,547.0797195910603,11100.989509134497,0
515,38,65389.38935167278,0.4132465862324066,572.5922471390793,46034.261290479764,0
516,59,22211.566851976906,0.424292572456456,581.1691442434102,5000.0,0
517,52,33868.50762713889,0.2194203701239033,626.0307844581382,6792.155707029959,1
518,44,96688.4469256647,0.36067334133207063,615.3612871420113,13753.092877989116,1
519,43,55217.680729007276,0.3953109342158605,606.1248456507798,30274.283346195054,0
520,52,28926.54149649468,0.5347864273346663,532.1353566138193,9427.238091957826,0
521,57,30146.179291654997,0.3653908973566555,579.6062603813132,5000.0,0
522,32,19661.123738138635,0.4146790069096967,658.9460287842718,5000.0,1
523,33,69586.27448036538,0.21345894162679327,752.1357293418487,30108.57586061205,1
524,43,60214.94786984692,0.360092298958749,762.0451266542051,9217.356596994587,1
525,45,51190.08484663847,0.4800607374720111,789.9821818613179,5000.0,1
526,55,54090.64191899876,0.24737274094480324,668.4317329792174,22311.94941949674,1
527,61,24655.066485824318,0.29178607245782556,646.1169283175315,9217.213906999537,1
528,50,16748.161643985502,0.20541250015911552,694.3903896639661,5000.0,1
529,37,48063.10974415541,0.14668753314627864,624.9296871016111,11052.291884023494,1
530,40,56629.13796787327,0.22088790151977586,706.1929976122149,13244.514577519534,1
531,45,81106.90202208608,0.43434831944564656,638.7445623908758,21186.238001525966,1
532,42,32845.00300652347,0.3130835607098485,669.379550202071,18820.81449817103,0
533,33,30534.86305243843,0.22138557269603037,598.9569468724434,13674.988874178587,0
534,39,32220.877714858187,0.6768637764279419,717.5180593315322,13424.6756403367,1
535,56,50785.79216801945,0.24473357802393117,581.0456251529146,14310.331223919853,0
536,32,31538.21798184838,0.4436861752499556,605.4709927018129,5000.0,0
537,61,35379.2389456287,0.39994587006224425,626.471260081102,20807.56714340126,0
538,39,55024.0942533001,0.3872269331931032,591.446035243724,16340.705222378501,0
539,32,26557.88375144951,0.07536842103167127,689.6516162803237,5000.0,1
540,29,72807.69962784385,0.5405228092621546,659.0931805727247,65768.65879625459,0
541,27,49838.57211451974,0.39792198249218813,581.6720825271364,17231.3937597593,0
542,48,14345.472774727306,0.48784472427014297,613.5053329963445,5000.0,0
543,34,28066.245394031463,0.5208017643756799,659.8056359951071,13364.519919447139,0
544,51,13198.101215237446,0.6070505338767089,664.5756629136388,6506.4583432890895,0
545,39,32914.22785457834,0.20024730475796623,583.1575788572832,7232.535027771283,0
546,36,28306.435141460835,0.24218474537433832,651.1455929220765,5000.0,1
547,25,55128.79090300116,0.2626966204941417,693.6250473788574,13672.23727619581,1
548,55,23376.600572963376,0.22005706864185406,628.7677858242771,10202.36928574269,1
549,32,44084.675246668274,0.5482517801449849,578.1993132735547,20245.94393005981,0
550,45,48263.15947111083,0.19952023026453833,743.255583522613,8599.196317144348,1
551,41,41299.159436463626,0.29311202661038877,694.0101919467714,24046.35614133529,1
552,56,64219.47489079683,0.10527545662293096,620.9247666717455,5000.0,1
553,43,102144.56833605868,0.4598054042499924,656.6767279338218,18394.644821625014,1
554,36,38406.07661925819,0.33085438703113995,625.1143381171561,10598.320527442802,1
555,59,44470.87495320873,0.48249663642816204,580.7196690932263,10586.201304901953,0
556,62,23385.26782816049,0.45515019015784797,697.8049364162433,5000.0,1
557,59,21812.495943826296,0.10378375063556934,766.6176426401368,12079.043044451577,1
558,34,60895.51618749434,0.3777387929973656,713.4037267027873,16560.59768796202,1
559,51,56997.503810053706,0.1863925123197294,667.2162730318307,21385.070709593267,1
560,25,21702.65892035887,0.37116925267951323,627.8279722778511,7937.133709318184,0
561,55,18880.59074642606,0.2620880890366425,463.6602430765853,7041.549278541908,0
562,43,26255.521733720096,0.6250412987641876,759.8777718468851,6996.635027281338,1
563,49,33837.029031309765,0.7495141066214974,603.3483493996754,5000.0,0
564,63,29597.251928782018,0.31328285799130784,708.3463954918692,14219.860084963675,1
565,31,39350.24319636623,0.3648437891245728,715.896653252363,11153.217787340345,1
566,38,57442.01344883146,0.05,713.9186392404384,11862.507071860238,1
567,32,45754.80943210253,0.10335630707244871,552.0764635935881,9467.66215037282,1
568,29,47479.840947890734,0.40793019499124844,718.8096957456769,17137.695758968413,1
569,30,10659.766602662361,0.3451451243582187,616.753997407857,5000.0,0
570,64,16204.568537325775,0.41319335326979034,643.7379365526874,5000.0,1
571,37,24386.173630322282,0.23029600399332825,641.6202328823346,10699.555999517033,0
572,58,26484.188563454292,0.395399596693754,606.8787596404651,9024.6064379179,0
573,27,55266.04129771772,0.05,629.1032237073675,6881.24679934346,1
574,33,23401.356839667675,0.2586172115526384,659.859157722332,9595.029450787337,1
575,60,50688.98110131134,0.41998414523709726,584.181616760067,12151.991922384268,0
576,62,24524.971702170948,0.604485142412605,535.680997285567,11489.415826877002,0
577,29,19921.560298391392,0.3324535615023394,712.5569951295452,5000.0,1
578,47,20389.49651410315,0.4384741798901923,670.2220150262299,6726.709324358531,1
579,22,112322.92343392476,0.24959510185554412,519.5788198401673,47140.18698268218,0
580,25,24253.531527072966,0.41653796633974144,678.4445767511431,5000.0,1
581,49,51302.440566870624,0.27591327932946796,637.2701361838766,22729.79244519638,0
582,57,16662.247075799234,0.6432051573811697,558.8460432848572,10663.619915227937,0
583,58,73825.87080624336,0.30066977624506824,611.8161929830319,29147.487974293024,0
584,39,43239.96976568205,0.32452270618612195,675.848572227411,14729.369159912616,1
585,28,41647.20066435781,0.4661232136558769,580.5183451416558,19934.255731942092,0
586,21,44663.57902509042,0.42536682417553234,578.7827195052056,20821.41763069086,0
587,42,47192.95312472941,0.2951848824306357,610.3326370866732,15482.355294022489,0
588,37,54422.53696090914,0.41147379994041156,583.8780810275546,6083.197329586763,0
589,27,26915.32997724278,0.19178327393572658,572.8418223535132,5000.0,1
590,45,26139.57825896209,0.3839483806410238,571.6466969496402,5939.815589394004,0
591,24,37220.3874185867,0.43239125384574006,680.3071239163241,5000.0,1
592,56,51134.45832823091,0.28659902808676097,586.514019571777,29529.631481197826,0
593,26,35125.13541601241,0.29451186520757533,725.7479862556096,5000.0,1
594,51,53474.00344645575,0.25557320139687334,800.9633738691068,15506.006354573461,1
595,39,49459.94313466148,0.1346181638759785,638.6022027546402,5975.376785025175,1
596,64,32581.775239252696,0.4122814589006397,791.194729586821,13607.727696819313,1
597,59,15159.914435885776,0.2787203824750253,687.9633531124103,7549.553603589348,1
598,47,28232.696265264418,0.43346573290401563,661.3534293581077,5000.0,1
599,30,86803.18702956272,0.3226369803852308,645.6540084887398,37521.41345745172,0
600,46,43046.22534763639,0.4422193560517763,513.1213336849008,5000.0,0
601,39,26376.399589229506,0.09296280121265109,618.4756219013358,5814.617444362542,1
602,59,41164.26434979856,0.1780941015951265,571.2688624834304,34171.46233030709,0
603,23,50935.83764007994,0.2237144906571449,711.2669990426859,18144.03033341989,1
604,33,26382.790333858713,0.5295581178022009,769.9212778776753,12669.351792054527,1
605,48,67352.27412612415,0.4104672333225688,665.0193702884245,24440.867710024122,1
606,40,46529.83555131851,0.3104732931562443,667.631167927134,12501.395915102663,0
607,48,20953.178105965555,0.27836082752896013,717.3765316440547,5000.0,1
608,28,55724.9434401076,0.4394152755214408,658.295044993913,33221.49703462178,0
609,61,29590.046225738202,0.26162898221570424,734.2128707762929,20246.156665601942,1
610,59,33204.30405946067,0.46034013724903156,815.5450184492644,10319.580609983273,1
611,21,21851.299042794042,0.31784724330346914,751.0970425585891,11851.809737243637,1
612,23,49797.65663307804,0.543953619297396,606.4126553813619,23644.453331756806,0
613,33,33710.592573887465,0.2083053893180745,708.7625202550151,8840.249489211872,1
614,48,50862.36190546653,0.3308038430610649,603.2539717791755,15847.80740896976,0
615,45,27570.697569783923,0.21215913557542365,634.5349295834286,5865.079185352943,1
616,53,26037.637230894306,0.5942303253938059,765.0606365536873,18448.264173226253,1
617,58,25003.75929138678,0.3531286840722985,580.205542875744,11547.588122787285,0
618,26,44267.94432801334,0.19889788592525867,622.2562754252823,13558.813125093038,1
619,64,25843.776271284343,0.21468407369826223,729.9685318106643,5247.85105016314,1
620,52,32808.525213201116,0.4271074878872752,590.0085823992625,13236.607312628594,0
621,41,28023.15765240153,0.07722405204895152,515.7832967235458,5000.0,0
622,36,45253.80176246173,0.3232669416499493,545.5883363124799,6727.718991323377,0
623,41,15250.213420093236,0.22213564253861695,607.388585678295,5000.0,0
624,31,41089.850976464106,0.3260533159572368,647.276838602226,8863.499299663168,1
625,57,86307.4840427059,0.3651869148235963,628.7562089914767,22266.896779386316,0
626,56,67373.90490612994,0.33523276009474,614.1683897881478,29364.41216247422,0
627,55,26680.105092292215,0.31007729029025816,655.3842873403901,18355.438631063247,0
628,39,46504.338489957394,0.37483738776542797,615.21892902619,20594.21820283889,0
629,40,42204.52561855605,0.6124855958437486,601.2566987352832,11360.063584148114,0
630,38,75712.3092268382,0.5410829040231406,666.0899584637582,37948.055122578626,0
631,61,10352.077869050689,0.2993424616373037,658.0579792049095,5000.0,1
632,34,63350.221644191806,0.45875243050687664,721.1145055565139,5000.0,1
633,35,31768.83839421892,0.45140174461507543,791.3346036106208,17138.112143086488,1
634,51,25043.899158272794,0.2931395441624653,502.37834830036627,5000.0,0
635,21,24688.65204337224,0.34523473615950817,686.3467827511033,8062.312904915184,1
636,23,18959.242868095895,0.43062741374248903,661.1307425995129,5000.0,1
637,36,26713.939752677816,0.24044881487380385,739.4759197740445,5000.0,1
638,43,21165.60998576779,0.3139105341829917,614.4894523499012,5000.0,1
639,31,39739.80404841874,0.3203479260912083,623.6095608249146,5000.0,1
640,32,48774.78786203093,0.3095480057413218,559.6034177951614,7862.090470448599,0
641,30,31943.158172900512,0.3036448961443108,721.7595632499084,12256.841189916884,1
642,52,76869.28056050229,0.41632754321040316,659.5201358454143,28695.577168822347,0
643,36,27606.025891348458,0.35397346269178626,728.8449441201377,5000.0,1
644,28,31118.84268457188,0.44590049063651344,619.8442394240947,15373.202867793247,0
645,58,28667.795925331622,0.7280191415030702,602.9721009175443,22201.95586549324,0
646,32,48986.96086855229,0.26974585756577135,700.9051020932392,31626.487870268877,1
647,44,51523.16294325651,0.38265324562773767,626.2991155717408,10024.888928767805,0
648,48,46522.132309486355,0.4262871551451179,694.1879493850462,7821.443683837783,1
649,28,34130.465233655224,0.5137904722055213,685.7617641633703,5000.0,1
650,48,18577.167845247153,0.41516826355721576,657.4828645782752,12355.539300635755,0
651,56,30954.687159250807,0.186072384668692,607.4721699719554,6077.193758774887,1
652,46,76044.1869041195,0.2506373236235717,675.0422726815027,12029.358851955934,1
653,28,60271.759743368806,0.3719683930501926,596.8826808464271,28179.20227159418,0
654,48,42067.26645420393,0.2463711842243855,656.8415821990645,22177.578590627927,1
655,48,29964.660155332735,0.128535670779795,767.7962633233436,14826.312234852237,1
656,57,36069.0617389893,0.2290423034388932,736.8055565877454,5000.0,1
657,61,30031.37298811409,0.2298555574675926,614.4191052798815,11973.779816896182,1
658,56,65941.67011096411,0.19859442227310084,669.0843457589682,39064.145963378694,1
659,47,23873.3129435811,0.7290128091204154,612.4472575045369,7172.849134195935,0
660,37,57632.08029139108,0.3972943146371285,669.7219413048724,20689.714238816658,0
661,29,27872.580705745815,0.36733533352664755,585.8342877871193,9494.446193087653,0
662,53,70295.52466042884,0.4879258838066586,604.0978480223832,17296.009364590314,0
663,40,44953.68254492909,0.6197433811447524,781.1646064403375,17561.699303838064,1
664,33,24966.901833560303,0.4080006702932041,659.2871905306905,11930.235910115312,1
665,48,31111.84187096798,0.5026327607248434,618.5532824446732,17439.66333996599,0
666,49,51834.97032988516,0.2746970762092315,501.069175821147,14977.748770054344,0
667,33,28294.666082385782,0.21405377937429934,661.7330419212193,8869.490514788666,1
668,55,36719.684134309355,0.4863774686290967,803.010492501064,7310.659212235154,1
669,26,28100.08598904527,0.4835043480434635,610.0744553557432,17298.48124177654,0
670,38,87514.39508960108,0.46943065959277697,623.0942439177559,18691.584100588676,1
671,25,95371.5835273475,0.368837717114725,653.3486787885375,26738.134007060733,1
672,45,75475.39414059813,0.23306894349396612,605.6852511385416,23842.813045365958,1
673,22,34125.93793666568,0.27791634345320154,804.5950646256691,11662.484092408906,1
674,30,29691.725303033043,0.5232607510865834,718.6336719925093,5000.0,1
675,50,24597.945698513307,0.2613705802204864,698.7239239311397,10065.450736572582,1
676,25,78265.38053155602,0.3779379013042645,798.0027528104795,30438.12414570044,1
677,53,57835.719912645916,0.23436572862578964,769.3895015302753,19179.129559562076,1
678,21,59241.668954822555,0.32132299815254767,655.500287510213,22037.179236411917,1
679,38,32049.47339753043,0.18791858474034429,630.4606316286594,9264.731655473277,1
680,52,15078.893414544356,0.3388097476985186,629.757374842632,5000.0,1
681,31,16916.101439419683,0.27836934670458197,612.0573273025454,8777.187319084924,0
682,41,37377.2321299918,0.09401771509445107,634.6675446425375,5000.0,1
683,46,27963.70985221337,0.44822437568588547,614.1857982046845,5000.0,0
684,45,26400.79369279951,0.4413972188487123,571.1701910431902,14254.434551925318,0
685,42,43155.88996067289,0.3584196359919718,480.5913080659979,5000.0,0
686,47,60284.47669099424,0.18137548694414743,723.1963748100808,16179.065486156023,1
687,33,25575.406003324588,0.18344931070452455,463.72840819836784,16948.709309407383,0
688,53,18905.25410091787,0.6995861440294743,674.8425874350831,5945.58307173646,0
689,54,25881.000634510197,0.05,717.8169025694327,5000.0,1
690,61,21547.56333255851,0.1864059503732291,680.8037457562697,9706.5743080599,1
691,55,48845.44008937343,0.6724384637066784,639.6381773464119,19046.661891813143,0
692,21,36240.97351870526,0.7193931708278386,665.1613298540847,11753.051918772653,0
693,41,92989.755868609,0.6048705682251397,619.5559685756855,5000.0,0
694,26,52435.68027253979,0.4297772445996672,643.5131494453965,29433.698249551242,0
695,48,89942.69897569958,0.25453761056690605,627.9667343142941,58815.10542810067,0
696,37,17998.835134715628,0.09760371289920519,601.9039307529415,5311.14401047651,1
697,25,7140.732219199605,0.4109224928139393,733.251351343497,5000.0,1
698,51,41006.91599302031,0.23554233056652937,710.9883606831346,16676.948264104492,1
699,25,38623.26601960598,0.5677433366589857,639.5091651460035,15799.24979502179,0
700,58,34153.05409343858,0.07197578639391208,653.3324379368289,14565.719326991673,1
701,23,38097.28744133705,0.3800637990483492,597.7370551001758,11505.26780058327,0
702,43,20702.02721675096,0.48931167148662574,675.2312532074968,8467.424213853594,1
703,57,48126.553372640956,0.5018991693050171,642.7233525240966,21649.793621593282,0
704,57,52475.23484516406,0.4750444389560629,626.8922969641569,42656.2612756804,0
705,30,19932.874677151613,0.40106918854693896,667.9573441281394,7738.762135746639,1
706,30,30429.92534569597,0.36915805606090696,655.9355333736836,10211.338304896022,1
707,39,31384.4578187175,0.4861962883429379,590.751757371872,5000.0,0
708,37,25967.33157061238,0.4010920495447171,712.9675423880439,5000.0,1
709,41,20321.684663687593,0.4059248608753034,718.9657350986837,6605.8708526968685,1
710,34,36543.27652721295,0.3551564719491848,602.3392567149897,10380.280989973573,1
711,29,41373.78556445735,0.29223439529560985,850.0,5000.0,1
712,21,26766.568549644515,0.14750916757770496,583.8598046416655,5000.0,1
713,33,21048.944621794173,0.17338737988530228,693.1055940692787,8859.096256757182,1
714,24,44590.611997453554,0.2925195147743242,689.3839922926217,8222.189080821252,1
715,21,24744.035829765173,0.33192456042406077,700.4196050244833,5000.0,1
716,60,31113.504841846407,0.20484658988080828,769.646427851842,5000.0,1
717,52,29201.100792552435,0.19363965959808732,630.8251481756469,5000.0,1
718,54,67700.87152019786,0.29530875921533684,652.9698497940449,15227.13814929931,1
719,48,25318.35151189148,0.48530873701890564,679.7311273646766,7479.881064680046,1
720,51,86056.8402026196,0.05,532.1341528495263,29835.570144645182,0
721,28,52899.595381316205,0.20925061939448758,659.491597821258,11427.5251658537,1
722,59,90259.96971901014,0.37423929780975873,678.0558368973793,5000.0,1
723,46,50631.00500665895,0.5430037774675422,600.4034747727766,5000.0,0
724,54,32515.68203677486,0.6741246542472735,802.8228700624934,6418.238194679466,1
725,23,22955.591758617382,0.2986726463078185,668.3243581070315,11626.013984926913,0
726,32,30402.931224751952,0.2964843404693135,598.4058035820595,8505.736207649326,0
727,21,76392.55422456287,0.3293455686954059,609.9715105337124,29430.869870367584,0
728,64,35455.3913576217,0.3840665743286345,594.6479741434925,20569.665708764955,0
729,25,50536.93295365795,0.3432649805834932,597.0176136102896,13478.88197779643,1
730,50,40274.97843225274,0.3674832929425587,673.6444352096472,11999.671707106841,1
731,50,41143.884871014896,0.14954646150939654,679.9939203956397,12661.444398609448,1
732,37,41943.54565373161,0.10070124478125005,681.5562836341436,13113.347242687314,1
733,43,46521.541548715075,0.45729653000845905,697.3919924464569,5000.0,1
734,35,24171.904205904713,0.321082774928738,679.5900713997438,9669.044097648042,1
735,57,31651.722977141875,0.4750265409926872,802.3843130177655,10127.72666696451,1
736,41,42389.529565235876,0.38356639657152214,713.3975092243998,5701.102700674962,1
737,34,39408.768104469935,0.13504321683457945,577.6019967772114,10450.568461841503,1
738,22,28836.51365070994,0.5829834594314132,652.4041450148089,5000.0,1
739,31,44725.56125770907,0.3547036262691272,571.0142973992614,5000.0,0
740,59,24696.808944049528,0.2379128461987768,651.5383174612695,11778.806245993963,1
741,58,19702.42326490269,0.2698698774346474,551.5057542288564,5057.624741209348,0
742,54,42086.94531040705,0.16829786373287078,633.6412200476759,23824.93984579098,0
743,58,19945.4062219595,0.3999063799884929,642.449563765453,6233.813231722912,1
744,54,41775.36126116055,0.333322239717334,555.8877584763471,14369.745562183612,0
745,38,13665.907438580854,0.6527928579228278,651.0970982287254,5000.0,0
746,50,25273.358101702037,0.4279906932754332,623.8690592012642,5000.0,1
747,35,30829.01415237397,0.6437056119191253,573.4279714542538,11782.864812469314,0
748,47,16263.5618111799,0.20581121863556798,714.5880722686045,5000.0,1
749,54,30141.669542520107,0.30037884425341593,625.6732260742751,10958.774717875576,0
750,58,65677.377768488,0.48351701006846054,728.80322961268,8740.496614565238,1
751,53,19241.903167515036,0.43833642058935196,664.3656911278302,8638.727623371564,1
752,44,30555.909327590165,0.3476557463974195,622.6442567645969,11823.06612356984,0
753,35,85077.87858829183,0.1885281880443014,582.2931428284576,46329.54432135025,0
754,50,21355.60617495596,0.05,567.8486345631695,9500.010673582365,0
755,62,73028.9835209646,0.31701024442978426,663.1039822896515,21088.33797043345,1
756,37,31586.88747000152,0.3234158807943121,675.5149513981962,19184.62822103074,1
757,25,38213.955035219056,0.36920716979008866,591.2019088983167,14394.000599959594,0
758,49,69268.19378668958,0.133157935114456,565.41229834454,5000.0,1
759,24,28494.063045105228,0.21810713017030298,698.9482268889234,5079.488495629051,1
760,30,49787.18181965134,0.40877840806866533,702.0596782949985,13456.571829431023,1
761,37,56517.10153453816,0.4377559933157181,592.1222073693556,31735.883840763257,0
762,30,26228.266871138512,0.3801439925501504,637.0731216848561,5591.78998597522,1
763,37,24817.018247036485,0.2980167689265273,686.1796801043259,5000.0,1
764,40,32393.026663332,0.17194033990684202,572.8533009080523,5000.0,1
765,44,32903.763733976346,0.49308372406487677,588.6284251078407,18373.09233569024,0
766,25,21173.930497540638,0.4590462246257465,707.2689096321263,12448.468741714652,1
767,54,26349.37279041702,0.26387853932201877,587.6255400536389,5000.0,1
768,26,6415.985705280658,0.4749826967058261,654.824448403072,5000.0,0
769,22,30725.97473285886,0.33963828175736754,656.8792797466531,15610.165008084054,1
770,33,56794.63182676173,0.24765161481302475,566.1862103039592,31746.40961045153,0
771,63,15782.475101089065,0.4890089947192458,718.7546215381645,5000.0,1
772,63,28808.55683231888,0.36502508898282626,540.9006111881714,7303.667178864273,0
773,31,123150.98524986714,0.28578407775900944,669.4792661518121,50662.34533461872,1
774,43,35908.164762679524,0.1576532717181248,617.8438018855891,5000.0,1
775,36,71567.56044725153,0.17154282861735862,657.2300603205265,8502.958606950278,1
776,51,21895.629707479486,0.4770511604242721,633.5719649431564,5074.095484669051,1
777,31,45451.86818249213,0.41793703866895565,570.7777941703623,5000.0,0
778,36,20108.35913543891,0.17455352057990267,629.0464058495086,17744.923329909783,0
779,28,44379.472368675575,0.17170773770068123,683.434284980664,24366.846287896067,1
780,24,55332.9647431434,0.6653801069815403,633.0122692659206,13234.82494692633,0
781,60,49142.91294286423,0.41969378085170767,616.6467483545866,16018.813011099299,1
782,24,30562.570016231413,0.5314313479416892,511.15715227387597,5000.0,0
783,45,41667.085643465565,0.5738382279763122,587.7836110690688,15848.456302600704,0
784,23,41866.696951208185,0.2107744171371431,598.1074546019478,18767.569244765793,1
785,52,50665.21339358435,0.6114138400992389,708.674877031874,8435.468773964474,1
786,23,34136.29701961372,0.18832724522736916,622.8426130967647,7174.311583429004,1
787,47,57847.724659379455,0.45938006694933126,685.4987939083278,6817.392207354133,1
788,49,74406.80633603036,0.33260296872640266,595.603074393397,42930.25822559213,0
789,52,30979.044674452212,0.4585237510909096,505.49170769989246,17559.495493167,0
790,39,37168.609893258516,0.31839382283912604,718.8339451406222,14060.625685231033,1
791,41,23100.10883785278,0.43235339518076416,596.0481351843051,7550.10499272438,0
792,25,43050.480098698914,0.5542851200974442,715.3123750573517,5000.0,1
793,38,43188.03912935488,0.5179477512952786,634.7356769017554,6759.051138553195,1
794,48,37383.81712302552,0.34071432988469774,746.6006890511727,9040.082030485744,1
795,62,38820.3482335626,0.20696432246930713,850.0,6441.46855302906,1
796,42,94931.7218237973,0.3053670583307606,681.0355401318309,39186.834475284166,1
797,41,8575.277199365422,0.4166255763206291,554.4400820143095,5000.0,0
798,26,28329.8574493429,0.44780019032116425,688.4854555472601,5000.0,1
799,21,30581.12173995375,0.5105029647175772,676.2920125428279,5320.523872546838,1
800,25,75241.35606741894,0.24034146634720802,563.5947396162234,5000.0,0
801,61,46057.43136459475,0.21014860519220374,603.8193554978343,23034.46021853333,0
802,32,46622.70429387752,0.1970328498170837,619.1673392834222,24610.86227358979,0
803,46,68181.46927844545,0.32044100759747196,674.7599478066929,5000.0,1
804,54,33190.588941341404,0.382132896371491,585.9008666809883,11881.415330470707,0
805,34,50320.270548209686,0.4054936077779307,577.2926251044006,11034.86170241957,0
806,46,27850.802385874307,0.13784343115761682,567.9091300477216,8296.564098422663,1
807,47,21447.1454678229,0.20699541246080078,518.934171440714,8726.721763122794,0
808,29,89061.59550422426,0.24461675872923228,693.9789769637167,5000.0,1
809,46,43674.3330825926,0.6136405238067093,655.7895004940648,22442.101330071393,0
810,42,50127.813736995886,0.29283557859027404,705.2581669770391,20265.29024909768,1
811,50,21160.94738921817,0.1284898345717818,599.9862887664057,10947.139920062968,0
812,63,46872.026328306034,0.4072230485239766,597.8022816964534,5000.0,1
813,37,88354.85016716707,0.3337069001072642,673.9801435583109,25910.982378572855,1
814,46,31611.459170184975,0.17376361982170516,712.2593822713667,12878.002387478167,1
815,56,19382.003878652642,0.2789528203967508,718.9356496376122,7502.9415604116275,1
816,21,39814.56570574395,0.29879281457796364,571.9004430312682,18744.19602032285,0
817,28,21634.65156541633,0.3315303470299891,716.2413538078388,8462.304191886242,1
818,55,16665.57763595312,0.4894956490591874,755.2818595370284,5000.0,1
819,35,25150.100024307194,0.434078727530318,679.5293153846483,13340.90667255917,0
820,42,28387.412458710944,0.3687549307444243,731.0389420538904,5787.017239529185,1
821,34,22167.33532868081,0.4979163060621875,686.6417878447548,7543.071209369117,1
822,46,70490.51149853857,0.2885290168097116,571.5002511128106,43053.84569506672,0
823,48,93414.79368626894,0.24123039988438988,715.3899851446254,27853.555926037025,1
824,43,49466.15652235427,0.39631084210542905,677.1669759955413,11376.846287504068,1
825,34,44006.72517255138,0.38473103910323836,578.5840512993728,5000.0,0
826,44,33825.69310183053,0.1286139001831024,610.241320513118,5000.0,1
827,22,23198.284082165832,0.5739851544242733,678.8742324322354,5000.0,1
828,46,80939.32796662739,0.19718782990787329,817.8118547726057,23692.39977714276,1
829,34,35191.97143910896,0.4294207982134093,775.9814840480427,25973.665307866482,1
830,27,28816.61080628745,0.4329142516031618,510.0191436578965,6870.227100207243,0
831,23,60317.54558810429,0.05,650.057662927148,17742.960974372927,1
832,43,35003.65995193583,0.3840828353640851,754.2054786701208,15348.951864460732,1
833,63,59198.24182598803,0.5956121779048567,621.745206899689,9448.700817024828,0
834,38,29588.044205229016,0.24348076687470596,614.6333104670119,17002.8043722548,0
835,58,60404.474525489066,0.06531917660927707,612.2928087769287,12217.021175798996,1
836,55,59271.48495073677,0.3324222153116892,709.1389009437921,32316.105871882948,1
837,35,70432.79072117952,0.419907687330582,676.9143841601542,29590.66757290634,1
838,45,25470.789893739886,0.3369149536759344,687.3116482803363,8079.833744974336,1
839,57,34838.56639290333,0.20745045649864344,636.2385652905007,6211.073159763095,1
840,48,96171.18306768964,0.19545703961209834,772.4429394576399,47022.53160072582,1
841,30,32105.863643167108,0.10667516461878308,628.06270267487,8916.293163824277,1
842,59,54475.8573998536,0.06875714016887298,711.5932752190741,10818.55270226548,1
843,37,114151.58177073135,0.298541970830053,504.68551311278276,70558.04351821798,0
844,59,14407.14296864298,0.413604705219956,647.3368463859506,5000.0,0
845,42,31578.196618893748,0.3738741192625165,617.1042568004144,19030.134197578664,0
846,46,36349.47689034233,0.387633637488255,657.2277704702863,25658.830626413834,0
847,64,14773.062062115612,0.44477421766545655,536.332514134141,5000.0,0
848,45,28912.068757955953,0.5462338970288416,764.4623628439806,5000.0,1
849,37,22343.916296135456,0.3541461768262389,661.6801320903078,5000.0,1
850,33,55761.71123045671,0.4017112388563605,807.4558606293074,26453.771719234315,1
851,40,15270.472220194688,0.402709795335094,704.8993018164894,5000.0,1
852,45,93401.37175470321,0.37209641074697075,668.5437556521871,25716.10587190171,1
853,24,51274.49359462298,0.3528850894252098,651.1210935270973,21905.795663475954,1
854,30,21441.620811666988,0.3650470282045141,696.5204516934881,5000.0,1
855,23,60670.30981212449,0.5842281958169867,703.0668033923764,5000.0,1
856,61,48946.82759456962,0.564868473142145,685.317957575673,17955.64444938128,1
857,38,35618.348365999955,0.09393234137717195,808.4220463538386,7942.621151798599,1
858,56,25318.017077383975,0.38279262603215,731.019390776543,5000.0,1
859,42,47754.646066795925,0.35104939197840845,605.7073851798573,14329.660117275684,1
860,54,38617.475373070425,0.5390258486809889,594.439208749676,10638.399836689332,0
861,28,25729.14677110956,0.3446319331037833,681.0028106506702,5000.0,1
862,60,18552.73419168233,0.3877236075466702,663.0635920161553,6155.168036029372,0
863,64,23734.987149779885,0.25251183632046115,669.4894050519443,5000.0,1
864,39,28235.94447864846,0.4720156117804144,536.4447861683159,12531.042960638611,0
865,62,64941.5973123862,0.1634124470271923,712.3961336982461,16923.888452419356,1
866,61,55847.46839817283,0.30419758676431885,623.8546595615209,37304.080236151436,0
867,57,28997.53869681059,0.19186620709956226,805.835527475137,5000.0,1
868,26,29566.67082150038,0.30486327637930494,666.45295199468,5375.35064168137,1
869,46,59615.81318607693,0.267656633127302,642.279517996126,29014.31058171949,1
870,54,41509.324789948434,0.47553612041970494,684.4507504109281,5000.0,1
871,26,41221.17583757968,0.3171626973229652,604.0295563976598,12638.104438462142,0
872,57,25547.9484587851,0.5737728100070427,767.3216685263482,5000.0,1
873,53,34142.23880825694,0.3138619572300861,816.239175056892,5000.0,1
874,42,36392.967470878066,0.1875856228920286,701.2238098093359,5000.0,1
875,41,34696.848015227755,0.31359424764319327,696.7061024878778,9223.503797499116,1
876,26,52419.500914204895,0.4215230348268334,608.8626977383639,26117.003302380617,0
877,26,53245.94442870679,0.6029824996168983,649.3883059530211,13077.55110390806,0
878,24,22937.332048875076,0.2532745478677325,688.0962110845888,5395.875208101258,1
879,50,28279.50855765554,0.5988048735846355,569.6111835871014,5000.0,0
880,31,25753.17587375467,0.32151223337005486,760.4522053209855,5000.0,1
881,50,72712.08516445252,0.28321932396844984,542.5852148032658,36622.74685941801,0
882,51,112055.0183448877,0.4663491686550195,505.1619871003234,37561.66312113764,0
883,44,28801.6890631844,0.563503669220731,772.0241608932058,6775.542315190079,1
884,29,33404.7163547387,0.4335686220942475,704.5067875252404,20729.485859496508,1
885,23,55334.807262984985,0.13776398628647477,583.964511408365,5000.0,1
886,51,25498.998615247543,0.39995535263929705,660.9053992215553,12861.700397918003,1
887,60,55963.45479790139,0.6761995982171206,666.5237034698911,5000.0,0
888,57,35938.53397014173,0.05,657.2240512312751,11735.502744857997,1
889,56,15186.013952171845,0.40601283571917884,577.6710892699549,7485.95751897083,0
890,44,18954.24526225298,0.30731527844485795,672.1115645046898,5000.0,1
891,51,30671.00320960467,0.20962416910123993,731.505009053528,16783.33023411178,1
892,26,66934.79914010846,0.5050079232708082,529.1320468121747,18238.499532679372,0
893,22,23242.381985936383,0.0893309712639349,616.0987324968034,5000.0,1
894,40,27804.40385952636,0.2974687178565581,568.7566047600361,9574.57356657011,0
895,48,40358.69392809576,0.5001691329659909,596.5580907506755,16325.589209925198,0
896,31,15766.102800167611,0.48302053716747345,676.4963619369671,12211.163725940169,0
897,24,42162.08517190358,0.43946883094961264,559.2766714579344,11029.953597405824,0
898,35,16783.137766208645,0.3759166628779027,771.5447894495545,7875.421356536466,1
899,26,48223.035689006,0.3314006335021685,654.8573819276182,15625.368513994392,1
900,50,24236.40108043351,0.2794698232128135,622.9256251366645,8993.584417786029,0
901,58,22674.028508379313,0.2043021944230848,517.2606085021339,5657.195523555136,0
902,22,41622.589357230565,0.47198893503064426,659.9316745830763,6168.557826717871,1
903,35,54013.82194566685,0.38164421694154865,653.8671150029127,20355.367719169124,1
904,31,43832.46044926533,0.47643891492151647,557.273992723625,5000.0,0
905,28,40288.51621671868,0.23280765586561603,580.5537155656464,5000.0,1
906,46,40574.74487842234,0.22953903695640246,770.4740427120935,13042.338078991472,1
907,64,43965.51888096963,0.4244929557373539,622.7103818919401,5936.195121593029,1
908,25,45434.09521163954,0.05,653.0635340645067,10993.225420857074,1
909,26,29817.760203957547,0.05,688.7005295545894,5000.0,1
910,46,50375.05919778206,0.5019720581039516,639.2067531281649,24717.997042664127,0
911,24,24365.047076436607,0.2439218169473415,744.7254565618216,5000.0,1
912,39,62673.66558725496,0.37895571120124816,598.7741112329782,24153.84556523068,0
913,40,53702.875384263185,0.4069473039172032,620.2112982287507,21765.529287885358,0
914,53,108060.92876826909,0.5052696295375793,621.188809412105,36730.8991504216,0
915,40,46954.02571330077,0.2840051968796627,594.4344369671243,23747.44698972126,0
916,32,57213.76774646499,0.2922039767329498,588.5434003777816,5000.0,1
917,21,16642.764826201794,0.2576893248177661,652.0638954367681,11522.766888623657,0
918,46,58153.90857928446,0.4431652081613313,744.48094459963,7002.216523426647,1
919,34,65396.761062596335,0.44982417131313457,567.5363154407719,28264.01335783405,0
920,58,77061.62047433274,0.5417355384607864,636.8222111490953,51201.26890989767,0
921,57,38570.12053022244,0.16302476403454186,703.4413065212699,9942.393675568019,1
922,31,30609.1208936241,0.6850643712646437,788.5519756995128,5000.0,1
923,56,21062.355201433344,0.30313303600309777,715.7456943198035,9663.24356920463,1
924,33,22048.10682839905,0.342746403751219,635.5734796226918,5000.0,0
925,63,35853.50690000722,0.3745141116853276,610.7508455649344,5000.0,0
926,23,15127.673103484485,0.21338183252603457,729.0478634487887,6632.165565462078,1
927,53,24732.926608684727,0.2882570999707138,711.8043752890046,11145.861535899301,1
928,26,37977.9506930033,0.5690902201624192,651.1237934685398,11162.437977412548,1
929,30,37556.499309462844,0.5714285417809468,635.46219937443,11761.17895549803,0
930,25,22366.13186420652,0.38076651031652,791.1972632354824,7456.785786195611,1
931,43,19595.757050537424,0.5065680576865295,780.4691626491431,5127.246503107355,1
932,30,21115.10144597209,0.4116268739158125,677.4353139562594,5163.494445699751,1
933,64,32518.808389385063,0.34142741319993963,664.4417445083926,5000.0,1
934,22,105334.74140089763,0.2369361434380839,569.5749286298034,16208.229476447546,0
935,33,61708.04207881102,0.22078172634900936,653.1360210346007,18411.466489097736,1
936,60,40420.69567398047,0.23634665216052073,734.5715855653925,29168.27676197513,1
937,22,47903.57343845555,0.5922285754802293,514.8090050229423,5000.0,0
938,40,60350.97830643795,0.4809856351036422,692.1543030107673,12130.543053168853,1
939,21,50909.72908662345,0.5661468456385916,698.1737698113367,5000.0,1
940,57,31128.996069041394,0.40995188185333925,698.3676527010716,5000.0,1
941,29,23794.408538819844,0.21792554269113776,604.2672322438001,13731.416888664655,0
942,37,34110.581212900775,0.4404981913775591,627.4508543872494,13850.036993834428,0
943,29,60001.259548323666,0.5404611982318387,606.5656128610199,34264.19655857775,0
944,31,31723.227246864542,0.44596271811626814,789.2358592495142,5000.0,1
945,35,20903.297182350172,0.1524814161622591,759.0457630708231,8913.324130276267,1
946,44,15340.873310987012,0.12886357852542416,676.0887618032767,11162.58862979251,1
947,58,34183.03061830213,0.4454592750007512,652.3322108495087,16811.50751971667,0
948,55,21745.86446137481,0.3031220300237535,649.442345488304,8982.592715492174,1
949,50,29194.688085037247,0.39685834121774965,628.0690755914826,5000.0,1
950,51,75215.77519195323,0.241475868541261,518.4585338261003,44499.486938130096,0
951,25,35350.75908053138,0.3690109432479431,652.8135324217495,6049.3887627979775,1
952,64,24953.506006887645,0.1849574350095996,791.9343500157255,10003.349362581863,1
953,34,42377.61867849452,0.38706835986582705,670.5360023315602,5000.0,1
954,31,94890.35380488705,0.45925163379962797,606.7305240477212,26641.336772241142,0
955,29,34188.74843515582,0.46756172128313916,668.1370474610189,16934.542962335112,0
956,54,11183.970744935797,0.15399705116290277,634.5626012539518,5376.313670476796,0
957,32,50263.69309801085,0.4203428003174033,580.2966201230553,15254.342410622667,0
958,55,43183.55500005289,0.2618618593433645,571.6274441848002,31543.97415754623,0
959,55,37989.35157573344,0.579048709288638,652.5217691089803,9803.000807187038,0
960,21,32546.05267408238,0.49341336897859456,547.7121972220638,17221.274496620666,0
961,60,24254.6568397355,0.3538784070309643,651.1808203850024,5000.0,1
962,42,77457.68854274189,0.6773040744021008,644.03323289868,5000.0,0
963,49,14484.658483098814,0.24084573862938166,700.411695517348,5000.0,1
964,28,31117.307654582906,0.3414519154827042,638.771126260356,5000.0,1
965,31,30755.67823410249,0.43119898300023285,576.3618991018487,11201.269135409744,0
966,61,55643.51962848627,0.6551730572429888,660.7849588550664,17882.869217447253,0
967,57,67361.59468440467,0.569541559024781,723.1080435173145,28519.403483284117,1
968,34,32423.316725810455,0.4702610260257345,613.0050738910758,9636.2910821405,0
969,50,39993.928182414515,0.21838585792261386,762.452581379921,9612.263104805648,1
970,55,41730.74420497648,0.21816674948390935,658.0503941584077,13155.117042918524,1
971,41,61492.0464678188,0.4543079047510488,624.9746620878315,32345.28047353077,0
972,57,60862.05711679783,0.16212927545264988,606.1869647859171,30738.764951615296,0
973,25,27744.509056305993,0.39805481597486714,663.6990074026286,15416.352782720644,1
974,39,45204.44495592559,0.47063415493073785,643.4785353804294,5000.0,1
975,34,43985.96550552335,0.12834330210240116,559.9850381268968,22607.150924719033,0
976,46,34270.66524563548,0.4471788392281104,761.4171656889785,15059.520808050998,1
977,24,43778.18298992624,0.4843823420805929,626.4458141017963,31054.31810058677,0
978,45,36683.92330334754,0.295507833285615,760.8289734778723,7149.168028629407,1
979,62,39298.64424019157,0.3265005297523179,573.5892944689158,9414.057384912609,0
980,45,18434.825485446978,0.08185469550923427,717.3130276434387,6508.170612255709,1
981,38,22948.762993385597,0.333551540297515,744.8965596308834,5000.0,1
982,60,54659.46954391997,0.12115566731364659,739.0815179951078,5000.0,1
983,28,19825.13907459535,0.24650675063123342,678.0126745649995,7189.6938217669995,1
984,59,45938.30614784533,0.28966297006010383,719.7497511336287,5000.0,1
985,60,34866.68296831636,0.176622861859248,682.7908007047283,5000.0,1
986,34,60798.92364953549,0.16295199558845985,577.8617869610069,24827.908127369315,1
987,52,50231.63422468668,0.17031812324044596,678.9134002244443,5000.0,1
988,58,28951.011292417294,0.5331068217825722,573.6398987629844,12726.592650707185,0
989,53,32479.871112749803,0.3394928868558508,564.2279667713594,5000.0,0
990,43,13456.682377886975,0.5399506785348331,669.5889947802495,5000.0,1
991,35,34023.30270126235,0.2892715865117778,608.6348812478954,12657.902002925617,0
992,53,19243.44243008459,0.2924917755617532,761.2749516830348,5000.0,1
993,45,32553.716554997398,0.2864675377171269,767.9154078926919,21048.239810660736,1
994,37,26397.930159779295,0.05,841.6777004126603,7363.416901864637,1
995,53,23427.95857571501,0.42598241525028097,554.5150162658844,6945.143521557269,0
996,22,65766.2623816308,0.3339608607635359,570.8902328124194,28049.512101835156,0
997,34,19185.20238009127,0.3577106072884683,710.809192162282,9864.948623742306,1
998,60,22437.017555485276,0.05,627.876347056076,5000.0,1
999,60,25614.003133077622,0.3457054426308615,599.3744069414661,11229.733760134994,0
1000,59,28550.820980773424,0.28421723252699554,623.1821460163567,12857.651954904817,0
1001,26,23426.20963164758,0.36884334659825596,644.9285500258038,13902.111767224531,0
1002,26,30346.174846923263,0.33861073716531226,696.3594389362805,6258.107917581927,1
1003,23,42238.06714306124,0.27719084133591204,523.0837365452429,19026.157359509605,0
1004,27,50763.322715516035,0.43446702907689844,678.567991624486,21024.882748685908,0
1005,28,49545.859722808826,0.5037044606159348,636.5638699421042,19094.024011028738,0
1006,62,13987.211276002243,0.2888304667695499,594.5152393196669,5000.0,0
1007,35,43918.80849169825,0.13274661076689043,747.1955271441343,24217.619492478516,1
1008,49,45294.87843985066,0.14261923411497474,619.927015566742,23005.121552755852,1
1009,53,26076.777026832024,0.41342377080894543,625.9733142694502,11265.043079512037,0
1010,50,83603.62029953925,0.5443719763794872,630.441395518635,14898.702241875177,1
1011,59,62556.98097029634,0.07796022058039849,759.2885192834059,39382.925257150746,1
1012,47,33139.718889449585,0.19732055877301305,657.6078736958711,9557.82121542716,1
1013,56,26957.47349026784,0.30012469857222235,645.1404621897808,10710.120192120712,0
1014,49,82927.51819320189,0.05,711.8673537390463,5884.865158146545,1
1015,58,35971.89186962075,0.33550057673528133,493.66473595802444,8534.802608395721,0
1016,53,37892.880689837824,0.4044681197502551,664.2088504804861,11880.136877871162,1
1017,57,37655.27382919014,0.42196974859954556,665.2498362024118,5000.0,1
1018,47,114869.5293175256,0.2900321731611438,707.9092381705422,19307.65834831555,1
1019,53,32589.40022290287,0.29653009960994275,670.5566155857673,13269.781905495209,1
1020,24,35888.74485744919,0.19680987090329546,570.9260032685535,18273.63978262792,0
1021,42,23967.85097184041,0.08430916764208951,533.888741326379,5000.0,0
1022,22,29889.133907659187,0.32187371412042665,694.645718883447,22692.57201104783,0
1023,30,21683.43540969122,0.411251694611603,615.6046169431943,5000.0,1
1024,25,24212.719505907255,0.35240277482194143,627.0025939207518,5000.0,0
1025,30,14691.497015598528,0.5163544841795163,589.9858172440569,8904.693674225258,0
1026,53,56430.34278655452,0.40180807713361694,650.9797026890792,24709.718363797154,0
1027,58,39276.166707484124,0.4489257244033833,644.9251477167954,19416.599540903786,0
1028,33,40927.3837010688,0.3751555050462412,564.4943873033973,5366.025472369134,0
1029,51,35375.71499922716,0.6288739580186177,703.9524814657259,13809.569909717473,1
1030,56,37642.27409152816,0.2765262800501231,600.0378692483876,30537.517299347703,0
1031,44,81598.77557450492,0.45181567349801716,749.841694272934,10552.00499780096,1
1032,35,24726.074265042127,0.3871705022021482,664.8062920865019,11036.716208039665,1
1033,49,41738.464768774844,0.46070266262260967,643.8884873187636,6057.233857654167,1
1034,28,41626.63773161861,0.40002620701339603,544.3802518625741,5000.0,0
1035,25,64279.408263312194,0.34364117506340464,687.8215960354505,16091.821411256042,1
1036,49,45221.47692943748,0.40673364179997945,647.2114897909689,13289.212790497872,1
1037,24,46372.38556731842,0.42550291227233844,661.9832933744514,12344.720420447873,1
1038,32,19358.080626645165,0.4450437916884713,742.1838823744916,5528.456428703907,1
1039,22,24234.895204888333,0.5694929646265872,710.8768600863706,17941.922095793998,0
1040,47,20263.08016267112,0.379052877010226,728.0354536472327,12999.864332586576,1
1041,51,10530.847658343482,0.1853938127160499,481.1741743669578,5000.0,0
1042,56,44293.78567841969,0.3746886230688618,635.3630783244136,14135.596737465476,0
1043,56,31862.516930514194,0.28326214795700116,538.5609365115249,18809.70192347838,0
1044,46,44335.271884145535,0.27915239359647476,683.0467582972005,19822.50861460438,1
1045,63,36965.65954563655,0.30178700470956793,518.2529271245041,13059.407724362072,0
1046,47,40954.548500320605,0.2145906347779134,723.7423356151347,30687.328209456467,1
1047,25,70902.26836590949,0.05,759.8906921204328,9037.244229039208,1
1048,40,36448.206966585254,0.5712804257605568,637.1248097646832,10838.704070464573,1
1049,31,50741.25714467044,0.27672105784569584,673.9596647914266,13830.71200921061,1
1050,30,31221.99698602655,0.0928302403121324,758.6410189549505,12293.036098705094,1
1051,60,54852.00723423242,0.37682106109784447,796.1943108464613,5000.0,1
1052,58,19539.262321151666,0.4423461075269352,768.0416924075063,7705.706816416839,1
1053,26,14490.113948870468,0.3232903624823144,687.7177461616302,5000.0,1
1054,28,104123.21493410647,0.15670823084523028,762.9761748995564,52819.358639354155,1
1055,43,90957.90318988948,0.13765789346119872,582.4095357270666,21603.63948293639,0
1056,46,13728.6854568259,0.6922416454075537,602.1015985673747,5000.0,0
1057,63,35665.650617553976,0.1384445634137453,715.49985912435,15626.8479783233,1
1058,32,39142.267468940634,0.10564986682113399,651.9127455016809,12625.041732307458,1
1059,46,52129.47417891698,0.3036856883433414,697.2402817122849,12937.660504379699,1
1060,33,86647.58710247201,0.47327721821197255,714.0928312404913,22592.68969694299,1
1061,60,21360.41825246724,0.5987746010297584,715.1673132978018,5000.0,1
1062,38,21942.026327450112,0.31800523505797507,520.3853069498638,15629.005765887085,0
1063,45,36294.24297351597,0.31593436454997925,697.6915688066983,14874.899861238395,1
1064,53,22431.26409044863,0.15740510248533393,605.7805702642744,10175.289626715055,1
1065,60,9348.130079129101,0.513237722438757,667.8863514591823,5000.0,0
1066,63,32415.110535450593,0.33954179597925466,618.859530747626,11552.278803011714,0
1067,32,55757.76452291855,0.34444257037914333,620.4121474438149,12054.56351691433,1
1068,64,35945.75614024057,0.4150158493655614,606.5883099266924,5814.274272758196,0
1069,56,49613.71713277122,0.395275398574154,703.155580306048,10681.871032561661,1
1070,24,46189.28399368839,0.3289577800422569,638.2413372621244,19957.95202345583,1
1071,25,21731.262855077886,0.5481469375204905,632.5668490178787,5000.0,0
1072,57,37571.86478143776,0.1094469281634028,626.7435223348973,21004.901464124974,0
1073,28,16939.774822725798,0.38169407793127036,691.1151134910137,10822.72061228194,1
1074,62,28114.61056864888,0.41107539221529604,590.1785865935566,5000.0,0
1075,48,37243.2720812358,0.2881410141678457,761.2789438217371,23107.99340745824,1
1076,51,36294.578876531385,0.4424674546208558,604.1444453678737,5000.0,0
1077,29,19044.47974878485,0.4494633046971809,619.3549756615988,5000.0,0
1078,49,21067.824636890622,0.5164721547845249,651.4829944401074,6951.6504951410625,1
1079,34,42002.30660100044,0.3332660484302104,683.1631379817414,5000.0,1
1080,60,54923.50718069344,0.3174276800969387,637.142580343411,8939.739476774208,1
1081,61,32745.35022938981,0.4308791722463755,633.5541614491515,10935.787583425086,0
1082,42,31935.919561690866,0.3203775149506076,725.7649398293305,5000.0,1
1083,31,57851.69314268885,0.1217984071304207,490.98828184708424,5000.0,0
1084,43,24685.392304379988,0.4793635058327665,609.656940333529,16564.34162474681,0
1085,21,86121.53566882384,0.07485722286441775,592.245035730548,28129.096415187872,1
1086,57,18534.02753280547,0.410251539335519,621.6407759331039,9308.862256931157,0
1087,41,61343.72517330141,0.7307740188592597,747.5017842343874,42073.30332665126,1
1088,46,47552.227964791484,0.4299822130466141,602.2226806415613,22000.786822817445,0
1089,56,121183.38565879357,0.2458840878049507,643.4102271310754,24228.316346968903,1
1090,43,20731.619788958946,0.2822953740117317,688.3410521371632,5000.0,1
1091,21,11304.86644337698,0.4055935649188214,595.1332142881719,5000.0,0
1092,60,67827.5126996698,0.3467942359601069,489.8794901513633,29789.253111721966,0
1093,35,17401.87514482434,0.4634378793981936,470.906601851789,6144.585237608027,0
1094,41,49409.01844201692,0.567512547608679,743.2461248598489,22433.387333856193,1
1095,29,65583.24562893728,0.5471618134941506,681.7430290147242,18143.412655265267,1
1096,29,43909.2543619756,0.1766277941622162,627.063059954342,13298.353976867784,1
1097,30,40785.84823552756,0.3523998155194539,626.0485213815238,8802.22589495923,1
1098,46,44376.708054389695,0.42392024553837254,590.4839040503181,5630.214317153183,0
1099,61,55199.597837475834,0.5775414807751856,661.292265175867,6766.794030039314,1
1100,55,48704.86699542078,0.40387617029892375,700.611438308163,11027.233272166934,1
1101,45,19765.793004975334,0.24744495698198068,587.3264469510025,8843.110558398595,0
1102,46,90445.23975091595,0.4152564102401702,668.0872661009535,27765.625077436503,1
1103,31,37255.46846410327,0.6228928101401457,589.5548576570208,8049.784532869307,0
1104,58,47059.629684359265,0.31213977919714986,643.5999515518029,11680.593519384434,1
1105,22,51818.08552719033,0.24479956210844175,610.7201358959178,5000.0,1
1106,27,64728.9545801745,0.34512926445236985,713.6433871407667,12538.60818292612,1
1107,38,61454.56567374483,0.2523686952949693,650.5324261014116,27777.193884308497,1
1108,47,38788.08586894268,0.4740482614266698,569.4171006643594,5000.0,0
1109,54,37561.43891248203,0.25346109468267,644.2041356185308,5000.0,1
1110,47,44547.24059544527,0.5438799448539184,719.0991364367093,5000.0,1
1111,37,62945.87461277512,0.4242929440834041,565.4464700380726,12678.480848162786,0
1112,63,20820.41256101945,0.45454966459436796,630.7465257245678,5984.069567882135,1
1113,64,50113.600190431884,0.45340064851017026,622.1606079179224,17359.63997384485,0
1114,44,23314.68497590039,0.4777804450362245,664.6935506142144,10280.742827137325,0
1115,45,91638.49949281261,0.3035940666871706,635.1298439491302,23013.22309751217,1
1116,27,43636.84250036725,0.20329004877338958,675.6341199142561,19454.520521791306,1
1117,26,29495.30014964901,0.27857618706420995,599.8581261515958,5000.0,0
1118,44,44997.32402325777,0.48895306585145193,637.8863814987413,24315.682143006663,0
1119,53,36482.96903302814,0.08502784337713078,635.608526639459,13565.834974565496,1
1120,49,33520.30048259673,0.05005991285797205,775.330024532003,5000.0,1
1121,63,14696.833946728388,0.38368494125108676,671.8989462819471,5000.0,0
1122,42,21761.62765319329,0.47663630151589353,709.1210512426576,16614.646747674444,0
1123,46,33852.68007552716,0.496998599419675,778.8905504982099,24038.156511407138,1
1124,48,15612.434048660934,0.20738050059586027,667.6217258105664,5000.0,1
1125,41,27076.23950703459,0.17306571090312114,633.9470373968053,11358.517602839545,0
1126,27,28284.312989148286,0.2470819062837992,580.8941730144059,5000.0,0
1127,37,24594.51394369508,0.2910801971154808,563.6852888556638,5000.0,0
1128,40,53432.65777477612,0.299704873831483,498.92564668524585,14008.596216739868,0
1129,61,23386.52640141396,0.36817670384186696,711.9287879276887,5000.0,1
1130,40,37956.81731324606,0.5608437680892717,682.0269949102526,12513.88770458831,1
1131,42,30437.114684379336,0.34089111418417484,633.6969268305317,12960.033600757271,0
1132,48,34221.2258161556,0.49064747392956526,631.9206485096115,14316.320552708292,0
1133,60,81080.71154171284,0.4481991014144747,579.9710934868089,40865.693943919556,0
1134,27,39729.25813292502,0.24346292230001595,684.6910293197627,15947.410349069432,1
1135,21,43761.794576076594,0.4464641958282849,607.8633222237656,23003.26855539093,0
1136,52,24767.595789637762,0.4361585547735927,631.5877421497952,12526.710671990222,0
1137,33,49665.94861047784,0.3499174763749781,572.292571372283,12991.032490011272,0
1138,50,48629.46750568394,0.37607482676270515,584.5142480512493,5000.0,1
1139,43,46342.01748051439,0.3413284520546911,715.1982383627088,5000.0,1
1140,39,19839.131229782823,0.18619576499954424,727.8782313975541,8289.134581165468,1
1141,52,27102.36821388585,0.7048513566907059,563.3899768213811,9037.636316760796,0
1142,50,74368.67013400568,0.5083252868348823,691.6048863878393,52701.69723532085,0
1143,49,25748.399972122956,0.42908137488926323,598.2072473576287,5000.0,0
1144,49,79617.88343577091,0.2892127032073394,615.0995226189206,38087.12113173889,0
1145,50,27633.987118640016,0.336230900809553,734.0633761642201,8197.9569509459,1
1146,36,39109.00698142443,0.17426985121696562,629.9692925663152,5432.402951420911,1
1147,60,33071.11040657375,0.42049083200792886,629.3898663180718,21631.602393322035,0
1148,39,23803.72497361071,0.4004276088749139,535.0904503485635,5000.0,0
1149,38,23975.68594567545,0.3190164616161881,626.3444402789858,8822.9989515638,1
1150,21,25536.86814952385,0.354487313769694,606.2108912307641,14041.907027114847,0
1151,34,39106.03730082879,0.3052215626290729,682.1370540703679,5192.674417028341,1
1152,22,56681.8176543246,0.2758799137316537,612.0453770410436,5000.0,1
1153,48,37857.27045273606,0.2335418942159874,735.6600925877541,16024.801466219413,1
1154,50,35714.458355351395,0.19687737990345291,677.7312858009628,18851.82969976696,1
1155,58,66515.4165550266,0.2447144312713799,663.7954092347319,13217.848343117575,1
1156,24,37073.921929435084,0.2562306915810257,699.1850664165386,5000.0,1
1157,21,27682.845310117067,0.513379914056484,664.0457998244865,9671.329830394301,1
1158,28,22051.357876544167,0.2572037026955707,700.9118664865847,5317.600603002948,1
1159,49,68543.48510090631,0.05,639.6919235284621,5000.0,1
1160,59,30800.963314545457,0.3937538026085146,643.825081418896,12810.840726846804,1
1161,23,27192.952047664206,0.4435412926300082,593.6578954183569,5000.0,0
1162,52,26042.32526465714,0.49531484032217477,600.0276108561371,11000.751748418172,0
1163,30,66642.33250100484,0.3749246274331015,741.0288110478458,50650.33601925867,1
1164,30,27269.196297484545,0.17898367097145604,682.6595797310712,8007.182484360169,1
1165,39,59589.30429656289,0.23016055619787085,542.2578831717378,18874.99868527698,0
1166,54,32363.8081424896,0.4400246207689921,724.0289701135508,10483.271415903011,1
1167,53,19847.033606840025,0.5688559670143425,658.7762758094248,5547.991961942359,0
1168,43,30753.348237827635,0.1785659998335414,594.5111817185575,5000.0,1
1169,48,35724.90818608069,0.3817876690573108,774.990243355898,12928.76342032325,1
1170,52,34283.33323738568,0.266758934793579,738.1057635775558,6409.880131185352,1
1171,27,33860.62617453077,0.22638948680825427,702.8809247697037,7126.227116994071,1
1172,49,30915.950540231035,0.35524952090130346,661.1243212358554,5000.0,1
1173,28,24526.146220197883,0.3299529197596642,673.8174176741376,9589.735848728284,1
1174,21,36510.99700085058,0.05,498.31656362865385,5240.61111256767,0
1175,23,47594.582007246405,0.3802388442171087,702.3910722589442,17910.613762075147,1
1176,44,17478.068050946655,0.39921435625627927,662.6701839521335,6970.285233491234,1
1177,43,69531.2178934905,0.46209826058255404,666.956706654326,21733.40299467228,1
1178,28,5719.799590621024,0.2640941824021852,665.4806389791089,5000.0,0
1179,57,37707.87687857087,0.11182512289492044,617.197230471913,6753.502930061946,1
1180,23,45846.01076744281,0.2868035645400609,583.5354296457361,12966.331388596342,0
1181,53,26858.12322240616,0.455888924415938,656.4978798532585,5000.0,1
1182,48,12545.064678601206,0.3386201270022793,556.66258612353,5000.0,0
1183,28,34601.00303076069,0.47739610792736503,669.7183671954227,20314.42852687524,0
1184,54,39531.29684288629,0.15486451605550874,578.023009309586,15852.684140141884,0
1185,55,20448.00563413307,0.47181459645985724,717.6253983598567,5000.0,1
1186,52,23978.989651040913,0.3873567944915974,550.1511629754077,18835.76114181843,0
1187,44,58768.19275773663,0.29676473304251094,646.9415136480372,11485.98023200955,1
1188,34,38516.4568598858,0.5105529557514445,655.2392543343976,13497.57933696701,0
1189,52,17079.966489518996,0.38600362623283135,735.3582579267306,5000.0,1
1190,63,45474.861551175025,0.2023689890506015,667.8910247155487,15555.804333918222,1
1191,36,22805.125310740954,0.497281105363052,593.0551274677618,13137.055122813867,0
1192,24,24652.13488389898,0.31374288187911553,587.5745834008897,5000.0,1
1193,57,40087.85486970995,0.355541967520889,751.2836113223948,8262.950061269481,1
1194,41,38263.2434688681,0.22050596480034934,647.3999505277385,12747.63659643714,1
1195,34,29693.894445163263,0.34224835134470044,636.4091893837922,5000.0,1
1196,51,28223.078611585657,0.2080907275609399,601.3613332724807,13114.781231616977,1
1197,38,32035.51725936669,0.32417093070310443,565.1103479730292,5000.0,0
1198,27,24580.36551576477,0.35460195087731455,783.0432036569536,7615.976839028042,1
1199,30,62599.09661343491,0.4408661161507661,654.4411717232409,5000.0,1
1200,27,16570.895468240746,0.13900864969951335,572.9383479980337,5000.0,0
1201,53,32194.815289478098,0.5004497775363707,701.963800906884,9576.393046141766,1
1202,43,17505.97382887067,0.505145335928065,691.8162062970376,10705.370087524776,0
1203,41,57988.551008564435,0.3216516466190427,562.5517562048291,6311.02523240827,0
1204,39,32171.77624395681,0.3693582565968149,609.0808699856698,15535.245060470053,0
1205,39,21411.120242806457,0.3959786064981791,682.1003891520006,12034.235568748618,1
1206,56,51150.30903650079,0.3625054008946168,700.7812612197985,25339.30488597921,1
1207,49,11545.311024664594,0.4405144081524887,596.6528340242489,5000.0,0
1208,38,41791.239389737886,0.29191407336304326,519.4294853283674,14515.19831865548,0
1209,22,64579.002243905365,0.23598073801737915,667.2236681793981,39124.774560353835,1
1210,21,39726.42168492827,0.41422520515765054,709.9624351740479,19463.344800520943,1
1211,25,28190.625613511293,0.12112380736876438,645.9219230853514,8575.645076316961,1
1212,40,19514.421183547922,0.44285667714064425,628.5775160638545,5000.0,1
1213,31,62396.05415803532,0.45838746472886754,761.0613123045785,41633.74854733096,1
1214,62,57740.316162253504,0.2326561142481982,509.16785163472906,18679.900544336215,0
1215,22,26299.864986367593,0.5633130056982948,700.6547943423803,5015.802977249608,1
1216,23,26653.646331901404,0.2973261818174103,704.8349220042511,10807.856396396,1
1217,43,65734.78721500693,0.2844138813988196,595.9849689074352,5000.0,0
1218,32,47372.94543862962,0.2519718125032753,488.0843783396979,20787.69919538777,0
1219,40,14864.154126967807,0.41721563531870537,703.0521873879034,6269.165211157287,0
1220,25,32930.31027707939,0.29129580270151356,672.5235368339867,12189.793928829951,1
1221,57,32329.059384994085,0.13442991151820297,749.490518893319,15772.880537317988,1
1222,58,41102.21271219368,0.4012428408505828,610.465647430271,14643.775548601425,0
1223,50,36425.45083152712,0.30630620942227976,662.2179711840867,15289.445192621773,0
1224,29,28103.35994341647,0.5128889164529371,532.5367645088673,12261.798882716363,0
1225,54,39702.91247916257,0.3963150911358605,700.6185423009424,20194.819139357944,1
1226,64,29030.75802842434,0.3899232230771651,542.793026089368,6805.918269135604,0
1227,55,200204.2777444812,0.5021760543379213,647.4139051031533,77675.19626275316,1
1228,42,38613.7593008062,0.3740023222739368,577.1474314651829,8026.897258563787,0
1229,64,36049.571826685424,0.46732978515469503,673.6570445413018,13069.284606109413,1
1230,44,91254.15267312132,0.2525229298486173,636.804766510367,27038.544580921895,1
1231,37,18358.139108250227,0.5969058487113933,634.0306390810455,5000.0,0
1232,30,34372.55011194042,0.3913147433755068,645.6590835230197,14187.855146664604,0
1233,50,22588.550831023782,0.16974015203898432,652.2471085360776,5000.0,1
1234,43,49886.466286736635,0.3706784693404681,748.3969111734542,5000.0,1
1235,52,28362.560407164514,0.3779999178867899,683.0403532574609,12550.5551395701,1
1236,37,48535.31069554233,0.3687193351243834,602.1210573996647,8097.108273854942,0
1237,37,46818.11591554006,0.05,607.652312058264,19013.856735441925,1
1238,34,53647.28446325355,0.267787483591595,720.9679325724416,40730.572070694456,1
1239,29,47205.20289198034,0.14257238281520762,575.0471069011265,5000.0,1
1240,60,32467.027117171412,0.1447465314455519,650.8531851638592,11627.861562285765,1
1241,22,18054.922596646702,0.374962845913024,531.8198368638758,12088.76814885779,0
1242,45,60146.736897107905,0.2658739672559664,641.802652531134,21048.143310118387,1
1243,59,73461.27769787377,0.295439212809509,572.7817285264812,22136.62818185137,0
1244,29,22721.476200869154,0.2157593356684451,604.5494482781817,5000.0,1
1245,42,52466.94760065836,0.5568967917169501,663.2396743477514,7411.134664232088,1
1246,63,20227.91026893937,0.35598216456543647,692.3657738088729,5000.0,1
1247,24,40203.77145041055,0.12152105113736063,599.9558689538981,8234.050603283045,1
1248,46,44565.27481267332,0.4466072324632483,728.5610516121981,13897.21743157613,1
1249,49,29345.371513139595,0.2986215894024426,567.078587557604,9693.82065023722,0
1250,54,38083.474179401754,0.5290488592034136,704.7915048776788,18504.264717089554,1
1251,43,55497.96241118575,0.34878302446694576,620.7668369267982,26359.114925978607,0
1252,57,34382.11334983802,0.24561466386281808,716.8934450034644,11829.519235119713,1
1253,31,25911.217129169236,0.2686930300996137,620.6807143423455,9473.915912316766,1
1254,26,19694.809318045867,0.2896425729983312,601.32814162963,5678.61626678479,1
1255,38,29870.23614307649,0.42346343395438685,692.6561527264118,5000.0,1
1256,41,20183.873226199095,0.2322349025188245,680.8923872426489,9838.72877517155,1
1257,62,30070.743135037585,0.5365520989023043,612.1050768323774,8052.419367450247,0
1258,56,28778.35348124679,0.4052854544947238,687.9289002128481,10158.370463074181,1
1259,61,54287.674162080955,0.3836603180589414,640.7415661531238,44349.448150180746,0
1260,58,37674.45313666801,0.3609568726229348,660.3094581526252,18174.059697880366,1
1261,54,129784.39399475892,0.3469847537758905,673.6021382824308,33619.40961920061,1
1262,37,13269.260276770807,0.15957134073728807,551.5823358666821,5000.0,0
1263,57,42475.6273314681,0.3938800093348317,650.1872444378405,22174.58879752956,1
1264,45,28975.96166845876,0.6388602365189092,547.6190431871551,5000.0,0
1265,58,22515.960443337357,0.4537732115210132,576.576366924745,5000.0,0
1266,32,35778.95866148233,0.4157683817889402,642.3590397430584,5000.0,0
1267,43,34464.722161514364,0.11975506055869782,718.4286799332242,6978.473088449952,1
1268,62,62249.53899974938,0.5129202165118986,633.651786011742,12446.030326839955,1
1269,42,38010.93739206472,0.4703753186987032,625.1900668839686,12532.669623747792,0
1270,41,25683.3758151547,0.5251141656297239,618.3806972409353,6639.412722926927,0
1271,47,42920.5186958634,0.21442149209363906,677.4488716722664,21004.313781515226,1
1272,51,32376.049586748544,0.2900198746314159,571.6531413332037,13858.93737194564,0
1273,26,20686.99927174722,0.1271345891609123,551.628017097852,9679.194176599256,0
1274,47,32071.636335128762,0.11449113618132986,744.6662817495329,5000.0,1
1275,60,40760.59311802132,0.2634622599745889,678.9949760615763,11153.4036223642,1
1276,54,37651.99482092868,0.4201648061475405,600.8748696353761,16015.502537020337,0
1277,32,42836.95858595964,0.28753710462028115,605.0538266866392,13596.656385215541,1
1278,27,27910.476398907886,0.2496279213101889,611.0944196401556,5099.593211639213,0
1279,30,42565.7824539972,0.40091542640612926,558.609576170165,6340.061844828756,0
1280,37,38563.36094676782,0.05,628.0710855129556,25841.788792813466,1
1281,46,38720.12198740729,0.26863796440848386,651.5820907776663,15262.358078287412,1
1282,41,36907.803196546134,0.40074485385647296,744.8799950994224,5000.0,1
1283,48,107801.47338391912,0.28948588403511644,657.4038347547681,5378.166480710808,1
1284,22,63263.45567443763,0.5448807019308911,701.9459120891618,5000.0,1
1285,63,42095.48959685017,0.250805945180097,629.6049023049652,5000.0,1
1286,21,24340.486684002277,0.2611768862966664,617.891470482421,5000.0,1
1287,56,31377.10450752878,0.20209284944845024,649.5688539202908,17058.748419511834,1
1288,46,81462.17455254814,0.23634531653843613,709.9285125047024,33130.61055765688,1
1289,49,27406.38429173934,0.3915516804491036,608.0828221334308,5000.0,0
1290,41,33427.533091350924,0.47121594199362543,665.5575378286866,5000.0,1
1291,31,32509.847980176855,0.6732376803547387,663.6512832736973,5813.963541299468,0
1292,60,43649.34862950751,0.4366124137379987,648.2786861179296,5284.248793692416,1
1293,31,29192.7818668417,0.1733239520064562,710.4096536390655,7104.772987835879,1
1294,56,39673.113842945415,0.5362476660490315,652.9474660807034,5286.101860860507,1
1295,59,29520.53945222164,0.42307096173199005,640.1458754439803,7426.275175620565,0
1296,60,70070.3733620728,0.354304004020587,646.2611819807098,5000.0,1
1297,55,25767.291306565792,0.5100962850662328,501.73565998092903,7384.791425247661,0
1298,54,59208.6202376542,0.7051931087686469,638.8792847749316,20376.95254052057,0
1299,44,27103.87733804615,0.3216513134496534,575.4389220087311,5000.0,0
1300,42,23697.547388706695,0.22505472987195518,635.5287204922714,5000.0,1
1301,25,25580.960588531747,0.5491144935123894,648.331682580946,6706.355166828264,0
1302,53,15433.289889740363,0.7484468377684549,682.1026919722765,7302.588909848799,0
1303,56,45220.20246668119,0.37173270010956466,790.9758162087614,23861.103036224686,1
1304,40,20292.607684529463,0.35463681449769907,744.1473679492339,5673.98390267989,1
1305,39,30364.82776632238,0.3758176020096244,649.2589170798597,10832.08934701158,1
1306,55,53146.67371289547,0.4173995049284815,689.1043044734922,14391.870730789424,1
1307,63,52296.06142585872,0.1387291751075599,621.966935204186,28431.612578902994,0
1308,37,17750.52801883953,0.39588469638160523,663.4140395484166,11241.519553449603,0
1309,63,42415.61238046857,0.3910184398694668,664.9700812049897,19610.630106715304,1
1310,54,64231.36945615308,0.3823893726528462,581.3680735678136,24864.954513221495,0
1311,29,26412.127136861094,0.3750507161341356,617.7421359341774,10260.475247395692,0
1312,46,46947.567084201706,0.3644416061599294,531.1814300500592,15331.660110410845,0
1313,22,20503.69098775067,0.05,637.7188817332728,5000.0,1
1314,29,44038.89398372234,0.24184339900707388,647.4853040848456,8525.333621582691,1
1315,29,38779.059668848975,0.47837875733634927,644.8935414667166,13588.028607562392,0
1316,60,50542.683592135785,0.5135673351186507,579.8965460099284,10027.669316819098,0
1317,37,48999.875851385135,0.2865703659249664,644.4115398522724,5000.0,1
1318,21,18458.09294362694,0.20652129918020812,661.3516139644458,5000.0,1
1319,45,38881.60817995375,0.45754482158470844,682.3117671491333,5000.0,1
1320,63,75091.06245915567,0.3909253341266107,668.793383358862,51099.604509268436,0
1321,60,12177.503938546182,0.3316895701273605,628.0994166149776,5000.0,0
1322,62,58892.148404831125,0.47927807901563313,640.0759957272484,17333.900296231634,0
1323,45,80890.57139300596,0.17319130452039044,667.9092108089569,43566.09081268902,1
1324,59,17286.51920049972,0.5241439422107347,620.2862289310555,13703.053200646189,0
1325,55,25968.783587701793,0.12469528854051644,590.2882076757734,6790.342032177812,1
1326,23,47045.55473600647,0.22621532227826818,623.5174316529682,6634.194648202725,1
1327,57,23316.98728860536,0.19386557784169292,677.0810592683277,10004.33638750173,1
1328,64,71846.67344467918,0.2626315182999611,700.5107690536806,20961.06521661885,1
1329,64,61663.54132415128,0.3959119454796272,715.2446042633374,16780.37716482145,1
1330,50,18169.840446991057,0.4517635821704441,590.6371642017414,6147.314683055611,0
1331,58,25046.038493490367,0.3377683819407857,784.7513503272495,9717.694234506273,1
1332,54,53365.42860642463,0.15835819729442632,600.5117710330377,37590.03291916366,0
1333,32,52330.24082360193,0.05,634.1026412702935,5000.0,1
1334,39,110108.33432840569,0.4769558220849179,733.289442998945,75604.08419067216,1
1335,57,23389.883932021596,0.45838772165498076,533.3410596575867,5998.755694915742,0
1336,64,75328.13025096613,0.5106310658786396,659.1350309181453,36105.17471283358,1
1337,37,22995.251742456145,0.33013262192152193,629.8377226264487,7597.006228303031,1
1338,30,46637.51159867877,0.450223267971561,552.3444438193545,14199.402168475604,0
1339,32,56736.3978288827,0.25406813594792227,553.382718340454,19232.824424584764,0
1340,36,8127.835683968907,0.42208891585892233,728.5520783153726,5000.0,1
1341,44,57274.06308715866,0.2780483088255379,686.1263068583355,35561.658206152264,1
1342,39,72568.40008517119,0.2278621315879147,716.3835948794581,29938.796348422617,1
1343,28,62814.47859359001,0.384799583885598,577.2131647746762,23669.917664369445,0
1344,51,101383.8822199375,0.37696552904004327,670.1442241540834,24141.094405884083,1
1345,41,58840.67472435927,0.4867417194504159,808.0264590187606,5000.0,1
1346,37,27761.27795277018,0.1573152149043416,633.4043780978498,12106.243416145264,0
1347,43,67474.53640255636,0.48906725877587076,653.5269860604933,30207.204336111336,1
1348,57,26984.471764877966,0.3694838255439632,650.7784330743473,11304.655974529218,1
1349,36,37843.28992639339,0.5101938840104012,642.3461052099461,12045.257399783057,0
1350,26,55044.19223134705,0.50864529799874,595.4406781191435,14062.32198754488,0
1351,28,45435.10904158231,0.05,653.0684616642394,24866.5496877327,0
1352,45,71365.22578931264,0.5072949725613708,763.9399230292986,28148.210214744588,1
1353,38,126037.82608689954,0.5139603889875195,646.472162263292,44926.791179441236,1
1354,45,20564.427238994995,0.16125289475297921,735.4726022818182,5000.0,1
1355,32,30817.31359072928,0.11571808458164598,849.9331201430451,5000.0,1
1356,35,42539.53599862604,0.4662085917463392,593.0466130910289,32540.313381842865,0
1357,46,28807.888312116684,0.36704168565874207,687.8193064091263,13411.63052645043,1
1358,61,34966.53938944748,0.2536371571428921,568.4962484884946,19558.443644771975,0
1359,46,53525.30454096965,0.5658174484614875,640.153501244265,5000.0,1
1360,52,50083.86431734615,0.3953810726082001,824.651467249895,24971.893720406035,1
1361,30,41096.012041369715,0.05,695.2869041144893,9993.921983411852,1
1362,36,39099.51147430546,0.19736213283062,671.4483649748738,12600.807080490767,1
1363,27,32469.774907580282,0.5063506602353959,567.2085254582785,13249.977700468702,0
1364,37,73296.00759327073,0.35536998766844574,607.6496699420544,24626.61735292541,1
1365,43,83424.25874521551,0.24203997005117914,591.5157298986696,27932.269315036236,0
1366,46,60440.0353826476,0.41787278333929445,577.9169337864156,7474.788700646159,0
1367,41,20441.280846286976,0.2588447122048648,708.0164225433025,8633.946179943312,1
1368,42,31853.252814933567,0.1629352950004472,698.2860195457681,5000.0,1
1369,27,40128.1346655344,0.5025066833759004,638.4620092577876,5414.048334407978,0
1370,34,22689.39096920648,0.5251296822772219,611.750715253388,7277.511619962237,0
1371,35,37780.25355410345,0.422170257975321,700.8363076897225,5000.0,1
1372,27,36721.25039356933,0.11980957507236714,767.9174661277738,19650.00046266255,1
1373,29,62446.725940983604,0.6275263458417071,719.3943567335898,33485.70141552643,1
1374,28,28306.727611314025,0.6224056799544485,657.6550509841328,6083.482068768519,1
1375,43,64968.0860290324,0.5409568976476604,714.5469213614953,16230.703190409402,1
1376,49,22501.021381944865,0.3955628465221084,717.7698247115828,6910.583351526288,1
1377,38,24126.84502900991,0.36366115758023415,660.6923175319572,5000.0,1
1378,51,30041.01357438732,0.4155928234362268,660.6254874000858,5000.0,1
1379,50,37195.23509943846,0.17876055396844054,613.0493040588143,16524.444619402082,0
1380,59,10848.08449668682,0.2682520615058823,708.0036247883653,5000.0,1
1381,55,45690.64186439757,0.26206173458470045,638.2013661290873,10403.83829523131,1
1382,38,85363.2761708976,0.4410753452292583,581.4547979458717,18149.894805092168,0
1383,62,50293.68411997006,0.3870599081686153,583.878568180663,22236.562117745598,0
1384,59,32684.787566186333,0.20625691954832087,647.17403614134,5000.0,1
1385,37,21114.271365534634,0.11111009095338974,583.8294068664721,14278.453900424274,0
1386,34,14668.958628164211,0.40334327822906707,840.3802799718114,7105.435701382757,1
1387,51,15970.334518042988,0.19051777268521974,684.1258156707396,5000.0,1
1388,44,34015.78846722555,0.16171516948133696,615.4400162865346,12802.728712985507,0
1389,55,104136.20755151684,0.6644714308318355,662.8850683288863,59980.14789719435,0
1390,64,9334.414235072552,0.6964525484096346,701.5065163421334,5000.0,0
1391,54,51539.76603012304,0.28264370877212974,665.2454305238912,28697.495041684,1
1392,23,25877.840279694738,0.07648708586662546,582.7793652730544,7688.614951590574,0
1393,57,30707.20266294579,0.5316287164196057,642.3070666492918,13398.10644847789,0
1394,63,22723.40107258337,0.4004152403766302,633.2260562246926,10801.475491506582,0
1395,60,18329.74821026924,0.46550255662929296,618.1767531332881,6109.422310248412,0
1396,46,38669.97040720675,0.2547869762957357,591.9959000385479,20056.47154121048,0
1397,43,41415.13792056493,0.1942553012194647,711.2863704692278,8911.962886304194,1
1398,64,50724.790235597815,0.3140854638557416,682.973938959574,14980.685221607444,1
1399,59,15636.733658848445,0.3761432921167754,682.4243132527336,5000.0,1
1400,35,56217.65692732571,0.24028263985284568,520.3333380224735,9097.572311029866,0
1401,24,56721.226068323434,0.5444975143182574,622.084069577996,19183.837281727505,0
1402,49,44902.41431480167,0.08938883891176545,737.4894506710815,21101.097827875397,1
1403,42,29422.624301908836,0.411388753006623,677.5169595217327,5000.0,1
1404,45,42370.83003532295,0.368939409723059,568.5430271977826,16038.164737039931,0
1405,33,33515.90802758566,0.53282312784109,766.6846629654856,17919.82957712525,1
1406,38,58938.99264743472,0.20610897160854558,480.2941288893252,33233.43958747275,0
1407,53,30234.16487032013,0.455874352748714,658.9286067904799,8375.169971095042,1
1408,36,38330.92210301221,0.4215658742877726,770.1007887138336,5000.0,1
1409,62,15227.20633750638,0.3866209656299268,540.2336713881828,6606.286680303757,0
1410,64,42304.54874497727,0.2170149899738124,616.6529515065923,16447.528816277638,1
1411,22,24964.81654819065,0.23403287946746051,551.5802208230738,7483.240490042577,0
1412,55,46921.5862002433,0.305553199021779,748.8117595012245,11394.224908866696,1
1413,62,53863.7208450924,0.2746011528958734,592.6607968985396,19785.9661203465,0
1414,54,26769.36803303225,0.5390168820129181,719.5938602802883,10282.603013186083,1
1415,50,36886.250714666065,0.37033366535598905,747.2216074816014,8040.360007457292,1
1416,33,39626.26582091337,0.469214008772548,560.0454288977003,10160.471879776956,0
1417,33,43653.19986738877,0.1323249790551201,545.3085060648524,5000.0,0
1418,38,53902.326154543814,0.07370428150264843,683.5416149739535,19492.709081533343,1
1419,52,50488.73838824206,0.32332808226539744,704.2930009349529,19333.356549975902,1
1420,52,30033.08380084664,0.15826365461312172,645.0646272548321,5000.0,1
1421,55,80753.85376394782,0.3559818898470177,651.7909334313822,22510.598002397346,1
1422,59,52891.2785783339,0.22353423489019306,753.5889126566132,10327.472300191786,1
1423,49,73318.78980270599,0.39592784481582016,633.2027493470682,38728.16270047098,0
1424,49,43189.5290471988,0.23257434062309476,746.3491829156491,5000.0,1
1425,64,44484.79514528516,0.434157950527793,609.6575819009873,23307.432896159302,0
1426,36,34248.72012221626,0.21785002800036685,817.829602026323,18986.594564310464,1
1427,64,29088.923960203367,0.07035455255570473,588.0599223563506,5000.0,1
1428,30,59140.37241437025,0.47790545196917444,732.8890632471981,25337.1468898092,1
1429,50,41452.16174546411,0.23469074412345148,582.3478148661248,16636.074998155895,0
1430,45,34003.47748175449,0.5558755003269625,705.0615778530068,5000.0,1
1431,59,21778.695647433473,0.2537743375287201,649.4626017408237,5130.9852045540965,1
1432,40,79028.02132339819,0.22660115888433133,669.4526568959059,16830.480453877542,1
1433,25,38419.203984025735,0.3073961284218293,696.6017977004531,5000.0,1
1434,21,19665.84613481345,0.2659421517934931,667.2179748056259,5000.0,1
1435,50,37824.45888909256,0.3689252201640504,661.0479203653839,17781.17481830223,1
1436,23,32844.50653297596,0.4103888002062243,519.9381095439056,10407.282064534807,0
1437,34,32177.63097568781,0.4331419463058109,746.5005242034534,5832.999709469719,1
1438,50,48442.35924620667,0.3371409488195332,757.0300709214821,5000.0,1
1439,24,32867.19212217342,0.12488577713487428,642.5411026165583,15386.696042732217,1
1440,38,31171.218808181504,0.6085159221162635,688.9904455598501,19909.087547712432,0
1441,57,71768.60251141802,0.29460183764489284,745.6129645845065,18389.804021611835,1
1442,45,15217.730577321012,0.28677755604641186,692.0889932604804,5000.0,1
1443,21,35394.398284613286,0.33666812544226654,612.7898846269572,28692.21914146159,0
1444,35,57781.61533812379,0.3108033402862866,565.9247287898328,27028.05896452081,0
1445,29,49685.390961910765,0.0876420705102324,694.4122283602239,25864.116715596963,1
1446,35,60477.35622205623,0.43624477927524374,659.738334879603,11203.219960687664,1
1447,44,99786.2762124016,0.22693677729636247,649.6209001808998,13047.596640306629,1
1448,24,84920.93039955481,0.30142729812126884,596.6771589155362,47330.68039469227,0
1449,32,20378.437653312445,0.6139009302592744,626.1337126019614,7976.743805992243,0
1450,57,16230.51338635201,0.4916731372771045,673.5716396702882,5491.613639272824,0
1451,57,42762.90086026485,0.5918297476112414,629.3929972218573,16404.21933461789,0
1452,63,18452.241991143055,0.24844809220438477,652.2937212413729,11901.065470269192,1
1453,26,13860.042510882951,0.4595054020230134,647.825222371061,5000.0,0
1454,59,42536.65394271292,0.41048937540060193,696.012581138098,14109.219931804126,1
1455,44,48219.687101794625,0.341806499941269,549.4529226629703,7886.84202277803,0
1456,31,85440.05712353566,0.23741047066058615,625.078758902908,30383.295168275166,1
1457,33,53327.93251066917,0.5126906542184952,572.8698932378356,24543.87283197069,0
1458,54,94824.21072054352,0.2728830465284558,660.8861862153692,34431.60939069301,1
1459,45,43381.011125279205,0.37044244640809065,593.2979927466529,28051.047077186955,0
1460,27,20575.676005097208,0.4869670203181906,715.7639082965604,5000.0,1
1461,24,54780.71681571162,0.2034909086028318,621.2176730488624,22425.335409175572,1
1462,28,70767.60013728846,0.18670477912255576,609.6665732264678,39314.4746615201,0
1463,40,44158.56561838831,0.7274158155809223,591.669383802713,9908.27051965771,0
1464,49,75002.38804997441,0.22099081282132318,667.5709563612521,15490.899033508047,1
1465,30,34145.10933542615,0.5925103049724785,561.1454568630598,9200.741987469746,0
1466,63,47712.54110453578,0.34204949844456994,643.4828396922973,5000.0,1
1467,54,33284.06255097103,0.28611869398523465,641.8546180464758,17546.997803588085,0
1468,46,119314.93581704664,0.3010027761287397,613.4544612082938,39636.82933415331,1
1469,61,55305.64949617987,0.34066746467965997,665.3271470919703,5000.0,1
1470,23,20777.946412441845,0.5506869638864585,617.5905295724559,5000.0,0
1471,26,91701.93268890213,0.4634151105780992,669.9177985055208,51565.94697414089,0
1472,25,25170.05116290825,0.3182578682574084,611.8546844094222,5898.416483770988,0
1473,25,36565.04395401648,0.07012566813738152,597.9332538956377,22443.430311001848,0
1474,43,45896.78719801284,0.35309269777586155,667.9076778885151,11263.923699777451,1
1475,29,47810.28140100634,0.36992539143132386,706.4976797395091,5000.0,1
1476,55,46252.052102692156,0.5387775301264425,849.9687293876998,5000.0,1
1477,40,20608.878299242726,0.1294810635722019,626.1820529223222,14834.286971297392,0
1478,62,46328.71849148672,0.27597295564355606,704.0633505154609,6290.631843874216,1
1479,55,62964.28680753763,0.2712396016528801,618.8839597614137,11479.106042185642,1
1480,38,62064.65945319819,0.3416181868265924,702.944079893722,17214.826105489778,1
1481,37,18941.180690751993,0.36365659560479024,741.1480876168408,6628.402175752318,1
1482,44,26164.88593270603,0.41576140783088916,659.0098259545766,5000.0,1
1483,23,21541.555808299312,0.06577111212428591,699.8000616070275,11969.525876339198,1
1484,52,43040.91681188717,0.3759466720279865,681.1455504783058,15559.341485474655,1
1485,55,16716.910799556175,0.38684751906715004,650.7776418212223,9117.443929972262,0
1486,58,20715.316099800642,0.3612726839312029,620.1112733552685,5000.0,1
1487,33,26041.130391037223,0.32335756883399736,625.4578695294538,10353.500415955095,1
1488,45,14788.49723752964,0.05,557.4112575254867,5627.592514739218,0
1489,29,35814.22529489822,0.43522168590101973,722.63470238047,10536.10889194872,1
1490,24,12666.96092252134,0.20401923413291087,780.994254193075,5000.0,1
1491,34,46289.59036986568,0.44205657393869147,551.3129111491879,5000.0,0
1492,57,29776.92907880079,0.5375217225170178,722.6636681692091,5000.0,1
1493,54,26582.500341758914,0.0985845269131137,646.8889573941613,14880.898383003932,1
1494,31,28843.088866429905,0.4374888891449794,605.2042301795707,10818.303321671005,0
1495,61,35235.41465113278,0.16466449800361121,660.0239776497212,9159.61247538075,1
1496,23,48846.2598892304,0.343640388755046,593.7815353344031,12119.198224747302,0
1497,48,70161.05309213827,0.3311082251175103,666.3968816543087,35378.74034210558,1
1498,49,60291.89169619442,0.46346270760056063,629.4422930646834,29896.057582261765,0
1499,29,110840.12884175373,0.4411881726644966,625.9440312453254,15162.473248631615,1
1500,23,50901.547492964106,0.38931744331547596,732.3665737253576,5000.0,1
1501,45,38954.81061768966,0.10349632687529206,527.5028876636891,14572.122033749623,0
1502,54,28896.740732952494,0.05,610.2581337647657,15796.033480565009,1
1503,32,29380.91290369217,0.48684234725940545,511.41867280281184,12869.568114783346,0
1504,62,47549.141507213084,0.4619702440829171,659.1655702823281,30051.469433657032,0
1505,29,22032.58844165276,0.2003779483641463,615.3521176930351,5855.737870969834,0
1506,35,40720.54639975596,0.4021018583929465,599.491944765587,14536.885916723315,0
1507,60,35974.569034402484,0.3186092246202917,669.7982377296113,10386.685985140008,1
1508,45,25234.098444616364,0.5129737516519516,692.8155512368104,11417.640689332296,1
1509,25,21469.84890850008,0.36253774343251904,732.7850591339965,5000.0,1
1510,31,128329.79475268025,0.48505853498888096,850.0,43486.1772771813,1
1511,54,18064.688802509605,0.25796515820781885,610.1388552529756,11370.964923436672,0
1512,44,35105.767697710544,0.39275352779745154,602.7727881721571,5412.99180983601,0
1513,35,66922.59313183755,0.2880983266824719,650.3223650295851,5000.0,1
1514,58,47312.4348168725,0.2572313709722432,656.0945884917197,19163.53007280082,1
1515,28,28659.269770845527,0.05,771.3430920719596,21441.856559394855,1
1516,25,20008.779520259715,0.4885220535098558,686.5142010017007,5000.0,1
1517,46,38750.27849137113,0.6124540420065945,583.8985274030141,21519.671503745427,0
1518,38,9703.504379000444,0.1418007589433885,579.9490714369076,5000.0,0
1519,26,39534.67959751742,0.4540393112194936,697.6939293328666,5000.0,1
1520,57,36953.41312089812,0.4477878642911246,635.4609833820145,16175.42496067085,0
1521,33,62010.62152434527,0.2728102185602631,749.1083945740652,5000.0,1
1522,48,20503.07447881511,0.23937723348577447,686.0845848485501,12389.098034657016,1
1523,25,30892.363612960216,0.5270756863182917,576.8806668249387,9952.981289577754,0
1524,33,45181.85392690206,0.5112666236883157,567.6891165118045,5000.0,0
1525,37,40246.72364268442,0.4177234869968683,674.1560519261934,26997.23174781938,0
1526,60,18558.380621647648,0.272004576270574,626.0948046345102,8749.8952742744,0
1527,52,26271.740501070293,0.5134183118406173,729.7640347875916,9542.15195095097,1
1528,49,73127.20808523714,0.22451225091932814,673.7566898220336,34929.29766756119,1
1529,23,41343.1981617034,0.5630955691669824,672.3667851087006,5000.0,1
1530,60,15802.792217236869,0.5948310833688842,563.9535486812908,5000.0,0
1531,54,56478.54290096464,0.5272220098375981,616.5980350058793,45285.339056316356,0
1532,60,16323.607256596375,0.4014212258529928,646.7004723954126,5320.305191561896,0
1533,47,31147.515169478032,0.05,518.7860115929866,5354.093417388956,0
1534,33,48128.90818290488,0.32228288514717784,693.6178631490124,16064.642232449834,1
1535,53,66626.1845058383,0.6147320048255991,709.7505020169093,5350.249784651833,1
1536,26,11282.835653370445,0.4905584701391914,612.941381720111,6944.79517195582,0
1537,44,51833.661532777754,0.41529710602700776,738.7974950738507,10922.223375505377,1
1538,39,55874.44058841111,0.24787325654610842,735.7244417799735,5000.0,1
1539,36,27487.65478414032,0.503660884890259,686.6631764372028,9181.920430786591,1
1540,60,38004.29827140439,0.11405486226418371,645.7437252089259,18982.668560424925,1
1541,48,7895.230613472585,0.32437460834895804,719.7029182911048,5000.0,1
1542,53,9191.274072702157,0.6109819331995174,545.6888483928782,5000.0,0
1543,61,63213.06983897535,0.2293444602785138,655.2397958520534,6967.198907552325,1
1544,33,27737.82781109487,0.44137839970023135,590.9021720679743,5000.0,0
1545,63,30543.09402596465,0.0864313969751832,603.6045619875031,13522.443074980161,0
1546,45,40836.770891239146,0.2521696245362012,681.4996507969284,16090.527885193645,1
1547,62,30243.41925827359,0.3769194227950921,593.6957939305519,12496.202569482557,0
1548,56,28872.761852885207,0.40304300532043136,542.8775583481859,6149.465901088722,0
1549,47,44233.80217831349,0.6601167325751961,805.4274388398222,5000.0,1
1550,58,17192.557594392347,0.27439237665283395,607.6903853428552,5000.0,1
1551,27,64858.21287665576,0.4391654513634261,590.9247909805107,33845.041807010944,0
1552,25,32366.363131920683,0.4349573972064501,733.6049345379477,12114.992714739992,1
1553,63,21964.235482375643,0.26167260192738645,607.8585218178689,5000.0,1
1554,51,20535.187513090892,0.49339203126415404,561.118596472521,5037.8026551164985,0
1555,43,37098.28211062629,0.4502258432268459,585.9154380087066,15329.056069515398,0
1556,62,31157.838977069696,0.30897870079577794,619.8193500346189,8719.929054762759,1
1557,30,16740.395381659524,0.3792053648809934,575.0421779794522,5000.0,0
1558,52,26878.512305043336,0.20606417189742973,591.6902292893685,5450.066274348424,0
1559,63,24231.300816361214,0.217161909313507,618.6820650291503,5000.0,1
1560,50,68249.69664397705,0.3467664449399307,718.0102350736628,20932.63894514278,1
1561,59,38763.18393457486,0.4621211318048212,795.0564387231356,13808.27777473049,1
1562,51,79592.06764654965,0.2999735256187432,727.6291984345106,13438.974114806299,1
1563,38,25463.79422254098,0.2575313812803133,634.0572968417258,10929.162564259577,0
1564,56,31395.946010897118,0.3153917688090173,551.2587831177775,19681.46660300629,0
1565,22,44058.63382022391,0.47429253483593786,699.1032451854204,40667.625709741005,0
1566,34,49122.19779909668,0.14722473034394343,578.3729416840931,5583.802889084238,1
1567,33,52077.87826985778,0.47920235331874356,624.1422547645404,16404.244010425144,0
1568,49,23297.357562396515,0.4267962755535095,763.1132932176523,5000.0,1
1569,32,23627.355037119753,0.14651371817910594,769.3078684733763,5000.0,1
1570,59,30402.79622519984,0.3147093237847809,662.4772590755595,16896.42541970976,0
1571,22,76149.4725655658,0.4454107496784707,735.8817941735696,5000.0,1
1572,52,22018.943021495223,0.0634325024027425,733.4096596555052,5000.0,1
1573,33,27904.339599689094,0.19470172224499557,696.018114315229,8173.2471580357915,1
1574,47,52309.27398654145,0.12156317922840573,631.002491911731,5000.0,1
1575,61,50928.45748076869,0.2633028570793641,611.0988523245475,19112.433186849303,0
1576,37,47940.17622395667,0.5056597849010842,653.1129144629501,16818.913366147193,1
1577,60,37813.5124665518,0.46973967419463597,560.174210103351,6715.896429391463,0
1578,51,21320.688880484002,0.274188889073783,616.5987232543108,9162.713507811519,1
1579,54,25709.401871237806,0.5043411436292138,691.8828154113199,5000.0,1
1580,44,63783.19848139629,0.44951022029998255,605.901395575789,24949.557870159544,0
1581,55,53466.932978457,0.5412693796920767,758.1222739014686,16083.367004560616,1
1582,26,18629.61031136052,0.33671811434852855,667.2342709710036,6463.09652423499,1
1583,39,56090.897018085794,0.43086156461993913,704.7892358313471,14082.163623858154,1
1584,50,69869.83006488501,0.8557731221625153,635.088492892069,5000.0,0
1585,27,37306.221738283326,0.30356398607491114,694.2260462970721,5000.0,1
1586,30,44942.56365746641,0.3402526932279321,570.9513871113735,6562.232571841051,1
1587,61,60218.96366802558,0.32616468355819883,679.6208970877611,11496.871444608218,1
1588,52,25645.972017657925,0.33642446771638457,686.1868279867767,9089.57314796776,1
1589,54,116401.29065399461,0.43371542197115986,739.82152009469,34169.148586824995,1
1590,48,66939.13076015284,0.3587162992623477,509.51751484637725,13954.162451426826,0
1591,35,47193.62380644071,0.1452725661128209,602.9926604418654,5000.0,1
1592,50,35694.29238830168,0.3527073306868338,525.3962368227789,5743.054812564654,0
1593,57,46508.42334185128,0.27105357143795306,591.2309498895145,5000.0,1
1594,49,16644.89348330408,0.09072217610609669,642.5012449590396,10803.642861708846,1
1595,42,102851.7473205032,0.5217548347917683,691.3028997911533,32366.226361389196,1
1596,24,63859.82888431961,0.2702202964965656,807.2749073006983,39153.59035170777,1
1597,40,75508.97470225312,0.40750497043230804,744.5325591201286,23815.573596256316,1
1598,52,36878.30002501931,0.05,615.8637641043447,24819.543517266015,0
1599,56,30328.87178373262,0.42483830228002195,700.4535860491138,11012.212849382164,1
1600,24,25921.97641984419,0.30298793732343116,735.7617012223251,9609.967670722943,1
1601,47,54545.325983250994,0.11677278035745137,643.0108938105724,37605.07155593919,1
1602,37,28105.665667379573,0.26721210807010515,645.5612392166212,5000.0,1
1603,32,33068.00684623676,0.24705107023647085,633.9297629155194,5522.25696621475,1
1604,42,47724.47095907427,0.4626013091941476,683.8209085357237,15509.018728102432,1
1605,37,26116.84641434969,0.363564026602063,678.9525784927214,23075.017806697237,0
1606,30,61204.34005954262,0.12162661476326546,659.9442204571019,13742.513680042408,1
1607,21,35994.7891473669,0.41577558042227614,771.6118921126732,13021.536818531475,1
1608,42,17084.72965426924,0.05,720.2497958161459,8213.150086468646,1
1609,46,25977.827393612948,0.18123896671381437,536.6405535414483,16100.885148649451,0
1610,38,69849.11712253634,0.3521978070686589,524.1002150128305,33487.58866176702,0
1611,34,22731.314433717715,0.25635528953819287,679.2158385144313,13588.626419719896,1
1612,49,56785.639305770346,0.5287567303959424,642.9000095750895,25707.37000272715,0
1613,32,38593.40625096697,0.3753983892291592,527.5006140257331,12442.798457889823,0
1614,56,33327.889539015996,0.44389384073723526,516.9962362074655,5000.0,0
1615,55,127554.25409579586,0.45001091522463693,632.5547398332106,25067.823237044555,0
1616,32,19108.563771232526,0.2835300409096252,667.9835361164141,5000.0,1
1617,27,25082.68878929719,0.1901869212073202,670.5717578843414,8979.154812845216,1
1618,49,35892.54761166422,0.342508066798128,607.5914622803941,14558.634384273913,0
1619,31,121524.92879990707,0.4800834763539892,611.002710132258,83002.11541425878,0
1620,53,35934.3668920135,0.31508490678613493,614.8162443790881,5000.0,0
1621,26,41652.90817461166,0.43864307405823316,684.5146565355708,12080.106116390889,1
1622,35,30701.974584082393,0.34591339319854425,542.9448927506875,20937.672061290632,0
1623,52,43447.747549008716,0.11702690004756358,651.3588283774722,5000.0,1
1624,31,31668.928215047727,0.12978718706449385,721.348793456184,5037.320552779369,1
1625,43,51413.76937373764,0.5843710243101258,625.3869860752689,20219.526278520196,0
1626,46,53481.63822588789,0.1748712306641288,661.2255053730966,25349.233586426682,1
1627,54,32304.034824805884,0.2543611443338559,679.0979784075294,5000.0,1
1628,54,20686.983829162917,0.48763805719128994,603.9381552952516,12607.580263600761,0
1629,49,38054.8920309401,0.17111832293696017,642.8899560465071,15813.665627260085,1
1630,24,73208.06520019897,0.24747309349917226,558.9898700632937,5000.0,0
1631,37,24020.663140737408,0.3182529753871985,684.0254201910203,12748.787882868264,1
1632,55,42914.21685321325,0.29865516066122794,661.4005782409542,21661.230708889056,1
1633,33,19873.248005963513,0.20442144479205274,731.6328748609499,5953.892247549584,1
1634,61,21592.392504323143,0.32097234362174354,711.4495088582348,5000.0,1
1635,59,69576.55371458188,0.4518627537185971,732.7030223511746,5000.0,1
1636,35,51316.45250419483,0.3315646318427898,736.0044163323599,11192.769172723787,1
1637,49,43238.32635321571,0.2512297816521855,599.3211165636758,21880.905812371537,0
1638,49,11374.318931193762,0.49191464733176293,683.5683553507539,5000.0,0
1639,31,27544.373478880007,0.6059687889196227,697.214687264318,5000.0,1
1640,52,49188.099913275924,0.493271133045136,606.3451328312856,17611.64454089994,0
1641,22,17596.7102517275,0.18150974713712106,736.3236047607555,7777.395293024791,1
1642,34,30426.137526519262,0.1854909724872216,642.3881819759456,13205.917754952214,1
1643,40,53280.562112047395,0.41554947173602774,694.7748462497158,7653.189719061113,1
1644,42,17058.956340054363,0.3756568894893559,727.2405325840554,5000.0,1
1645,31,15683.378033722935,0.16628355065075137,679.9517022735042,5000.0,1
1646,47,17207.24752662195,0.39296509074891356,776.9776987468239,6085.29557750221,1
1647,23,42926.4131159802,0.36483034265019487,819.2795733413782,17850.128201600306,1
1648,37,27487.887595876004,0.5716877673779649,651.2595925328606,7294.4607823351525,0
1649,64,56332.353592207604,0.28467549693616634,717.0115804439246,18201.532489184505,1
1650,48,38580.7679872035,0.5579903683703753,815.7969887974044,11573.971063821398,1
1651,49,92991.87093082635,0.5645626247603375,606.7678419771203,5000.0,0
1652,41,19560.331687336522,0.2490497119325047,454.88505468719603,10929.705145646672,0
1653,36,42868.21205658867,0.40310534408155824,717.4562564038038,21739.681191278858,1
1654,57,24401.32259407981,0.3182814935967125,622.9652047816986,5000.0,1
1655,40,49026.01475492861,0.3121377432216372,565.8185780843238,35365.52150981481,0
1656,26,38559.891893795844,0.38693629575048777,600.1196103158376,14737.1474872016,0
1657,39,22102.35820871453,0.23151003892064345,540.7759531360667,9046.702511399988,0
1658,25,33571.201390129565,0.11070606790677028,768.9128615442402,6701.919979781294,1
1659,23,37667.35332041824,0.27020750364912616,751.7688809351473,12235.867721365295,1
1660,21,26912.483538429937,0.5271320862271821,633.9142734770948,11014.083412432185,0
1661,58,52238.94703721874,0.31950316075024093,639.8830229641687,34702.12567371168,0
1662,35,21686.683588916116,0.34651340224472915,663.6840699819696,5000.0,1
1663,54,103311.531393362,0.46889742046220084,767.0746006287363,54209.86590342566,1
1664,55,58503.692466496155,0.11042544583276796,575.776904840922,12627.531845099797,1
1665,45,43233.483694387265,0.41586612557359987,638.3980441016589,25250.896803474498,0
1666,44,150641.35185207124,0.6004780247912288,737.3482440614404,5000.0,1
1667,32,31112.053239453257,0.3637296524829966,626.5727610613328,8859.118286377638,1
1668,38,49300.422687755665,0.06155316109919275,591.5209341088012,5000.0,1
1669,35,40592.56626074791,0.33854132934534364,661.6430181801662,6827.176930616091,1
1670,64,54107.81161763528,0.4415325723316966,525.1932442585814,11062.030025720438,0
1671,36,76730.7779204289,0.36681117974867594,676.0052956960621,29703.711848554365,0
1672,47,47785.36443872878,0.39086786702863924,632.341553698917,5000.0,1
1673,28,61138.49305286051,0.40889144421617196,694.5171955690508,38600.660293694666,1
1674,45,27578.892781187787,0.21016353912607663,601.3874652470629,18367.734148097385,0
1675,37,32758.735088784528,0.22891195915658596,681.6809181640381,10838.423600739912,1
1676,49,82383.77409065988,0.29455345244823083,664.7544777051789,5000.0,1
1677,28,48943.80497685337,0.40890099702169647,567.3392209087061,5000.0,0
1678,35,41116.37840447121,0.17163751123032703,583.8959625729813,13134.659544259446,1
1679,47,24918.801938916815,0.6584506016647833,736.0616890872981,5000.0,1
1680,27,58882.4310384436,0.05,717.0441068619612,32702.055598859366,1
1681,23,24569.651697990175,0.0939912818318863,528.8959482244502,5701.321446534699,0
1682,49,21203.405236295323,0.433050845085751,619.5208152813324,8277.842311605158,0
1683,64,38463.41756788927,0.42013228587096313,672.0938909651073,11090.450673139901,1
1684,44,10924.396009191605,0.3391442093941473,687.3026337436324,5000.0,1
1685,23,49293.04909908342,0.45142989457705696,669.2357065325233,7298.053015174449,1
1686,40,43847.46118350703,0.435155291085288,676.534711045281,5000.0,1
1687,35,30442.599952051976,0.35001203446789925,624.8137353201538,6837.992682601676,0
1688,45,31854.722422135364,0.3902355042875637,662.1821128894072,9992.105425698313,0
1689,50,34212.26716139231,0.05,581.4400355001321,11831.589084287585,1
1690,34,24475.70596286224,0.3300249568831486,624.3052154474774,7497.327569519405,1
1691,27,39826.440853580156,0.3428460213312444,504.06959544242113,10381.550005527675,0
1692,37,32058.015824519236,0.6369244364172526,576.0105650794535,5000.0,0
1693,64,38415.87546257055,0.22614854177462235,588.3985914433985,20461.400237413665,0
1694,40,33595.1068987337,0.344620182969824,591.8832876367006,5000.0,1
1695,56,30446.784364071016,0.563545153444876,701.0333143993207,12210.52098653844,0
1696,29,41741.29943182377,0.43401691160662487,539.9290902053702,22836.82536806148,0
1697,58,53666.80438448659,0.35377473745388405,605.2833172895914,28949.83563527062,0
1698,42,27934.4347555982,0.49434812876975737,695.0968620956509,12846.21002567159,1
1699,22,44255.57564711597,0.23109156537304412,557.2612255913748,13936.27000942578,0
1700,44,47085.25648742795,0.6087962899740155,738.8173037959161,5619.893779893458,1
1701,28,19111.93062339523,0.446374318846939,662.5027933863105,5000.0,1
1702,31,59176.05351342545,0.10610543545056378,698.2420716330864,18180.194222538757,1
1703,33,101541.78476665911,0.25921847278036375,583.8858447880218,16664.753057399666,1
1704,37,34750.601307936086,0.05,596.8030872026688,6862.424124802215,1
1705,28,33336.30411057044,0.46936570885504264,640.0171687962563,14611.76582433231,0
1706,41,32646.630187762912,0.4345263993782916,706.8223189241614,8616.255157571846,1
1707,38,49528.467160233675,0.2809586537527553,704.7177442000709,7415.854090373731,1
1708,50,46882.00833880705,0.5300535638131507,677.8060726758932,42068.69484068657,0
1709,38,16393.97878005618,0.33747074510134206,634.6894286073873,5000.0,1
1710,51,23551.374781699604,0.7435078018692396,596.1379145175364,10740.564214805787,0
1711,58,46800.83974181066,0.1700846979437305,723.5757099442325,20536.090448352297,1
1712,52,33775.437464459574,0.4462534958953764,625.2322710715423,7315.6070531386895,0
1713,31,20270.887986005942,0.29038972735947205,542.144365288023,5000.0,0
1714,45,76889.92173507607,0.24844384740130226,582.7382389266883,5000.0,1
1715,53,24346.499655686304,0.3240404250247843,600.7475002357469,8495.902392854003,0
1716,58,36970.98005322618,0.4050503274869697,626.0280395975275,11354.151984720227,1
1717,61,33330.909020943436,0.35874489764740847,644.9003285105141,5000.0,1
1718,28,21176.674585306788,0.45165241676287243,554.2288236360782,11725.43992085782,0
1719,31,39834.05190943214,0.4410464138571003,616.0772188914858,16927.46550407698,0
1720,42,44181.147138678614,0.5677136486388547,624.977747888395,13431.939537146218,0
1721,44,28743.35773088406,0.1698176533791366,635.8739111050867,6502.0361481751215,1
1722,61,30696.498380571356,0.11640050056374372,595.5288955873958,7894.5978099751665,1
1723,37,49032.74020323721,0.3398350981756554,823.0644281959476,5000.0,1
1724,32,13526.836325360367,0.23095936501649147,625.0753909898109,5000.0,1
1725,52,23801.361761110802,0.4810913420707935,608.3303535669653,10583.447701356408,0
1726,35,40405.348680437615,0.18982593915831267,573.1400743639944,10816.12559851083,0
1727,36,27906.93871928939,0.26755597197709924,703.3842855379311,20324.65708793397,1
1728,42,27708.24962229635,0.30014811110925527,520.1489600133543,5000.0,0
1729,48,57002.26444301832,0.614829511806601,525.4811936811599,16121.08108963955,0
1730,40,26458.635263117132,0.666144699305391,647.6521869792958,10481.927749640272,0
1731,53,97693.384715265,0.17878964728062155,682.5663496716596,41459.80451655584,1
1732,30,15104.435343885456,0.05,643.7784696675557,5000.0,1
1733,60,12016.104652426495,0.26390303098351053,792.0507612034708,5000.0,1
1734,52,56357.357607655154,0.34446031284124357,613.616565412926,13577.406609220643,0
1735,53,22203.925361466572,0.34377189150625664,628.7829734049784,8579.595095852526,1
1736,22,22392.09347936574,0.33736924873361424,647.1688392854201,5535.941195155983,1
1737,53,59418.84060192754,0.47238597273040783,652.9268271265223,46737.3779192403,0
1738,53,28321.19397283759,0.28957924182046624,641.3659282344142,6873.8368413153985,1
1739,61,57249.884728155164,0.38200248912696977,637.8378846264014,20021.433704897776,0
1740,33,26763.49279277664,0.4467021837927431,558.5689323469429,8251.676280738178,0
1741,50,43532.617382676384,0.382912699981537,698.2007000586802,11221.036274887805,1
1742,53,28121.473922730434,0.45135612777627204,718.5403982926407,13368.716322071492,1
1743,33,22927.534841383567,0.09381094572810658,616.9894023957509,5000.0,1
1744,46,86275.47717118914,0.367172923761086,646.9077682699983,66735.46516177269,0
1745,42,63464.18996060683,0.3844690912331834,758.8596166610447,10434.059788584496,1
1746,59,25252.480273520392,0.32516187477859454,597.2717034928623,9980.984199263858,0
1747,22,33216.49874421714,0.2603516556603866,664.3824938368864,11370.788367510057,1
1748,58,75971.48862457956,0.4191776788916216,656.9508446153238,22487.75496750237,1
1749,59,22156.579903583668,0.3684414547080852,762.3001489866342,12501.678794666745,1
1750,46,22764.235878897718,0.3421110663507735,780.0309799125512,15689.30697037343,1
1751,35,45937.18671637875,0.30074137437092385,705.7346123345887,6616.356033107883,1
1752,54,113011.77322855411,0.3066138182188673,850.0,16726.378681692513,1
1753,62,37306.23597347808,0.235192421131878,652.003919737551,15237.179244210127,1
1754,64,61384.069111415876,0.2786595872251094,337.4185109874833,17822.179835347164,0
1755,60,21835.23267360235,0.20911066334122191,614.2080027539957,5000.0,1
1756,31,43500.432996424,0.2919225562093779,618.4285618812031,10587.797807911842,0
1757,23,30339.101681448432,0.40464746338848556,758.5201447692677,6075.000211065544,1
1758,26,92347.37302026522,0.4729591227847693,636.9315556767956,7018.951727450659,1
1759,29,80768.75080228117,0.34231905139967544,742.8369867482705,28629.11576285941,1
1760,26,113517.05494249889,0.33817117151832626,706.3111948107784,35246.35612407166,1
1761,29,25648.88437372588,0.37159269393155725,670.5987011964668,5370.346787090901,1
1762,59,36965.824539831505,0.49750298447390945,678.2338746598572,5000.0,1
1763,51,43808.51404932342,0.3162503107533171,669.8967599028745,10234.682991671161,1
1764,52,26154.229119736512,0.41943798851417313,729.6384705426825,18097.83556420487,1
1765,61,38774.86862350281,0.4055865307343385,632.4840257385978,9047.457470466597,0
1766,32,57210.2878194764,0.2564651713012982,623.2681576449382,13709.773316152501,1
1767,28,27579.20252995379,0.4560034860683579,678.7297507546728,5609.496946842818,1
1768,28,25548.190472546805,0.05,663.653357868075,10829.112495307812,1
1769,48,24715.160306310474,0.5092607766811219,635.4061650669266,12722.552060874834,0
1770,40,18548.585422963697,0.17088249649705103,802.9745188798154,5000.0,1
1771,27,55658.85333047797,0.32914578189296206,699.9992379964871,5000.0,1
1772,31,25518.675410567972,0.4743458661160833,610.8850938787488,5916.280090903441,1
1773,40,24208.191216054587,0.28594652090661266,691.9580856948893,5000.0,1
1774,36,47312.74164479025,0.3851258077084196,584.0976123008483,12220.41864030628,0
1775,24,36123.25029707684,0.47677411983592827,569.7860399865635,19462.860859516528,0
1776,26,27923.80472416211,0.6272329716200868,706.110414735524,5000.0,1
1777,42,54465.04535936715,0.3477430267122068,589.8857465414937,20936.311416184235,0
1778,46,27372.02906836505,0.37696879329411226,652.8875282368443,10557.571229380836,0
1779,23,12228.499289732816,0.356069449043484,577.2078470443528,5000.0,0
1780,61,70729.74567821388,0.3168105362348442,629.7105457035703,31058.382443345017,0
1781,62,24002.23577193871,0.14814087835860884,619.7538600051198,5000.0,1
1782,34,25349.71865593079,0.18187805046758582,643.3787946432992,10671.17014188189,0
1783,31,25405.76687377342,0.34785784087807137,811.5112985446557,7570.14173119506,1
1784,38,37414.00933772999,0.40116378900349237,739.7448661007459,6062.129868686034,1
1785,32,31662.198482200383,0.5392139694092289,642.1008579766221,19968.35516531218,0
1786,43,59518.08866029276,0.3185416291107007,635.5536145495164,28483.772631076998,0
1787,32,82665.44815047916,0.579300707743016,600.6237946291424,11397.695416215825,0
1788,33,25858.645190213658,0.169323843308565,577.3760469864507,5293.826863196809,0
1789,45,22719.895832424936,0.3815230997900997,639.5794444541739,11722.603871470135,1
1790,39,27974.51825999708,0.30991800959451193,743.2946837861294,8220.806226006194,1
1791,56,45230.60080259542,0.15311974839121434,428.879981247734,5000.0,0
1792,28,34262.93770649607,0.09603701337011301,721.5079895989725,22320.54531347831,1
1793,49,28276.723241591328,0.2847985918127938,730.3293141454366,7094.310291678377,1
1794,52,18986.71402325112,0.2960296677902326,500.6565316054679,5811.287112801016,0
1795,64,12034.774085705116,0.2167773057618332,652.5898021099666,5000.0,1
1796,38,21974.571488291836,0.4642459060458223,619.4562983390317,5000.0,0
1797,26,68337.08913723413,0.28914625495154633,638.3327336596453,38224.914003625716,1
1798,38,45161.326290480785,0.20199890396150672,665.004546326671,5165.249553087019,1
1799,39,32998.99345537714,0.3145946906807504,672.258317857749,11485.32016651604,1
1800,42,52307.41395764831,0.2553094423250264,554.0501610069923,10184.085426551545,0
1801,57,19073.561156377607,0.5970461573943853,763.8853220772464,9785.304356684845,1
1802,52,37360.71483197136,0.30271244553157234,616.7102350307106,15451.22166725481,0
1803,61,14865.857770891242,0.21233928775316185,834.1199786861928,5000.0,1
1804,23,43174.68094059978,0.5967660433277591,584.0391512734566,5000.0,0
1805,48,41347.10095268659,0.4587555988988544,575.9710866170468,15527.472804380945,0
1806,30,41841.925222167076,0.3659460743319986,672.6601228647746,13767.427419307258,1
1807,55,65108.4122305577,0.2305590456808496,712.9002846377088,5000.0,1
1808,49,53529.993302173134,0.46498065181189396,739.1555433148359,18247.3782111071,1
1809,35,19841.74225660443,0.13048764044447506,580.8420269858489,8566.238060477845,0
1810,53,65601.88202593174,0.45399085697616887,626.6429456676988,20528.211318764876,1
1811,27,32704.698312331828,0.3875184594358909,780.6173918634814,6557.919835784683,1
1812,32,13560.626319314571,0.49850899007186683,624.177865299754,7791.5822904672605,0
1813,50,34393.476458583864,0.05,712.3216413417913,22874.803965678686,1
1814,41,50189.67188004247,0.2119075558442969,517.4152667410638,5000.0,0
1815,51,21874.43870129036,0.20004078917034002,537.1101701664569,11068.953028521128,0
1816,44,70716.14052893233,0.18231059267968705,717.6288970236221,27267.729375107723,1
1817,40,22887.39772608789,0.41375259771703266,639.620830391846,5000.0,1
1818,57,28551.193590475876,0.3057062284838936,702.9245462239596,7355.381415570365,1
1819,24,26046.305979834196,0.2193008485556275,606.0625754414108,6945.212813732878,1
1820,48,15452.280775031784,0.18454298146180304,534.0633940110141,7881.631119518504,0
1821,64,22102.216766231042,0.20582428326985264,656.4872238508285,5000.0,1
1822,40,25439.80488340362,0.47986776680185644,552.217461374377,5000.0,0
1823,44,34028.28035720155,0.3399961969242253,658.763032530841,8756.586623347828,1
1824,52,8097.112163443758,0.47470570065430223,582.4019124769566,5000.0,0
1825,61,51962.44430241451,0.7497010489959186,695.6706035780413,27923.451612735218,0
1826,56,51706.40035079101,0.3473210330285661,631.0931455083105,11252.090112965636,1
1827,54,65560.62871927938,0.13744628958590563,628.8602958011854,25914.88863905632,1
1828,56,17225.95024465159,0.3294455876801712,673.9211295601779,9320.755513613114,1
1829,22,31369.2781500782,0.6318636140367503,715.0227302618434,13510.146385881775,0
1830,35,58146.31643791553,0.5130113933764222,662.7727290318113,41461.2025840956,0
1831,54,60702.97023392119,0.2530950169770999,774.7684725908316,35122.938439639,1
1832,56,76074.27686195812,0.3043945411191147,771.8759254287705,16267.518451992964,1
1833,26,38229.29889100059,0.46625211586722476,600.8761922191738,10707.718022065032,0
1834,59,35313.233912267475,0.42193485859456437,571.786776607424,22581.27204772463,0
1835,62,16664.323600775122,0.46785130756272314,564.4345153786182,5000.0,0
1836,32,61848.189014786934,0.3141435884927264,776.1764220176572,17714.03457960519,1
1837,23,28849.353975839742,0.4082898425637526,564.7345169272053,19633.591865542654,0
1838,38,36937.05359710511,0.3042108508472651,622.8029642861894,26084.29285473613,0
1839,60,35724.25991355945,0.5590147293336731,650.7772030503422,12820.234371534823,0
1840,41,10967.305194182885,0.12105580254445432,773.9649733163936,5000.0,1
1841,35,24203.974591608505,0.12151832462935219,558.267600719399,5531.701848130967,1
1842,53,45567.07453455548,0.2428027225376945,726.0928281612828,20259.015943923492,1
1843,55,35443.92320860907,0.24824463948669365,650.9867363479152,5015.795133755859,1
1844,46,45748.37211652756,0.12101962300328785,641.05991681326,35180.69273192284,1
1845,28,53740.56900139122,0.09401771111621217,648.1401594362137,13593.028895328871,1
1846,56,24061.77377219174,0.5102752980166442,600.7296720321235,13618.823293889218,0
1847,50,28069.10711651646,0.32494979294672716,620.9104465626739,7744.1162338155455,1
1848,43,33840.25798023824,0.3135996387644232,599.3134652914625,12256.011705940782,0
1849,62,53463.2337637826,0.3584445043659507,558.2026144556927,16017.498679071092,0
1850,64,32304.149902017205,0.5897223656047517,567.5955387482736,6054.991223377745,0
1851,34,14904.991308500403,0.36744520025817,732.7914091299936,5000.0,1
1852,34,32889.49432488546,0.3333139683590262,625.4850250339872,14476.01780237584,1
1853,22,52398.60382978187,0.25436125996562264,696.9806345991354,13502.476054073055,1
1854,57,71575.6142194062,0.43984445718815435,637.5686899574456,15171.558784452192,1
1855,25,41784.80192523097,0.34034515257460285,636.3699125434448,17665.062553122865,0
1856,58,17274.758379106148,0.5978177798735761,644.6831858690854,10466.795083718514,0
1857,61,29638.06005679525,0.32588658561373546,701.1354061291552,19054.361902265824,1
1858,34,46052.096803756525,0.5011473493056964,601.9705088500303,5000.0,1
1859,59,56000.02292424021,0.24334005010812448,639.2071093336698,8099.77903396485,1
1860,45,46795.19443457492,0.24187363526104086,713.2935174312164,26179.23088901692,1
1861,40,32022.5695295887,0.07598089964125941,725.8670408980951,6441.795655946989,1
1862,22,55784.8560671048,0.46917029292198564,753.9678424156765,14087.693702018958,1
1863,59,26363.01747236192,0.34426520795975907,582.6306433296502,5000.0,0
1864,26,39827.963156292986,0.44593443962816487,605.221974740051,17664.40568519014,0
1865,37,52833.12846307644,0.6044265332835197,636.0949749242551,15533.922322034818,0
1866,45,48451.46738778076,0.22299979231710815,557.9406386226516,24824.843016555642,0
1867,48,48998.623512308004,0.20030503855356172,711.0700848020989,22580.57503878318,1
1868,22,48385.598501719214,0.23193041110865678,670.1928245677801,24701.52529660913,1
1869,55,21496.664474380195,0.05,639.1696924262244,11026.049480875858,1
1870,57,36635.71176528025,0.3210184998577378,722.0790982743604,8157.325313519208,1
1871,25,23048.990947350903,0.48262994253716396,597.1324837197822,6852.581475963907,0
1872,21,31421.9814081095,0.3573555670671433,729.0087772038194,10711.604619381287,1
1873,60,20243.317842622208,0.11436296365295137,771.9364701710017,6509.032302104105,1
1874,32,43151.97013004343,0.2964673025391996,671.5463839164371,18877.002637132387,1
1875,56,13594.548236725986,0.3687756392227744,649.5002303107607,5000.0,0
1876,43,49446.20531568471,0.4943766577956736,661.7847173072952,17950.714285393555,0
1877,51,36595.25601491144,0.46947028294435744,552.7614930414826,6756.13600902822,0
1878,31,94002.79755557144,0.29817794910528433,636.2472751421261,32970.89899366914,1
1879,30,32784.13289056457,0.2979128235232166,794.0626367545416,12241.234785767123,1
1880,23,32779.272262724444,0.43911959613717516,798.7416828533851,5000.0,1
1881,34,51086.0191681348,0.2610045663316612,656.3968369819606,18943.669076871698,1
1882,36,33750.60569677605,0.47830465574900827,611.8726203777726,19340.146493234624,0
1883,30,41664.98653527638,0.251150635850999,722.01937228683,21385.84792528266,1
1884,49,59706.7298626102,0.5826706412476086,647.4947201751669,5000.0,1
1885,30,31768.883428532914,0.38529088334091216,716.2486099082482,5000.0,1
1886,32,66014.52578971277,0.0560531409273816,597.9879125113732,26742.72486216641,1
1887,50,15684.575751864599,0.4460659822827421,671.3974002010287,5182.458749005868,1
1888,61,80962.38460311695,0.3882261383167188,624.7167193323962,21834.05099859788,0
1889,21,14852.403147867844,0.4229230468019075,649.6070451614403,5000.0,1
1890,25,71402.89229558488,0.6877834930370496,610.0454308715535,6762.325677986644,0
1891,40,14282.192576056479,0.3108085264023835,640.226924363027,7971.5968554990695,0
1892,28,97762.0808241412,0.11712988247845615,671.2010116635404,37562.03501149572,1
1893,63,39357.353350338155,0.5401306493995086,698.7045483769067,27452.58849725828,1
1894,32,22641.909796037053,0.0830657231498542,638.7593373687704,10721.439046927979,1
1895,21,92277.89337683418,0.23804020648493612,751.5108700016526,33769.536474052235,1
1896,40,21069.14577642123,0.35631430434053496,559.9222059112415,5000.0,0
1897,48,32413.265929707446,0.21518751811278447,545.2658450250715,11898.452172400253,0
1898,63,133566.68503656608,0.3404338313869283,608.4503816616286,37663.95823186974,0
1899,57,44257.01094210349,0.3296300853929269,650.7479922122149,5000.0,0
1900,57,13187.076831659004,0.5803731795390592,763.6638668863995,7376.345354824106,1
1901,32,31677.24539756581,0.05,636.9912868614472,9895.650484844136,1
1902,57,30306.584215888943,0.3631031102923865,583.7699599433819,11613.020246340171,0
1903,64,39905.06105357837,0.2118890050337396,605.053279724045,5367.976463951884,1
1904,48,35517.41839235526,0.2656223706076406,655.6676502332278,13226.466060737552,1
1905,35,47711.3812438947,0.45201390342501646,574.6365022928678,12772.411014119762,0
1906,26,16915.284062563893,0.4277028883963433,785.0948395694227,12797.633129198011,1
1907,64,27613.180164416146,0.4014223364949508,486.090003524099,5237.258163674447,0
1908,40,42443.19259642135,0.16133129264827306,596.585043733327,6818.343304858947,1
1909,34,24808.189422242547,0.5279273524207995,610.6883188180168,8711.276594030007,0
1910,22,62816.420532717,0.21863739031585952,581.7549190850368,15987.184674960434,1
1911,29,25057.578075122005,0.5579585181976554,697.1075751803608,8713.018281970266,1
1912,57,39013.55951934583,0.25258834650059625,604.0505081132313,24518.313966961712,0
1913,40,34458.863092499974,0.5046247747367262,693.4310292541754,5000.0,1
1914,46,21865.373880906696,0.3652600032211193,760.5759034627702,7054.044506491644,1
1915,49,37430.66239361583,0.09889474928636381,736.6049709255245,6548.20597089024,1
1916,21,18845.58452172994,0.2966753527810467,661.1770214993721,5000.0,1
1917,55,29091.29846471954,0.6053514846024985,650.1270170394355,7926.620946233124,0
1918,26,36869.3948215043,0.4735179429449302,711.8790536912886,11138.134423491605,1
1919,57,17788.91706321554,0.2847358858391721,629.9574923796011,11670.325615448977,0
1920,25,49600.23350481287,0.5455485746602646,615.8738756918237,9687.668962090347,0
1921,53,41364.87353210176,0.3922820087460054,580.6590065561974,10361.791966911525,0
1922,34,47382.12790403075,0.5964223695185029,671.5985809482827,5000.0,0
1923,32,36360.363230164585,0.3381170669246428,576.0834516155747,14218.936047990437,0
1924,62,20427.92690030139,0.30622259423054143,600.4686815594913,6626.357338418063,1
1925,40,36314.17987142776,0.49822533345995346,797.2828647433687,15215.07165367073,1
1926,44,49590.20145192575,0.3877999265240281,697.1722771515155,17270.060812884232,1
1927,63,20027.17950603871,0.43362786083796717,678.2481401247582,5000.0,1
1928,54,20839.114232103544,0.22061135564896936,599.5637338941605,13484.683059395515,0
1929,45,32111.124509991838,0.5256806404197186,703.993753263166,11574.529497558582,1
1930,49,30161.912517152294,0.49734312253959834,578.8279869032992,11285.901187590072,0
1931,59,36023.18661281145,0.5527328076292194,543.2327208577453,23487.96128694165,0
1932,51,31387.06132139016,0.14603438141173658,611.3175858580582,6351.506413614587,1
1933,63,39340.105468932474,0.17559174996414756,567.4205430260085,5000.0,0
1934,43,66896.97375384798,0.23796956386448992,682.5561646063243,5511.025029972966,1
1935,64,47533.69915148615,0.3140984729778197,675.6141874222739,13948.052589842162,1
1936,58,37349.53823013515,0.15005769127354468,665.9686363698722,10353.40831295998,1
1937,40,20882.029311604914,0.44559224035282347,690.8549683561212,13055.808665430135,0
1938,43,25311.312422650113,0.2842575916813387,687.8069758048943,9567.333299231028,1
1939,36,55318.74445740648,0.5383956106620326,602.6146585748605,5000.0,0
1940,62,28731.728193007202,0.6648373219202423,683.5961836137851,5000.0,0
1941,28,22384.497799906185,0.26089227281551297,671.9631841331848,5000.0,1
1942,41,103675.02843544533,0.23490581146258033,606.8775449240411,25589.9156579209,0
1943,21,77825.90990825501,0.46209208336217894,624.9602754912188,12441.972602116492,0
1944,28,34124.582242474986,0.3645462777602713,709.6639513912648,5000.0,1
1945,49,21134.620338808614,0.40545095742958687,557.9207628456787,6970.756918554178,0
1946,52,52139.56912458823,0.5494091880121992,673.343673255248,10862.11206107209,1
1947,58,28423.34236534499,0.3092479482995972,642.4171279825787,5000.0,1
1948,25,56628.426970593224,0.1901384227843801,648.0316076948097,35157.16698525161,0
1949,42,28437.765008175313,0.16542916362306143,630.1336109027418,8167.17003154425,1
1950,54,82677.08724746927,0.3234012539339062,679.4802285179302,57711.13188061419,0
1951,21,28018.749338710615,0.29722056486569676,539.6191618060914,14718.72356105931,0
1952,46,118464.2779605394,0.47973246799136493,667.6485941646697,24612.633492761783,1
1953,63,40035.78236893643,0.5588722203305521,576.5951819330207,26792.3796708034,0
1954,30,72558.81962080496,0.5582820261649636,722.2133484084665,37811.2096322646,1
1955,50,27721.11900112614,0.24483777100337248,559.500700221338,5115.803919613604,0
1956,38,18851.06846938806,0.2295136642164314,482.28851751261453,5000.0,0
1957,37,11463.101582192192,0.07798526627396818,531.1211244640888,5000.0,0
1958,46,68754.80603437226,0.3504540189148191,646.0397796499282,17669.14490156375,1
1959,28,37571.72136233267,0.48270843517366196,541.2943856020107,19020.964377997876,0
1960,60,19461.86667324674,0.24399872316804308,558.5461860363264,7366.89557867011,0
1961,32,70199.85507428719,0.12797761402406108,601.1602897175234,35790.353100802815,0
1962,47,64731.09762561477,0.6328743145549668,687.0225359031824,27625.88589532509,0
1963,28,72489.20405622083,0.24422646904202566,596.2773571264282,11897.26734734299,0
1964,45,18584.942443221673,0.3331461198098926,635.3061172793508,5000.0,1
1965,24,67724.660263102,0.28003556873635077,634.1581525471804,10434.939112446604,1
1966,53,44003.347424570384,0.14998842957706138,548.8195948282992,31792.591954007436,0
1967,21,74147.49162858167,0.4852821502192044,678.4683089256284,36774.37931239054,1
1968,39,47637.025394242686,0.08765583720656688,807.6065673937396,15426.86853660585,1
1969,51,39596.966129800094,0.5186530310227465,529.0087399944783,22886.21123515618,0
1970,36,68185.86861010017,0.39020741987683716,588.2176982288639,20906.5129500781,0
1971,34,55600.62488376518,0.3096969763739613,560.9196069423907,17943.200991521204,0
1972,25,62372.69006777482,0.3122045501679814,636.1286740852291,23504.47901612758,1
1973,61,28452.072945934287,0.4181410250370962,548.4266920440501,6197.177146264044,0
1974,46,33316.07569228986,0.25357678785210525,737.7088995950207,5000.0,1
1975,48,15261.570320114055,0.37651300729851367,748.9623839462358,5912.854866183557,1
1976,22,27444.96389565179,0.21677560304384785,698.4553127963737,8349.371730138319,1
1977,26,53916.766176676625,0.05,715.5042902415291,13614.025441822327,1
1978,29,48150.842226602115,0.44254850225683384,658.0742387830675,19605.592649138613,1
1979,53,22253.040835821925,0.7155749418138463,725.5837417192137,5000.0,1
1980,61,68952.47030873747,0.434908403723407,628.7591624960286,31558.568737924736,0
1981,45,160578.41073900828,0.3428866729059552,612.4475341832322,9448.010629566154,0
1982,33,23124.264875567216,0.29050919545742665,696.4805819718341,5000.0,1
1983,29,32763.13072830771,0.2952107242371547,623.0199614046544,5000.0,1
1984,33,26614.25589804987,0.2904971316907251,799.671868524654,8045.4923616871265,1
1985,51,34632.821923447176,0.37984863682282005,723.7850891647499,5000.0,1
1986,61,41645.68331141322,0.05,610.9749610859271,26998.952524111435,1
1987,31,25625.251491788258,0.05,638.2012095944618,16420.97022031322,1
1988,24,31619.841653780095,0.41767926279153694,640.1499907871133,11990.91000252973,1
1989,54,37934.702269239395,0.3201300209417206,597.4511192493683,18414.960867399306,0
1990,58,45972.60630641552,0.20213607270095557,712.1937270972769,5961.3059348106835,1
1991,24,75602.63775458926,0.19801343156714335,588.9085625923506,40203.257326324456,0
1992,58,36053.548502393875,0.2663436028963386,643.4607262694948,8616.349233987521,1
1993,39,27421.48700741999,0.2872480042643444,596.0705124057254,7950.973743846985,1
1994,26,51439.90817648942,0.5635017610374369,611.7047077437015,13431.679732765586,0
1995,54,44359.68939334787,0.18949185163919868,703.8084374858619,6988.077509429544,1
1996,38,32977.678486735334,0.46459248609607195,697.4674376946216,13739.8975786767,1
1997,33,46281.99846472412,0.4385397882204098,625.522266578553,8877.606956159503,1
1998,61,29984.1956641967,0.31858534524110144,729.6020986479773,7417.132773960336,1
1999,43,27856.12057397677,0.46474775626459575,690.1078759945531,5000.0,1
2000,39,14049.49066640575,0.41625069861440755,658.2049843711892,5268.31217667914,1
2001,31,30823.67819900323,0.16157350431666773,713.5752827159466,8613.05624493488,1
2002,21,15044.060025446606,0.2610002143333897,749.3254279532136,5000.0,1
2003,44,26378.328861750975,0.40816591133264285,680.802307662032,6655.649621795067,1
2004,27,48520.436936244885,0.260300981554295,669.1132981104823,10035.549119809375,1
2005,45,17109.94518300071,0.44161203077663536,515.5602291528353,5000.0,0
2006,41,33026.89564073371,0.5243788461357495,668.3628693464331,20632.485442843787,0
2007,35,37524.03101876994,0.34592882045148465,682.5497729141819,21884.612246325025,1
2008,21,32231.609059256705,0.2591191395874654,672.0097732865936,14270.095086919824,1
2009,32,28547.726691000797,0.2420566173221048,586.923599123908,15695.660194832974,0
2010,27,42731.618563501266,0.2953513428469094,601.9288494936721,8561.46042215588,1
2011,35,45800.468544687625,0.28486621508216414,700.5710720625727,13657.903527757035,1
2012,41,36343.2243121283,0.4796041111969341,622.8364230738528,7012.785580468112,0
2013,39,29352.104935449006,0.2620292985678043,662.4299292318625,10283.769760836622,1
2014,49,55958.631108989015,0.3236363045170098,502.8238358922101,27468.471810776864,0
2015,45,18856.82073016194,0.4669562863983979,648.9052054768017,5373.857930923009,1
2016,53,51209.95774055318,0.30050194687765786,706.4407765934852,5000.0,1
2017,52,44794.7935237086,0.28336859388861385,671.145733080463,17153.646737726245,1
2018,55,40115.313448557376,0.48070027763730766,640.2512159863917,7181.071697887296,1
2019,64,36136.26649683632,0.5240008251999333,576.527758659218,17586.800500595793,0
2020,58,14115.314201367792,0.3557553945601273,524.518532366921,9527.042375933035,0
2021,46,72669.43734708615,0.5991051318684932,595.3036694615809,37298.894285588394,0
2022,31,55234.08504732721,0.3748628917778552,722.8044118163302,14188.18932917797,1
2023,55,22455.815727069985,0.4814500343432573,646.2074101199497,7251.266428626433,0
2024,28,53072.004315867045,0.6432511588845757,698.3478273995929,14907.869501576894,1
2025,34,39911.50270839609,0.2556997640499957,750.4217522762855,5000.0,1
2026,30,27132.8102605983,0.27180114821271606,658.6999375625402,5262.14368170673,1
2027,22,65900.20680797964,0.4699125350356225,709.1913521539757,17764.232984563027,1
2028,29,29277.6694780795,0.32591220815618066,729.4656323732063,7478.523506090889,1
2029,23,71543.66916500352,0.20886023747851673,552.0515785989844,5000.0,0
2030,41,47436.16457428746,0.2976237047165819,596.6734973161568,14659.212771786806,1
2031,46,58587.65941570386,0.1377853977407401,532.1222505961621,16889.91688252924,0
2032,28,48510.846278761615,0.3536927291113125,522.6293498919752,5000.0,0
2033,22,47399.42580919677,0.3744637973703197,615.0944199467931,13045.220009615066,0
2034,26,40441.639579571674,0.5127407063958748,632.1142086478663,5000.0,0
2035,48,25250.22956820731,0.5270747842791089,518.9491194188256,5000.0,0
2036,49,37468.7623632837,0.3024146524681086,681.8197024110422,5000.0,1
2037,46,57422.72569709192,0.666138970517851,615.9511344537103,14564.250257403386,0
2038,45,52032.814977631744,0.18892052332463802,750.4548038971826,8511.623488802717,1
2039,32,46659.262164475374,0.13999070433383382,662.8651527186909,10851.304445573569,1
2040,25,12735.177731389795,0.16367720464377214,662.35055602064,8654.597320551371,0
2041,54,32643.072595737896,0.17430784690827383,635.6693664225672,5000.0,1
2042,57,30972.512275494537,0.4637115097939735,641.6527963028167,16102.980638080231,0
2043,35,20918.123513937542,0.6023241119425502,675.925566522176,8780.468979452979,0
2044,64,57061.15181343828,0.6084860774758827,713.4080396907724,21480.822049487688,0
2045,56,13191.733381897091,0.06731025240112758,556.7015557562428,7208.224264642443,0
2046,35,55177.9046443627,0.478523277716556,591.3918884379598,11527.483439565234,0
2047,63,70588.26028232925,0.5790600036837034,670.5548707027957,19072.152396734695,1
2048,43,32698.32495205663,0.49969039155543626,647.2792601902069,5000.0,1
2049,26,34990.452866234016,0.2549945913640171,705.4387045593102,5000.0,1
2050,64,58910.79430838034,0.37526013791875357,602.9261134836056,18903.27223151752,0
2051,63,24789.431032860055,0.20727293721951695,738.476703828539,15968.881884720227,1
2052,41,50533.32195645857,0.46211394800960653,613.7992365287221,5000.0,1
2053,43,22950.45006936053,0.13046146096928965,627.792818337027,5000.0,1
2054,63,19757.31432208425,0.452807215873874,726.6393057597157,7111.708230686509,1
2055,36,42108.09844667028,0.24348882515776116,689.9823821581405,10731.5171247445,1
2056,35,35834.14573691955,0.40448071017913606,788.7483920674648,21512.489511511143,1
2057,45,15359.628871753004,0.31197665669696073,716.4202618428227,5000.0,1
2058,56,73692.43862289941,0.29594921954322007,740.2981833366555,44691.50571838839,1
2059,31,29514.633813603596,0.4920159509950359,629.2178891005749,11480.122335906668,0
2060,35,46879.696941873844,0.5789721940764573,741.2398667767087,24662.01490621347,1
2061,24,81031.36862542071,0.2202554324597407,654.8243415449052,11291.164652247075,1
2062,41,41101.59420355261,0.37799600306674647,494.61084662073915,10502.279569042712,0
2063,33,68641.05011572226,0.1870321851427131,683.204146771015,22829.548198859113,1
2064,42,23587.518566924533,0.28092468218235905,689.2142706517627,8739.851480235135,1
2065,39,73901.8157437345,0.2409749932892673,573.5770112523683,11397.5028854483,0
2066,54,24030.226442435433,0.16112653367888444,675.173945594006,5000.0,1
2067,34,27294.193225495932,0.5088873735241635,658.0863033132838,16597.766340302547,0
2068,24,17547.50922826165,0.365517790656573,734.9026435842705,8431.15686313966,1
2069,47,41531.700307607396,0.26800134821320365,680.6826509761817,5000.0,1
2070,49,49784.738348116385,0.34127052308302797,650.0320289407205,17565.613273388306,1
2071,48,53284.682850846024,0.5294484991828574,556.8260335872762,28867.946325301236,0
2072,55,17751.172874236287,0.5041479691040041,512.3517684480998,5000.0,0
2073,28,43804.33759153915,0.4337462744189676,738.5922953234684,17773.395980682806,1
2074,36,44622.396873090256,0.24959418625321206,677.5885302332395,18479.08350103757,1
2075,62,49384.20201624488,0.36790045685392225,633.1809017534424,5000.0,1
2076,56,24677.214493432628,0.18635232571453128,688.8199822605991,5000.0,1
2077,50,10377.01076067047,0.3369083842500018,633.4009626820922,5000.0,0
2078,38,51701.36445882223,0.49669276733994855,509.9237627240482,15511.894376141994,0
2079,22,33761.79722222844,0.5244818535747379,720.9186224506557,6417.214967156466,1
2080,33,41777.807348894465,0.2535802278817289,729.8537490417383,15815.110921909776,1
2081,24,34637.648679496655,0.474893028353133,626.9922293495137,8172.6998757202255,0
2082,46,40833.21504810205,0.4440809514191978,647.088441691122,5000.0,1
2083,45,52499.537924066404,0.31390933747942623,607.0839129375652,5000.0,0
2084,50,14349.76931184316,0.4619175819891173,779.1208476730243,5000.0,1
2085,31,64248.2739702044,0.533941858883937,734.2861007662347,21258.61885067281,1
2086,27,33154.33486305805,0.4775987791837369,593.1468238910984,9915.1543302857,0
2087,51,81923.16987091246,0.1919473586974045,692.3521980463426,6814.489562633222,1
2088,64,28861.74492775834,0.30827751091861694,588.6046842812837,13467.133195921024,0
2089,30,25827.654939190248,0.4099427986075832,593.0993895880391,5690.235791646879,0
2090,59,33719.45657247959,0.2294756549606627,618.9986827881509,15856.457790984023,0
2091,33,46629.72631364472,0.583692763614585,607.4493785349522,22289.97690923896,0
2092,51,31660.455613900078,0.39701746449561676,540.8617275416487,14691.458326519296,0
2093,27,48351.699190586456,0.2819648386906614,742.8512709281929,20690.66301623257,1
2094,62,29924.62644987471,0.2725903222378747,664.7859529686792,5000.0,1
2095,62,36954.62578767714,0.24572462442365123,758.771864082171,9588.628552561935,1
2096,56,111110.05488216445,0.4558764081537824,638.3629012209565,66470.65695818109,0
2097,40,43418.175891779225,0.47372090349787155,547.2644332366413,10877.664320196309,0
2098,24,45195.288039069266,0.25041928001356384,721.7780446255802,5000.0,1
2099,27,17391.119935665432,0.570390097255599,668.3012619007238,7707.092480358246,0
2100,21,71477.91227117916,0.29195696815633343,631.4173578692707,29125.774549793507,0
2101,64,61897.34355591812,0.2304632714432394,734.349032381837,17204.318181819497,1
2102,62,25406.884138358084,0.42158594346592015,555.9778361601443,6167.639268147073,0
2103,33,61289.44782286365,0.17005833871466916,718.6702684436293,21222.37448855809,1
2104,42,42825.997426322276,0.14523398379424668,700.2628338439724,19290.520982404178,1
2105,41,37168.16704426115,0.20701347174452112,666.1948778958341,11739.361504702925,1
2106,42,69249.95838685056,0.23221138464315325,546.5416532201104,28819.971380492665,0
2107,48,28109.15810585327,0.46242501513666273,715.6633017563246,17801.21721940833,1
2108,29,25306.649649062063,0.15556509456031434,702.0924067278323,6220.568732978561,1
2109,46,40286.901092281936,0.4053179439436108,668.6228580211617,33754.19446092232,0
2110,29,47292.85033132116,0.47623098294359884,646.1793935523921,31360.25638303751,0
2111,35,58874.182351337935,0.5667033076643999,570.9995812582277,12090.729610011671,0
2112,30,33675.421709551396,0.2762204313736752,571.5981166005109,23844.566149082933,0
2113,44,23744.69560818196,0.28810176187918585,595.7323931981882,5000.0,1
2114,62,128577.08143257904,0.6554672874444047,539.7280177704114,101259.916269408,0
2115,28,21093.130958685786,0.5529723262200996,542.0585588840856,5244.386000738508,0
2116,44,37330.24226263601,0.3088079032955069,618.9358710351737,15040.919858989344,0
2117,36,53629.403117340844,0.5220003595563174,556.6650197348894,21399.591637149857,0
2118,46,64573.62389266891,0.38712084086793824,633.7287515593629,14433.794575041913,1
2119,47,27348.580647754534,0.3524468509013162,654.5880884069463,10662.343692580735,1
2120,57,14221.940443404592,0.7224879427918137,548.5802800210548,7567.697367568842,0
2121,24,27034.454208129315,0.5112196292425105,707.9349370898027,8572.869063364682,1
2122,44,55863.207327924756,0.6330214597624066,720.7617067663194,19684.20304395205,0
2123,39,49948.52433251058,0.1906704755657106,496.994938585284,23089.08658801509,0
2124,56,50770.01378418876,0.6196420570615707,744.6762638578068,5000.0,1
2125,59,51835.57885918964,0.3265469465852072,689.1549853555988,16423.70488754895,1
2126,30,70972.0996658213,0.32461118416904233,656.5641916631286,39152.9113414079,1
2127,45,24638.25948461086,0.40847469898689315,752.3712842299535,6021.580622599806,1
2128,38,19951.328311591737,0.4268554135918775,657.439002238101,8377.331165351812,1
2129,39,43705.97601423161,0.508265754041198,595.3793237293122,5000.0,0
2130,56,21498.48303717149,0.48252337201459833,545.5213861764169,6897.03948303688,0
2131,30,19332.488956782425,0.25201585991273734,641.7699556572264,5257.192548466386,1
2132,53,66968.65512527707,0.20052792525512167,641.5258873396614,20765.442739249815,1
2133,25,41158.259733951876,0.32130796164453324,530.7402518827405,10972.034608876826,0
2134,55,36836.57713922904,0.34798700191085224,624.9552254478505,20162.640214864754,0
2135,64,37221.32014930991,0.36335840213476844,757.4762715818919,5000.0,1
2136,54,34438.50315117358,0.5550358539454949,685.310774623087,7918.902301482735,1
2137,53,66744.04258811695,0.377665002446091,555.6635633369768,9575.533633964153,0
2138,41,17029.32347532172,0.745567002302013,671.3105439884113,5000.0,0
2139,37,16680.375862798788,0.5668725036558844,699.1370358006062,5000.0,0
2140,42,22738.373543318696,0.30478802251493575,722.1189051264552,5000.0,1
2141,57,41964.563874836924,0.08367469313740487,690.894735002683,14651.284774566424,1
2142,35,89560.69850145395,0.7082117561764895,731.313944545878,31738.196276082977,1
2143,55,56080.41914596315,0.3076327247659707,702.8865259509519,18597.56540890589,1
2144,48,48835.918557408746,0.4893225528189692,632.9227027036818,20293.182928563434,0
2145,27,34893.873011121155,0.2499181109934733,673.1281110272242,5000.0,1
2146,52,18652.49214088951,0.5897964714263061,633.9769575445102,11174.145918741538,0
2147,31,46980.82938428612,0.47716576153483276,678.2408545555927,13528.74028596971,1
2148,30,100005.80696333137,0.1869342518796198,701.4585639457679,43726.56876705933,1
2149,29,32208.032992802262,0.05676629831017145,644.6913385884692,5000.0,1
2150,34,27437.4272305101,0.37830496434951605,671.2488549203748,5000.0,1
2151,33,32285.658515605042,0.424569148603431,616.1924021713726,12973.262663724594,0
2152,45,49014.701820623995,0.4644082990071867,628.6275127455447,21806.193658683078,0
2153,22,38402.01044815278,0.23333281828121277,645.1699018553694,5000.0,1
2154,55,57239.93256485003,0.25343467009446696,610.7757649624151,24010.90708652504,1
2155,27,35713.16127077361,0.06651983569367732,742.9146711726615,15719.380287072234,1
2156,41,32192.673840908472,0.2671819922622182,691.7568115763803,13706.513992098651,1
2157,38,40721.15397036164,0.10532418046768172,701.8162713051545,13461.864227102551,1
2158,23,27727.33175297303,0.24311272560580288,689.1969883119398,10039.36273694356,1
2159,62,86715.02710170508,0.39922255860566896,661.8886565135848,55685.12302585092,1
2160,59,54806.12293353605,0.3970619257989735,564.787452535557,10077.707173786652,0
2161,61,20955.38025158073,0.24889687657653253,728.5465632461386,9959.073254129831,1
2162,31,25012.23575286114,0.3908125375608939,795.6876957560916,9610.572563552492,1
2163,59,48178.517351448965,0.5717049132672387,696.3091341460064,5000.0,1
2164,44,39801.45597931292,0.30827204289749793,594.9167679297103,5000.0,1
2165,39,42245.6156023045,0.15814752370825977,691.5881084659584,14094.522150064411,1
2166,24,32989.22475959119,0.4678409360991911,594.0231039332645,5000.0,0
2167,46,45596.51277121543,0.5138030323153263,616.6347693280504,5000.0,1
2168,58,33379.494915430194,0.2455323999082949,480.6079418189182,32056.55158966004,0
2169,62,48131.38661676348,0.2466436813499263,745.8926085839955,5137.206723582041,1
2170,52,53450.65204973439,0.052510161483988696,672.183125170432,25859.901606114334,1
2171,59,81094.47956617826,0.2808735981575174,690.1073833581083,28125.725024965523,1
2172,56,28075.437943105288,0.21159135378130584,705.2621974833032,21487.10037883137,1
2173,60,36114.17346720467,0.1215639233898398,683.4224746898267,24498.708287931157,1
2174,57,19742.111929048853,0.29528332113447076,718.3805088469377,8139.334790194871,1
2175,53,90502.31491385959,0.3492599112948672,745.581255415455,5000.0,1
2176,56,13524.47142199703,0.3218265632539579,647.4968185815972,8205.760588138868,0
2177,23,84240.80428170535,0.3014171654277517,533.7190762608675,5000.0,0
2178,29,38052.98429693535,0.5786531267098717,590.9512134386196,19572.707631275018,0
2179,28,44766.437076933405,0.3961129791237056,693.322316839412,5000.0,1
2180,53,33428.544948160765,0.44760924901321353,578.0959693262138,6692.651683207643,0
2181,26,36884.63431426787,0.6215955933821539,645.595983673883,28217.657447126123,0
2182,61,48729.61815490694,0.49803509983251754,825.0588977551284,17015.098414103348,1
2183,59,16021.330491688552,0.30896041959665255,723.1279464018376,5000.0,1
2184,24,26211.06375799022,0.07204927666017635,509.19223136506923,6719.027809989025,0
2185,33,23800.72587384826,0.29430183329134807,813.1737177096961,8275.166537250321,1
2186,22,45419.75364750975,0.5683203784903793,745.698427234057,5875.687333750062,1
2187,25,36394.869620589525,0.49697702796935167,696.4293047077856,15666.67153048068,1
2188,64,49466.35003981237,0.2948936402496906,659.4156314853507,6778.479205213241,1
2189,47,39434.151220391825,0.3381427242901819,553.4461242166306,5000.0,0
2190,52,61654.063443208965,0.36917278056928904,623.8801544638479,15807.154669390298,0
2191,41,25080.92445953664,0.2576044320371608,511.17213493741974,5000.0,0
2192,28,37386.98356954006,0.2665815803870508,716.6055795480879,12304.501110996422,1
2193,58,63239.330651009404,0.2526668306368777,662.9839657257751,16442.437050513247,1
2194,28,57220.243609303376,0.4238506428343302,597.958328784639,27074.01057620484,0
2195,23,17329.711268407013,0.19161870470639228,720.7051313454753,7683.039010450432,1
2196,64,21795.19050733461,0.5662809748932942,673.2761087767759,5000.0,1
2197,23,34860.32111693454,0.34906682849106935,764.7446831756481,10122.011507582942,1
2198,42,32292.221624452504,0.18413071529278788,618.9308249117204,6816.572136996631,1
2199,26,35146.722010613375,0.5039009372908277,747.5142526591043,8393.587672430307,1
2200,22,54073.26418276034,0.575043734817217,665.7410636062776,5000.0,1
2201,43,41969.20871235701,0.8211663930495138,595.7831530231341,5000.0,0
2202,64,43210.787405013194,0.555616058588657,691.5653867903662,25893.648845461656,0
2203,22,50782.48467759168,0.2187227390232184,655.2265648410246,12829.722507443437,1
2204,58,62136.39099035092,0.38150991122403743,681.9068801103035,22272.204794383757,1
2205,37,7879.29663434787,0.729308348738553,580.9538855153188,5000.0,0
2206,55,29932.100412471846,0.2332761925756405,488.26711374324464,5000.0,0
2207,54,23353.826053855053,0.15950243301482156,615.3678635038095,5000.0,1
2208,43,46058.06066484945,0.29150424375172435,690.0269032610407,5000.0,1
2209,50,28823.5494780522,0.19779328931086157,687.954666436566,12154.621944056706,1
2210,28,37719.43690911053,0.2588651883841888,618.226606448959,13845.790715739973,0
2211,42,55607.398514924236,0.25082116164912194,666.3751525568207,24035.61221797653,1
2212,64,26863.0504091347,0.4574069207169024,622.5479163319682,10136.858633285143,0
2213,56,43538.802734713594,0.15551027338859605,640.6187857089893,5000.0,1
2214,25,78977.15493413614,0.36963012874929263,738.3484495954312,17927.04723543788,1
2215,33,55039.57384501405,0.23525823869966064,556.633774779757,7475.861661781633,0
2216,49,16434.06052930882,0.4324978563648189,782.0698656773864,5480.627146926312,1
2217,51,31386.29618364993,0.4488295693382865,662.1742362979271,5299.2157184545795,1
2218,36,43386.69766270626,0.48389186912664434,791.3114792052057,15698.206288443434,1
2219,62,47877.068322618456,0.48386477452465226,780.2929527888774,17781.339338916725,1
2220,50,32010.699358677637,0.2568342583011243,490.82734784653735,7966.61166948515,0
2221,36,26373.250966291438,0.349346650375537,662.864326598733,9387.483949208565,1
2222,32,37567.00687437201,0.5704474882968773,581.308671497576,14097.34722501868,0
2223,37,21090.071170006104,0.4162851482820526,640.5291876342678,6848.57633548885,1
2224,36,62935.591988064094,0.48311004660438234,682.0185915608258,23363.721520428986,1
2225,32,92442.35009370097,0.167446037950019,751.9981238448497,39966.37083498917,1
2226,28,44238.33430815461,0.49304103763062845,574.0531354035913,10035.564136288252,0
2227,40,32330.96514624707,0.06708623782053914,827.0414241362998,5000.0,1
2228,23,58130.775416438526,0.12064908909552279,609.3325721092423,21479.191316847046,1
2229,36,53421.28880057825,0.2150879112262877,555.9742077085796,9847.219718008524,0
2230,50,31641.651811394764,0.4138395214542687,726.647811463546,9431.80383303335,1
2231,43,35457.07948208784,0.4395113678416597,658.925915898375,9685.391913595095,1
2232,48,26775.239238906874,0.22788999689983602,804.788420935816,17064.283070041867,1
2233,60,39432.37318947781,0.06129446729286834,581.116586612237,17811.898393307496,1
2234,25,42169.58771781815,0.4930240153280019,662.9004786493513,23053.418471984893,0
2235,40,24586.029961436547,0.43813906408076725,738.9101727247601,9397.923122079745,1
2236,60,21219.202504109842,0.41416998638798436,590.8033992308017,7584.038833686685,0
2237,64,18713.347045256447,0.6389987664518204,739.7165012583096,7169.580485505861,1
2238,21,44724.07969997266,0.37250280595398555,677.8412052738083,9325.368722803954,1
2239,50,36107.6024087648,0.201214381500959,579.6141943138043,5000.0,1
2240,41,34829.25336469554,0.549315006181699,738.427373888962,14494.70671444179,1
2241,40,45810.241615925224,0.28887914402115394,636.252993908173,18426.21922171741,1
2242,26,23144.65187150843,0.33422308748113644,733.1932850359141,13550.34400552157,1
2243,42,21266.187145948385,0.26953294415544266,600.7999497411984,10031.232440642196,0
2244,38,40967.77083966176,0.22514403942595984,548.3516476571413,8718.084185040316,0
2245,28,15300.801937302405,0.2867658892023298,619.1915112298474,5000.0,0
2246,59,31904.671961828615,0.5780945119205906,641.4453104778191,11796.976522805951,0
2247,52,124644.77694251708,0.1900227334503828,663.6478088192379,38016.03384567575,1
2248,53,18503.79765362059,0.5104269258824721,687.3685494963005,5000.0,0
2249,36,29293.73120407037,0.07264040064129966,787.1735721408236,11987.491777688274,1
2250,32,12563.531842629422,0.5901444732463221,642.7598026211435,5000.0,1
2251,58,32310.12639924134,0.6058598493627817,774.7248587019883,5691.412705518731,1
2252,54,97077.82099513353,0.19643606417498954,721.7407129961629,84497.85876641216,1
2253,34,45865.05230683531,0.3618404517910289,644.3319208346524,5000.0,1
2254,56,26718.469463156907,0.44657778788272734,671.4656349309333,10376.502135561384,1
2255,53,108088.46839990407,0.2593839148915936,677.7098625240158,54156.44972267126,1
2256,43,15196.549815408467,0.6324112257310995,721.7984252558468,7133.223497262552,1
2257,22,45568.48234470227,0.35324171471818494,732.476941205813,19839.120421424435,1
2258,61,37513.50924229284,0.27198147225580604,551.9901729048092,14643.60662095842,0
2259,41,32096.031094078375,0.36182330000039686,718.5039315509589,9525.148276088321,1
2260,22,54368.79988925395,0.2395657516741203,678.5455151111631,31932.916465653423,1
2261,47,20110.760435730692,0.353139380358379,677.4854633198623,11590.17583501555,1
2262,29,42459.72747896142,0.2825338654714428,640.6950603978698,21259.85859490164,1
2263,21,39848.06641189329,0.23314542103860014,699.2578538484655,24708.651182926522,1
2264,31,23493.843061997643,0.46962001107113743,712.1884751576418,11524.64603109196,1
2265,23,96278.25718521977,0.0961359629102552,657.8510261401067,22474.90972209106,1
2266,43,33159.39513627616,0.6144184983079031,721.5222048170776,5366.514272155346,1
2267,46,33883.207406642294,0.384558375561233,605.8297893762779,12673.08444584358,0
2268,24,21723.750027658352,0.6270714492794162,650.8259052929371,7781.378225605009,1
2269,38,33467.48918269516,0.49430115373956274,675.2645312848634,13137.603631123444,0
2270,26,116701.80712922808,0.1484833088197999,628.3376099301997,70785.94226049923,0
2271,55,32004.892797451077,0.3606083365101081,626.8323138480177,7184.753679227336,1
2272,42,47068.10957080738,0.08072104580423675,584.910694298197,12689.515767098777,1
2273,63,58411.838715134145,0.21446260454381127,680.2160008927485,21020.291347804385,1
2274,35,33166.60729677381,0.3294788657780211,786.1422230501289,8965.699791422077,1
2275,42,29590.387734035496,0.24423559149716487,692.1525110117371,5000.0,1
2276,57,45987.8238083276,0.2785306648240667,638.2572572718468,9557.606010433112,1
2277,62,32188.702487969345,0.24993711197963026,742.098772840748,5000.0,1
2278,32,30763.292726232492,0.68435994085845,647.6087032054851,17646.353906519773,0
2279,62,58101.39466597213,0.367828251566174,702.5139804875172,7816.875004329863,1
2280,58,35076.562681226096,0.4435195888503653,689.2103821731068,10226.417576044032,1
2281,38,66610.66102261184,0.34223153656429667,545.503823571312,20671.719437700638,0
2282,55,34684.10028481707,0.4006075222085853,657.0179217856921,13863.975798146826,1
2283,50,18796.053767932335,0.05,800.0269715229673,6616.447688733983,1
2284,44,6549.227112551094,0.6006061254484217,612.0627613713067,5000.0,0
2285,62,14485.823732793544,0.24172974313664747,761.5276437724391,5000.0,1
2286,50,15788.226245005097,0.5218703152342647,720.8778152898473,5000.0,1
2287,34,41492.54142692415,0.5277039600047074,618.5544775010823,5000.0,1
2288,26,22344.45907935443,0.08025126702631921,657.3780880422933,8396.470074651463,1
2289,23,13533.648055284757,0.3584123594457552,582.9444293569452,5000.0,0
2290,36,34014.66913713852,0.41079995359980925,716.5290624505595,19378.400190507924,1
2291,27,21143.461049489986,0.36647008074715504,583.8400421188127,5000.0,0
2292,34,45777.5726007058,0.34985897282058215,685.2063761831432,31352.637107461698,0
2293,29,45212.74629002531,0.2846288971049067,784.98794965961,15675.756322189725,1
2294,35,47669.31321814318,0.24292369441227601,611.7235019709128,11378.672662864905,1
2295,41,10105.748874084224,0.5087060352354413,681.1809792213339,5000.0,0
2296,55,37149.461813484246,0.40966387163187057,552.3383582436038,22007.24216468725,0
2297,22,34176.67934518509,0.377798248834672,659.9435279545879,23145.30190322063,1
2298,47,19715.84409212394,0.109832391847148,586.0940528493969,5897.141533595944,1
2299,22,12472.538901745542,0.31149710901111793,674.1334992203682,5000.0,1
2300,55,34394.692354306884,0.341626758116644,619.5117813158157,9739.195070362344,1
2301,38,61824.68682554382,0.4761170712476752,587.6540935996891,11999.273751973464,0
2302,34,9987.8156962597,0.08846701933310427,647.3769119043963,5000.0,1
2303,40,23950.38226202972,0.18562930209448575,471.35718145084024,5205.086722999761,0
2304,38,38784.17402668432,0.6198096902940979,583.1656231244996,5000.0,0
2305,30,63733.14252656606,0.23039255512988055,822.9610146001038,12455.768129933023,1
2306,45,31064.291117572924,0.07226655624059845,640.9213860569185,17803.00283966343,1
2307,22,95368.29589088996,0.24527430072882572,623.6490317826014,31095.643390981862,0
2308,45,14799.471214440375,0.23092768340070916,683.0814805944538,7348.884599945186,1
2309,53,13247.061578773135,0.44766905910234367,731.1450974090806,5000.0,1
2310,56,60406.834099312735,0.44582622541108924,772.5046162813426,32343.520528258283,1
2311,51,11217.023671724359,0.20459572849290666,653.5766024460057,5000.0,1
2312,34,45741.7244567406,0.29316156596952664,643.7260789926119,6796.297938049291,1
2313,21,31342.60962882588,0.43054056392553947,685.1495492750165,17970.388662981128,1
2314,36,23144.204874465355,0.43556716612294394,662.3458416597068,13060.080491982855,1
2315,23,29338.80717922027,0.19481122802624276,646.5738766517564,5000.0,1
2316,55,19062.227786308085,0.21138753958398415,700.4194698875112,9511.80282929068,1
2317,61,30971.817971439603,0.6674498515590257,699.3676613760211,5000.0,1
2318,26,36633.18003977924,0.31104247189022,662.4170409765932,18785.656571690663,1
2319,45,29492.433319330008,0.5740172677608346,827.0707214751475,14966.08483788432,1
2320,33,27106.582089531195,0.3842916489057736,791.693518474157,16679.398789162362,1
2321,54,41236.06421703774,0.5142537405828924,697.134924820829,26422.514593179832,0
2322,28,83265.19368336168,0.4437929054992109,739.3212057037566,28903.6581913677,1
2323,41,31789.72168307302,0.3756493270835625,611.0305996143197,7961.428406792872,0
2324,54,54720.58551838719,0.3738742852134729,660.345039647453,16185.253929106226,1
2325,24,22402.13399629799,0.16389426533371607,709.3881589708507,6157.352788530424,1
2326,45,18638.02913572647,0.3249987427839964,755.8932167033153,5000.0,1
2327,35,45554.18127053225,0.2716934661310975,585.8303525194124,11965.019003541865,1
2328,24,32313.252791709365,0.3008248714757933,612.2209062150273,16979.241985699377,1
2329,32,63879.173940647976,0.294565038219066,663.8024685232926,5000.0,1
2330,52,70453.7508944867,0.3743598802633592,765.0419424982043,36353.419875917585,1
2331,52,55245.51398344496,0.4456930374793173,663.671390003726,16480.466310534917,1
2332,48,54648.615820218576,0.32937126644730674,738.9456139016977,5000.0,1
2333,33,6550.64277369783,0.4932321538735567,647.1106625036967,5000.0,0
2334,51,45354.344476879116,0.28768267396017144,709.3884309093115,5000.0,1
2335,34,55906.72269165505,0.3630044900694795,582.004183976932,17741.671122055137,0
2336,40,19227.72830845819,0.7285055926495323,605.4833086858074,13921.810944643772,0
2337,38,36475.14161095739,0.16979120917601653,640.678581880791,7672.587210316023,1
2338,49,21560.881127901,0.2867912869880861,574.40672056635,5000.0,1
2339,26,60703.41874168938,0.0778414270429126,570.3693310684688,27759.05164045376,0
2340,52,22516.43953637538,0.3842670909661803,626.582937761065,9615.317378650967,1
2341,49,24430.04354113654,0.35248060400173176,552.1922011948494,10434.624901803025,0
2342,63,28795.514773715266,0.368857931516188,645.4364291053596,6018.9639451854755,0
2343,22,111826.64189928793,0.2132666829351366,673.4597955717787,44162.997256356946,1
2344,43,60014.17930520682,0.2357445128764965,594.830185327325,11170.920604735173,1
2345,39,81332.5780632835,0.35810862363612705,628.6700634931489,31990.949332722288,0
2346,51,14668.242655738271,0.13957897497515936,626.7308506645984,5000.0,1
2347,25,19251.661100222205,0.4822262881525924,761.2138318022293,8716.51185542995,1
2348,39,70918.72782509674,0.14136727935284155,661.2310387438164,34101.30936832652,1
2349,54,15061.836295406087,0.32735667756966574,807.9958312001813,5830.409394198813,1
2350,30,25955.995816778443,0.28463121409920716,621.1181960395195,5000.0,1
2351,45,101485.44521792463,0.2749927873618352,620.9546438090072,5000.0,1
2352,22,22432.534897716505,0.10914102190901993,730.5061401760637,5000.0,1
2353,31,14610.581035148038,0.34337063975668447,473.51421156265013,5000.0,0
2354,51,37187.845469767584,0.1687918059802146,704.6355898118811,33407.111158111846,1
2355,35,14915.08674545269,0.3710288251700279,643.5068778753307,6441.201994548742,0
2356,29,67415.14915034355,0.23607722883530552,657.9252325932608,23278.349189908196,1
2357,43,23215.388269505125,0.3424594345591853,626.5133926754966,5000.0,1
2358,39,21002.158256506944,0.07829787714143208,691.2952059989933,10238.710207425816,1
2359,29,36852.95838937625,0.4868417295464326,520.7457159079908,9636.719715051482,0
2360,55,29666.717506954657,0.5144511521161907,597.943622555544,10929.184963752283,0
2361,41,41199.219741303554,0.26718749788799656,787.1522887227798,17295.840349214137,1
2362,29,47134.11014065922,0.7702115567328767,654.4815493853056,18068.54050763376,0
2363,48,32576.815333777024,0.46410734500633616,567.2278165286742,10217.946870433741,0
2364,27,20318.26867391331,0.31126714198958055,654.334779322191,5000.0,1
2365,36,52326.28696061785,0.2763573927160877,702.3065796669486,16324.58096728629,1
2366,36,25675.566297949732,0.23279960322415538,656.7798441461603,13281.312963991979,1
2367,53,23516.451352210635,0.2613892169623356,642.1138163823426,10601.56377312197,1
2368,24,39000.521919675695,0.3335195894106839,608.6748002220471,14179.906512069616,0
2369,24,13844.85261753498,0.34343613041828513,561.398673235914,6410.833545571229,0
2370,59,44153.96531346449,0.1393952822295095,519.0670162730215,5000.0,0
2371,60,40049.88183047022,0.5532116350425209,591.8091187139967,10732.33573502261,0
2372,37,63634.42141477928,0.4680157161006354,741.931216370306,18569.171681281365,1
2373,57,28276.99711182038,0.6270859152306483,620.2726094616464,5000.0,0
2374,59,70432.90024538734,0.40518357524393633,638.6031202927729,28381.179082428775,1
2375,49,47326.300233118185,0.5070085028394438,543.4181686850445,20660.539025806516,0
2376,56,35832.31478160575,0.1624655161523081,650.4510932546607,11925.856353366999,1
2377,58,90070.49880681025,0.4403367044436858,621.7553903274933,30641.30365478519,0
2378,59,38086.16475676007,0.08125085697323282,626.6695158650991,6894.743537941087,1
2379,57,28023.993591159997,0.20425804633121797,608.3976712542449,5130.3957581838595,1
2380,55,38635.23629887569,0.7259824835978703,609.379912368868,5000.0,0
2381,27,27736.80238851767,0.2975165864102542,632.9673104484476,7293.579573785718,1
2382,47,43775.226892685685,0.3471295277322637,647.7961468674124,7909.707309348153,1
2383,48,70287.10557565183,0.4552911465828539,491.81405926530545,9800.13625427471,0
2384,42,36170.45787202776,0.34418184753324604,532.3341088973954,11251.980239938795,0
2385,34,37989.680271996585,0.19678520620116907,613.07534889034,8579.502567207845,1
2386,27,54117.64664188152,0.20048884218767857,714.5589018091566,5000.0,1
2387,57,65750.33282826649,0.47022098665721057,550.856134836901,12438.665439517928,0
2388,42,28960.33364696686,0.3947405348745121,690.6371699446187,7921.024892877935,1
2389,25,39583.51422455436,0.4754570814250017,765.9664830715913,5000.0,1
2390,22,54237.68026496406,0.43810727874318933,631.3360018976325,20079.620453466774,1
2391,47,42829.23152658269,0.3590691517181047,618.5944223054975,13496.626909916908,1
2392,41,14313.454987894622,0.3519795797951049,687.6374212292317,5000.0,1
2393,58,59359.26406607568,0.3645142395255232,657.6349111342852,27062.76103476076,1
2394,35,47166.56997319114,0.2954495973790677,606.4283754890389,27237.775163136143,0
2395,41,48872.70648768354,0.2971902027925744,669.0827128191478,13969.44808247006,1
2396,30,20008.74358344327,0.4252990146011502,601.9910102125962,5157.08887983921,0
2397,43,39190.70841101149,0.5661054037956942,746.3238999020227,9258.00600645889,1
2398,59,55363.32316183763,0.09862747846133992,634.97269845638,10795.348104751272,1
2399,25,23381.717616861766,0.7081244484311406,679.6443402410329,5000.0,0
2400,21,26628.24371008317,0.453894126371817,766.5278063343687,8600.662448564979,1
2401,33,55839.65508283208,0.4153257711155901,637.3514945158348,8245.133719158168,0
2402,41,26015.52326811769,0.1987534074812251,597.4143245419292,5000.0,1
2403,46,32720.123371337668,0.2432145608090226,609.9333214478371,23109.94843711818,0
2404,41,21648.483189527557,0.44169302161092744,649.7571428291584,13843.521338148332,0
2405,38,90216.65043692155,0.3876292639058527,639.9676731721618,29077.987031610923,1
2406,57,47113.33601914879,0.15620876215584997,637.5193048272458,5000.0,1
2407,52,31961.985153713966,0.22068544343828114,674.4811446056268,24285.258220027066,1
2408,56,29109.28297114298,0.23904465147060205,658.5336978640591,11757.394510095444,1
2409,37,19649.706649872584,0.22622028017700085,617.6440406288924,5000.0,1
2410,55,34370.36379263664,0.390719178050163,650.7521989903256,20712.361457903837,0
2411,31,50641.619684367215,0.1963991894092752,601.7017914342937,5109.095867233587,1
2412,41,24223.849693561162,0.4668459937177155,616.1268263084436,5000.0,0
2413,46,38283.357880578435,0.1272000693647526,486.71301650995713,6483.535458232991,0
2414,24,30221.50731595925,0.4964281456830796,591.6764694694226,13417.905460486882,0
2415,54,72406.97871269053,0.8089559406626982,707.0984235627329,54727.08830716042,0
2416,38,26414.03080953169,0.46681291786292667,694.0195761092851,5000.0,1
2417,60,53561.07857071643,0.2684100428674302,701.169202591522,5000.0,1
2418,55,72912.20302141499,0.2749650775438478,679.7826889764181,22351.923071605772,1
2419,61,30074.55360815804,0.18147279193304072,616.0503149435665,8953.770329311805,1
2420,49,27057.277209613105,0.5117580151559158,561.4413889935777,18311.153453723084,0
2421,49,57604.22295930802,0.37445313698491633,627.7987837782512,20209.124712665547,1
2422,58,14904.046657308156,0.07858692097824352,433.2813306323864,10769.799541423736,0
2423,62,45039.597197269606,0.1319867957392732,729.9572990683284,25904.978009274473,1
2424,41,16520.199174684585,0.08642990474479055,664.3471347432708,8007.582673974285,1
2425,62,66916.83325205237,0.4643653200798755,709.8203567466605,5000.0,1
2426,33,32014.744067284035,0.19972594733432478,614.0551473392737,7079.325733462915,1
2427,61,34704.02504110397,0.4750807987144507,537.5748821405094,12189.283441619375,0
2428,37,25282.693653183924,0.2662695195095605,662.8989970650719,5000.0,1
2429,29,16459.30695201723,0.46887442060467033,662.0532936717998,5000.0,0
2430,61,68386.46601917686,0.3113957016635767,640.3755058255571,16109.696530817697,1
2431,21,33338.602733729305,0.49247604083524843,669.9660137981252,5000.0,1
2432,22,180662.20635085434,0.23117725650090146,616.5661306502061,130557.39049843732,0
2433,49,24219.396478134586,0.23980857967776778,663.9396687053838,9668.636759572057,1
2434,53,26282.351221988265,0.28169997665206015,682.8137678226614,6799.544895111779,1
2435,30,23187.716185379497,0.4750637710125043,767.2904057537601,5000.0,1
2436,60,33253.64687090947,0.18766613763397993,703.6030976708956,6451.452179224061,1
2437,41,79826.35195233287,0.26351125514013624,563.2565063902205,49420.45110517085,0
2438,48,60178.39431086631,0.31250890061811276,622.72043579406,10727.114773456256,1
2439,31,17115.214490690072,0.40985977809416,590.1176273584903,5000.0,1
2440,54,66307.6157697154,0.29056772640833567,745.9670474125263,5000.0,1
2441,28,51092.63532775341,0.43664460880189604,615.6883644438215,17029.052200012535,0
2442,42,46198.098274172284,0.2378272254621917,631.5228835739607,16815.107668222307,0
2443,28,25793.54596654134,0.49835145867261454,642.1654409875084,8692.030470150543,0
2444,35,26770.206509178126,0.46347693804295814,678.1937682243185,5000.0,1
2445,37,38891.60189120665,0.2640708540392834,566.7280770166604,15640.09948411219,0
2446,43,27540.658123070003,0.45808908393145314,649.246128018158,5997.553198705009,1
2447,44,70004.5831209441,0.18626143831171416,715.7034859434167,24329.574607393813,1
2448,39,26957.643715693364,0.3742646180360917,626.9907451829946,12349.595728301627,0
2449,25,13720.10855726754,0.2315477545623232,778.0013500879844,5269.84392542178,1
2450,52,18944.549206547068,0.39699714571477074,588.1006282926926,8160.573065099991,0
2451,64,19555.626286240764,0.3245273699368961,614.6784710225149,8566.686734575595,0
2452,21,31835.13914272319,0.23613519261910623,704.2073884989206,15112.588054111862,1
2453,43,40458.53966566071,0.11427591229842597,652.2901932370506,20028.866961499247,1
2454,57,37305.655582642336,0.3175761464330412,633.9864523093217,20150.208805231377,0
2455,28,45727.470386694426,0.5289559320805229,571.6432223247418,17693.716643713375,0
2456,33,32011.80397472517,0.39263459903650283,609.1775719705953,14991.378812874562,0
2457,28,32583.017714780304,0.11542542731064515,778.1488790920152,10890.888986242571,1
2458,43,87197.41693480249,0.314963293246684,672.3575238648981,38158.739501054995,1
2459,63,66348.65615208939,0.5282661796152371,690.350570804447,13835.991005695025,1
2460,21,44540.32514946356,0.3035237073140861,606.3476421859821,5000.0,1
2461,44,57430.75486374788,0.2040626846950429,663.633233675604,33895.77945543944,1
2462,55,13861.803920280914,0.6120954142017888,630.680403586357,5000.0,0
2463,44,24070.2204765572,0.18789572413115088,562.697059603716,8036.945824709056,0
2464,37,29257.705182055648,0.3160615295780341,598.5999274263055,14036.652397205544,0
2465,25,24212.32352239505,0.25774138235843164,613.612573781068,5000.0,1
2466,40,16766.386299761998,0.4479280008378733,796.6595578782394,5000.0,1
2467,41,44813.82216485683,0.42221554429203445,780.9533153604744,8208.307658204782,1
2468,60,72611.1579403637,0.21569996372349468,532.8363193051997,19063.33883392253,0
2469,51,36083.65019343288,0.2450499097572556,592.1696817862164,8004.445964269418,0
2470,56,50216.10258233512,0.3708341256040466,637.2553827079084,9500.866915464056,1
2471,31,35551.336270508786,0.3827362693047132,651.8455205904781,13419.970149354389,1
2472,35,29120.002703821483,0.3156797672823425,640.7904746655743,5000.0,1
2473,39,57503.33812848945,0.30389597815256575,779.4979443055666,32405.728708789975,1
2474,27,17781.333915028357,0.16570681297615394,616.9414834466469,5000.0,1
2475,48,14304.059070119494,0.6275387928158547,777.1125913324865,5681.832997975004,1
2476,63,17656.337958641125,0.44575937263992443,717.3199813513139,7214.3571182108,1
2477,25,55647.58664730276,0.35088526584264307,645.6077886927852,13387.713268272077,1
2478,25,37934.0935794536,0.4964301831027755,604.8785198040941,14674.563162189874,0
2479,50,43838.55628495795,0.31939877736441374,603.8258998660435,5000.0,1
2480,52,83990.71170144377,0.22783600531353082,785.9860395526183,16000.012579078404,1
2481,28,20299.06617467848,0.40189806243620324,700.479158901593,5107.021876536702,1
2482,30,66309.28320729749,0.370850943042978,670.6355497918099,25919.660299131723,1
2483,58,29787.31149095939,0.6022729297626176,496.3142596791798,6911.077549395648,0
2484,52,27606.859746855174,0.23943971950169038,615.3859884567869,7388.181727697886,0
2485,48,37820.63713671976,0.2055798177912071,624.1272824319215,17617.560731659454,1
2486,37,40899.29594564955,0.6651861667204664,665.2361889646007,15511.811253067386,0
2487,51,32686.875982168414,0.5276789059940867,640.4223396912545,25088.39828251702,0
2488,28,49274.261792604804,0.4455047205390106,623.1345916453603,5858.013352644083,1
2489,60,37896.78422043298,0.24746514696239172,672.5388918346355,5000.0,1
2490,45,32870.60892125626,0.4126583616087244,712.9630424708489,22425.882331261684,0
2491,29,29491.51671857256,0.15641558399000977,608.2279668619987,10395.087971794404,1
2492,22,40911.776429944184,0.27298937964430986,580.6937924729424,23172.467750148102,0
2493,35,18428.821174050863,0.17548051279440813,610.616942311313,5000.0,1
2494,23,21221.457287745405,0.23704386660853077,582.7868534260335,5000.0,1
2495,56,30220.475351500434,0.17129414444411764,631.378070219917,9874.829654377798,0
2496,24,47688.117166938595,0.45438548292359476,790.2509111087516,14309.341534337447,1
2497,34,106024.4558301659,0.6181131578302479,626.2061190217042,30193.562344283942,0
2498,61,33534.7395522508,0.49644495548977674,572.9631779136611,5000.0,0
2499,61,14956.247048764766,0.46237212676883094,619.0446035226745,5000.0,0
2500,45,24462.00178906617,0.2995718885830786,759.2875892832694,9007.884680019615,1
2501,30,50485.72614903538,0.378827423755226,630.5137364876839,11741.38828411991,0
2502,41,22356.199531229446,0.18916432902272742,593.4078310155353,11088.754525785374,0
2503,56,18903.972630695822,0.15512323895684557,528.8246552666074,9389.629037137,0
2504,32,50354.055989805864,0.13206680134270793,626.6330864566193,17303.546987757523,1
2505,47,45818.353920361944,0.16697936778352154,548.6072627200183,7086.707628324728,0
2506,60,17391.374234238385,0.45307646094293086,665.1358106459718,6462.178557597655,1
2507,22,23213.82597327044,0.4695149438740529,620.514363061028,9272.888964739319,0
2508,33,67665.72739576739,0.21477077785845683,503.4877610554205,21634.789707704687,0
2509,52,55626.89771143182,0.39403851709392,766.434364826186,8389.331261805468,1
2510,51,19956.580989849634,0.5212934740803685,799.6337278247195,9357.163633592798,1
2511,36,13434.150954908302,0.327213485410899,667.9705735182168,5181.5158775879745,1
2512,52,41533.63907225091,0.23849599950528322,757.5422513237553,9145.29943149737,1
2513,52,31318.554686630276,0.2875130523895883,666.0450925532236,10368.761298582238,1
2514,54,39770.1117602918,0.5646317678784644,513.7174177004741,5000.0,0
2515,31,49877.783986971175,0.33956896617679827,632.1435133095565,5000.0,1
2516,30,22513.384799559713,0.6703584135788503,605.7496219846796,5000.0,0
2517,35,29258.55348376632,0.24986487491959516,545.2126175070313,10310.709139822347,0
2518,37,23166.68972358873,0.27407926159219775,650.1166444959049,5565.022373031425,1
2519,60,23585.384150688467,0.1391995221256553,597.8212833626952,9056.670711491413,1
2520,38,48164.60030298467,0.510858318849107,663.1491578828847,22451.48099684499,0
2521,29,39027.98729421685,0.3641352617590979,701.3292979012296,14421.722854879667,1
2522,45,16622.77654531458,0.21496692142262636,768.8855597712914,5000.0,1
2523,60,52185.07539193812,0.2962060002436017,647.6853760652854,19953.30684240731,1
2524,34,30484.235578972697,0.4228187209863079,571.4525180156566,6779.196954837076,0
2525,45,53400.89063749425,0.22597724233215472,612.3978301412536,12574.3033688271,0
2526,42,21864.74884212014,0.401340057986428,620.5853003153778,11153.280329265921,0
2527,50,22860.275540153052,0.4849206893253535,810.9198930751259,9466.018670971776,1
2528,40,41186.10202971161,0.28496784696014515,642.5030233161774,8918.44305379454,1
2529,41,20989.339730064235,0.07076856934246396,685.6296577396937,5000.0,1
2530,64,31652.088559255702,0.30943455294122224,726.1658080315595,18274.569911950242,1
2531,52,19830.238899527347,0.2744228506163325,746.3333041786512,5776.495135757075,1
2532,41,29861.196286360762,0.16319292609722033,664.4036873827869,5000.0,1
2533,55,35741.68322866475,0.4380152859141597,625.5240204159963,7565.286198194672,1
2534,52,36593.61195656865,0.44384936050040513,615.6143052261281,5000.0,1
2535,50,30261.342878556974,0.38273089595416837,560.2030158493086,5000.0,0
2536,59,42902.06119043781,0.2849772075840165,712.1616637423442,21061.201958394897,1
2537,32,39100.85148146939,0.3702682228753876,841.776655181698,5000.0,1
2538,61,34728.52478405754,0.2524863946829815,744.626851766209,5000.0,1
2539,38,26557.692834449415,0.4527129011878808,651.4716973776584,5000.0,1
2540,41,61952.415337079285,0.28436207117070084,560.0439553409558,14409.760364924905,0
2541,33,44052.77403706782,0.31218536849167866,611.1899699111254,7979.578595569192,0
2542,41,21632.35886079568,0.3246794816552822,678.1843068550736,5000.0,1
2543,28,50233.72725959277,0.8400830264377721,626.1659645239534,14654.577308212098,0
2544,60,56260.43525337555,0.1970504187572372,641.1301676877796,14178.38205592191,1
2545,27,34864.26368333893,0.2794343729614096,676.9533729796774,22277.05972592146,1
2546,43,36042.58146611279,0.10967611129111131,664.8974597400418,8178.145185238105,1
2547,64,12972.210055755439,0.38812828684811,812.6801435959675,5000.0,1
2548,52,23819.967098941826,0.609672587129671,809.3740985199343,5000.0,1
2549,31,55372.98996988125,0.31563940351497455,628.3503727511962,23783.839426351253,0
2550,42,24555.43272246813,0.2536649758936905,722.2272231221136,15545.838459629738,1
2551,42,33526.08390623166,0.34088102892970623,552.5851732522398,9412.191169655012,0
2552,63,23639.86911625135,0.5052075116037282,715.8580903764338,5000.0,1
2553,45,40758.01524335255,0.5572184556910901,683.8705110825575,13698.893727170142,1
2554,42,44217.29484288293,0.19293602487544273,586.8708322950998,17485.174630682206,0
2555,48,44812.27295919182,0.44872585572812146,730.7327328337415,39352.37911307592,1
2556,49,20543.903725021402,0.3347563670368556,578.2452773652807,5549.836800343705,0
2557,33,38305.58754449807,0.5663769121640928,640.7004093128188,8879.502421734842,1
2558,38,79880.32695998882,0.6942816800344417,660.206976593362,5507.188386195164,1
2559,22,52798.833109027655,0.6230875860265118,531.7242317154945,12679.443161104531,0
2560,49,38050.35214508437,0.20206299191431612,661.1634031252793,8210.218752532795,1
2561,41,13828.857750103562,0.22377541957404015,586.8771821811433,5660.565264438978,1
2562,35,32058.63218227608,0.6041646390351836,621.0933044274592,7889.207998139291,1
2563,47,82717.19588763494,0.3344059460466312,643.1826370435368,7946.690892538335,1
2564,51,70214.02932676327,0.23458559650504235,531.3098573867738,6209.38034396175,0
2565,35,45739.11698942817,0.14559773671158746,614.4503492967007,9858.559734018507,1
2566,43,25344.950401053364,0.370954599442551,637.7550597117515,11433.918333294443,0
2567,44,37277.28695066259,0.2881996510424116,624.338998984929,12513.22692155143,0
2568,64,53462.74935810718,0.40854960557501985,583.2594819433328,21064.57711646351,0
2569,33,58120.26032764259,0.37852751383324207,555.1780434222738,17594.6244594993,0
2570,42,42459.67805105883,0.16765889648397772,578.6634929399048,16113.569535850398,0
2571,63,55687.993234483234,0.22737450501586745,514.3683126713343,12777.979087937925,0
2572,57,35265.26309644141,0.4916947653672222,590.738119208474,5000.0,0
2573,53,34494.20674397256,0.504908783600372,735.9878906467089,5000.0,1
2574,23,28869.54433271012,0.29428490620551284,541.8723164908855,5000.0,0
2575,39,44903.38300361684,0.37640745308784174,713.6621492816408,24823.00150123054,1
2576,43,59884.329335789116,0.19388869634077255,556.033347830625,29671.340069757163,0
2577,49,51752.18515055944,0.3419477504370173,685.2487763674659,11107.4941491873,1
2578,50,19751.44158525418,0.515800203429639,834.1055614543745,6585.355801597482,1
2579,59,20287.553368179346,0.6002458495487503,691.3145536252161,8915.92219008579,1
2580,64,63058.61324117019,0.33115700589857977,636.5546203530558,11464.776625657667,1
2581,45,39667.45697205048,0.30287040830647144,638.6684935088391,10922.8325221329,1
2582,57,40450.087099124736,0.13453283963460955,712.1572775431,5000.0,1
2583,28,39996.90346982002,0.2602293030818285,677.5563480224964,5020.409452894556,1
2584,62,87187.80513838392,0.3397272076887186,668.6175248890545,37872.83129966471,1
2585,36,29052.435324123126,0.32384260723060904,617.1733020439506,9092.707832486734,0
2586,28,63469.646824551295,0.2648761512837326,673.1075306574845,19406.66872965409,1
2587,21,40814.94172743053,0.5280627318167921,524.5567529086657,21528.385259035833,0
2588,64,16313.422437638283,0.412101856967688,608.1381846027368,5000.0,0
2589,25,24042.391410059336,0.3251692398870988,775.2245978473402,10647.889953085034,1
2590,23,26808.779554058863,0.45255016762087513,711.0389837615244,5000.0,1
2591,21,62727.42348981857,0.3460992113003184,640.9587414761229,13582.222660834555,1
2592,24,67080.51567674147,0.5828567848712748,573.5512562199291,10417.509560715174,0
2593,60,43344.14568221555,0.23076436572531056,790.9902621235461,6134.018936900999,1
2594,55,27962.32535686392,0.399232480783175,606.4113179428978,18341.607354366737,0
2595,52,23028.997045998167,0.05,582.9424824247919,5000.0,1
2596,62,64137.88572925307,0.2912430876324601,662.1731490310551,10274.44058153678,1
2597,54,19105.352216549523,0.3727847760927306,612.1724680171202,5000.0,0
2598,63,34477.246299204686,0.30183825118772656,509.06235157228974,6734.631028677892,0
2599,45,118448.74391229052,0.18421675915447452,549.1252367533195,31234.31613379019,0
2600,30,28004.10557203291,0.24586037031669744,636.1408406919147,13140.275451537278,1
2601,41,19228.539471154374,0.19903161681464748,570.9900841283596,5000.0,0
2602,59,15021.998724706655,0.3320928947170642,541.3285902243457,5000.0,0
2603,47,120813.36688893473,0.4677648547026447,547.4209293380292,24043.855362633778,0
2604,47,43231.01903242758,0.2979861519113201,636.9916070076537,15243.391197204344,1
2605,22,23516.60851205438,0.6213388756127143,640.9730573727542,10624.258262505487,0
2606,61,33038.594600501674,0.38429841444156027,708.8320432136999,5701.638819733514,1
2607,33,26069.519904322508,0.05,565.8365071717374,5000.0,1
2608,29,14302.962746436075,0.39997473589217697,637.060658191295,5000.0,0
2609,56,53855.44096342297,0.3424405739682563,603.0396142698902,19851.563419199287,0
2610,42,36934.6868381263,0.5566090987548127,688.5949498394317,16970.662291715827,1
2611,62,51662.72889322719,0.34745412366282774,651.197987107109,5000.0,1
2612,46,36434.639780177335,0.3120264236974855,674.0178125268947,5677.530642361717,1
2613,32,38778.55311039259,0.6609412245988879,736.2455634657999,5000.0,1
2614,37,11879.729329920732,0.05,663.8769582788062,5000.0,1
2615,34,57177.965007295286,0.2983596674003091,726.73285868034,5000.0,1
2616,34,21075.04933554336,0.3898557936546388,558.3055716077141,5000.0,0
2617,54,23955.61953762418,0.29009220109601785,547.8229603397615,5000.0,0
2618,40,27891.125861880657,0.05,742.6899236974292,10043.403545156485,1
2619,31,12973.423707904494,0.4106130567241485,669.6084818064695,5000.0,1
2620,36,27138.855060271842,0.2813013789927359,691.7253111348722,9648.680102574977,1
2621,51,26210.305290987715,0.32956394085693796,731.863077635318,12603.819802525588,1
2622,26,30063.98628722401,0.5388285666936016,596.991255848648,10499.046379412914,0
2623,39,15512.636694688286,0.39566937865435625,606.8925570138211,5000.0,0
2624,57,57748.603240545875,0.2569948599541706,707.4674941587036,22637.27768275563,1
2625,24,44312.77499639839,0.4090384837971456,625.8214921814282,5000.0,1
2626,24,23575.89102969183,0.286330655558679,611.0511625442438,5858.92809985174,1
2627,40,27152.56494077257,0.3044655386199925,561.1016144571057,11628.227617271898,0
2628,30,55219.650950093914,0.46359900231585566,712.5642489337368,14953.205376714826,1
2629,44,31928.76109951845,0.25374094760860594,611.9409373527399,11033.799634551204,1
2630,55,19530.489457763517,0.43423501023098365,711.640531196274,5076.976232495648,1
2631,46,34828.944722628185,0.3154845479576991,684.6164081822466,14679.625056485684,1
2632,57,21079.96798896752,0.27380832081178397,747.5336012885537,10068.554798380881,1
2633,58,25490.558633965054,0.27432966205227766,531.6695189161587,5000.0,0
2634,41,35407.81900177297,0.25790207168291096,449.21742617549774,5936.02998499006,0
2635,60,61550.03698172731,0.3633895909886247,772.7843716726708,5000.0,1
2636,59,99873.77045108413,0.3087890047040348,720.8117180936543,5000.0,1
2637,41,71776.17035129463,0.5554265213612423,578.2825229070365,29917.02592501886,0
2638,30,35033.9153259796,0.21693076658078894,592.4704063912365,16068.812197255042,0
2639,58,112271.45246246952,0.43146756468736863,653.2805471992115,22325.58106180494,1
2640,24,48008.5631138488,0.5214917603055617,635.8529285811314,7761.365248441553,1
2641,40,22251.300389158438,0.609518899352916,603.5121272887768,5896.557069853385,0
2642,37,38073.543598111384,0.22823387491615785,590.6990755921712,32742.356624062908,0
2643,27,26148.35801640721,0.5036578410961967,616.4367304628604,5000.0,0
2644,24,19458.651100882,0.3808851060200519,684.5446190580279,5000.0,1
2645,49,20188.897655367706,0.5078362116415875,651.1350730369444,8477.556533355715,0
2646,34,33738.09559313232,0.2532996525631804,615.6396631529046,14529.041077425984,1
2647,23,52949.9811644785,0.3325610413810129,603.2550971048678,19969.021973036022,1
2648,44,61951.16100595807,0.29544780918831615,800.0580797394423,19512.385723957083,1
2649,57,19489.69301840379,0.2823784565133232,609.622853759235,5000.0,1
2650,36,31206.155898959998,0.35617078081434467,686.4661069753821,5000.0,1
2651,24,46318.43568980393,0.7242347119390465,822.4458091333647,31127.063896216212,1
2652,44,39180.29801899496,0.4503320840452973,698.3754112747969,26868.2655975961,0
2653,54,51393.81860064134,0.2973315887939658,683.1784788346584,10293.670669925967,1
2654,50,29221.299217431486,0.30620632401621006,736.474285566708,16990.787852063644,1
2655,38,68628.11830442933,0.43438278302456934,747.4063352496739,25287.22777596811,1
2656,39,36238.558725394316,0.32207619436019436,648.0979314441782,5000.0,1
2657,51,53043.20599365457,0.32260622749920087,557.0083710793282,5000.0,0
2658,39,30019.821006553688,0.18362269033943432,639.1577382764967,13578.810847782677,1
2659,39,37391.37985847163,0.3429408208893243,690.6008122290425,20844.769000402375,1
2660,42,16350.063731776145,0.05,625.880946190702,6065.604489383057,1
2661,44,23899.728188265628,0.08473868107989523,633.7733972724142,8388.497939364299,1
2662,32,32737.22719685065,0.29745373904649636,763.2902440340172,5000.0,1
2663,50,38178.61311201716,0.4490411652010329,704.9940101441669,5000.0,1
2664,58,138773.83152391898,0.59170396899809,691.3417574169019,62931.980918792186,0
2665,51,30002.920430417373,0.41020512588833596,577.5125658627373,9289.197816414027,0
2666,56,18245.611858689565,0.4301349271323423,632.8108990488735,5042.063026307386,0
2667,39,85071.0747605423,0.36692726141524956,676.7883941110475,46866.87042991068,1
2668,56,62281.44799982058,0.47576196576145025,695.6533065839927,39759.300681213674,1
2669,50,20368.480232178877,0.38200753315414604,761.1616121195208,8484.232024169463,1
2670,53,45827.10626767389,0.40589190216141685,696.8553129215985,5209.261950252843,1
2671,38,55138.485164384125,0.11545460072677952,612.243962608777,17121.824025299593,1
2672,48,39415.4266009379,0.3894442099701291,781.6736238838904,8482.12169102616,1
2673,31,42740.87324378469,0.35348995953854856,630.5693732490636,11642.395529141768,1
2674,53,26472.76945345529,0.2875788862985055,714.1459552886037,5000.0,1
2675,37,46718.460536380786,0.2986219893299057,609.662240417938,25724.9339608266,0
2676,26,28405.06803625375,0.1499223622329174,595.6039650879146,5834.440326197621,1
2677,24,9675.023309570242,0.43086301188202697,555.1723407266536,6006.227115109742,0
2678,40,40059.97503514643,0.38524853002660364,560.1262112933214,10998.77878011003,0
2679,47,15709.569732188078,0.36038123736335487,616.7746368077866,5000.0,0
2680,35,60279.483341636755,0.3845001581481689,741.5551937116791,10010.977806667104,1
2681,26,20631.822167806247,0.16306780892183093,668.3981479733221,5000.0,1
2682,34,10651.946192686935,0.6144984303122087,525.6065646974391,5000.0,0
2683,31,14993.235617999944,0.4914634602404902,708.138879375772,5000.0,1
2684,59,35570.13537659039,0.4430922523591289,649.6896192282344,16374.604147742792,1
2685,29,39864.99526337808,0.572677625570287,756.1585463579773,5794.842266863281,1
2686,46,17920.15958397112,0.38166758565813125,615.5756864017035,6206.769388632782,0
2687,36,21243.49208511498,0.30762706436397186,586.6563351379014,11520.006119356094,0
2688,25,36169.284966340514,0.391073439539976,771.3074874077104,20844.19776249318,1
2689,30,59048.468106967404,0.5790401063383699,720.2433134758793,9118.609013296336,1
2690,23,19830.152455950403,0.21582736406831374,530.3082086755678,5000.0,0
2691,33,43896.40176086243,0.5772488361147788,675.2686604277948,7709.859862890794,1
2692,63,15224.400039216136,0.14716729738712406,530.4729141096486,5000.0,0
2693,50,42529.12304488949,0.42996211105630977,716.8820198053235,18464.644356045712,1
2694,26,52991.9895490799,0.5015317815617536,572.0673410305234,5000.0,0
2695,37,47197.83516442178,0.4466651754043276,562.2311239110733,34559.33936672822,0
2696,39,59706.662352222644,0.5071330667502365,747.1237812635462,20698.209078909153,1
2697,62,57749.57102768525,0.3308736772830207,678.9596965931449,15259.65426085103,1
2698,55,91442.52464811431,0.15903032227659364,701.5109302582742,64244.65097790898,1
2699,46,38342.30786639061,0.5075382031575362,616.1164032440547,5000.0,0
2700,25,91577.94008102358,0.6272922796880273,644.340226355841,13249.740454238987,1
2701,49,22650.800103762605,0.3253035076182877,759.7482789456236,5000.0,1
2702,57,32771.978923598064,0.45229088204673384,672.4494816963355,9675.571695063862,1
2703,40,34286.20663934608,0.2260414327499894,813.1090310635351,5899.988977062844,1
2704,41,21560.274792186767,0.2147268402308779,636.2944202360973,5000.0,1
2705,30,11155.306315221573,0.3661024257771648,717.1738990655011,5000.0,1
2706,25,56086.43045643606,0.2408512166780085,727.6589440244555,20541.600453941264,1
2707,56,22811.793113714535,0.364433029767231,663.7894559598743,9734.133018220295,1
2708,26,29720.29712798268,0.8045477219819461,745.3599922153207,5000.0,1
2709,46,80201.10985784486,0.24411769406276274,612.5312507942667,20956.20169986604,1
2710,24,48341.347906163675,0.40123329716468287,710.3750856087379,10503.977037699093,1
2711,59,86691.03261450355,0.08623610860282913,577.2443584249863,14646.763589214905,1
2712,59,38571.36794193242,0.4284949354765304,561.5306853831207,23993.255342270608,0
2713,55,47941.95866037424,0.24418857997688956,652.7549506317142,13875.725891485592,1
2714,21,32198.14822214814,0.3938958329344484,640.9884905464319,10736.358455914888,1
2715,44,23757.459648544616,0.389883806444494,572.4773524596152,10372.38112121591,0
2716,56,47853.35345443067,0.3708666980780146,703.5509765111907,15142.110705415751,1
2717,26,29203.662109010686,0.2078834004640667,759.307909506808,8646.75117494987,1
2718,61,50124.28915800408,0.30742394139782153,627.335278749806,23317.100953602883,1
2719,64,27303.37202667144,0.3853576717868772,722.8644561169867,5028.895455577063,1
2720,51,33266.573520988546,0.3136043651821475,605.5638650733745,6977.387575013806,1
2721,40,34625.95233425136,0.5604961377406982,636.0353920690775,5000.0,1
2722,44,62223.15725177224,0.3561524455115217,646.5628777277489,36252.101829989704,1
2723,45,29372.83890025647,0.20106944501376742,708.3685917469761,12074.91648746512,1
2724,56,65742.11768899213,0.4147148629572348,644.2849193165506,22783.69498208383,0
2725,41,23099.68199118368,0.05,510.1385048323304,14126.404577586196,0
2726,50,41561.4691978037,0.6442323084866013,733.9743261610439,5000.0,1
2727,44,25750.25183915987,0.09188243635338064,657.9664019281447,7296.22369457435,1
2728,64,63441.462614077864,0.48446913802553637,489.17355235655543,5000.0,0
2729,62,24116.903224368856,0.46111819899078954,749.4410318792379,5000.0,1
2730,50,25377.890675162813,0.18041905202283062,753.1779564902423,13331.59730361028,1
2731,42,19377.129992044214,0.4339188003150587,574.4762233564658,12361.834286314635,0
2732,48,38235.523890561875,0.2465777409764831,550.7394712938067,8287.376784204514,0
2733,27,48801.8915531303,0.3251857151368559,729.996175848386,10654.627715056275,1
2734,55,46238.33948201621,0.4205597413267562,730.112961509394,9790.676789788244,1
2735,48,33788.67682042661,0.3427501520092742,683.7392935186061,21539.507157592336,1
2736,34,26101.013767714223,0.19999211372062825,618.8212891577884,5000.0,1
2737,30,31592.026479779943,0.4115561500321686,594.5727539965889,20004.63483152693,0
2738,36,32200.43492833405,0.31878315852869277,692.0028000129943,9960.883386136118,1
2739,36,41204.60140591731,0.33340873388492953,605.1349091216682,8364.267940141815,0
2740,51,39812.10955762535,0.3422745019330001,605.5418353666902,14078.990065923306,0
2741,62,86669.69276958975,0.14820373968696773,704.8692568317098,58764.85537629751,1
2742,45,37042.38337031112,0.18135863795931206,718.7728438158457,12324.647704400206,1
2743,33,43494.96591258882,0.2616206054920212,755.0592399809173,11349.714069185386,1
2744,26,37636.43601844501,0.4115495129818391,522.6382878217323,15307.649552586607,0
2745,64,30842.01676570753,0.2106295901925765,615.0821734019805,7824.0426878789685,1
2746,29,43348.92789398817,0.5283890384266863,626.0781526191676,5000.0,0
2747,56,29427.05308027523,0.3802498765356982,648.7364288646609,8395.677100150557,1
2748,63,35273.64538259595,0.4046567511940012,560.9691748595914,16721.054871278277,0
2749,40,64837.166125288284,0.30024973681438927,689.704520229484,25150.5696468277,1
2750,38,28490.33784673101,0.11059226564062055,782.2531279430227,5000.0,1
2751,63,44076.056076558176,0.4297878011141078,566.5364678012276,20254.102226137016,0
2752,41,10502.046781883486,0.24166950783178617,663.1956414121552,5000.0,1
2753,24,33101.306923242635,0.12621613720071295,737.8469326271297,10756.54712898476,1
2754,53,28394.212982225727,0.22478571809871237,633.3636393883173,14668.975719375114,1
2755,47,38566.149592852424,0.33804143056610286,598.6708351463318,18643.55010539109,1
2756,27,32269.623307647995,0.05,662.4756032823468,15377.73050832042,1
2757,26,38978.242605877196,0.2995819102996563,701.3641397609089,5000.0,1
2758,35,30051.4699924848,0.5012485854576074,561.5576816481843,12870.670411480409,0
2759,38,44053.82010206174,0.3547960979907972,722.5406429439589,10635.653265293036,1
2760,52,15408.568029759137,0.5299061877620611,635.125100127542,5658.718835216427,0
2761,31,38395.90714156671,0.28952692064031055,603.2982535651624,5000.0,1
2762,40,22730.44229021476,0.5229726314672015,542.669290283523,10994.416392829597,0
2763,44,65116.50125894783,0.14875385351864867,604.2870835884258,33445.69769180324,1
2764,35,22547.805137836673,0.4399813130900042,607.5175593790092,6324.2170016055725,0
2765,27,59731.23381256658,0.33375924219614833,566.3487654703601,5000.0,0
2766,41,36106.698437826344,0.5532302566407846,683.1554225921109,14687.662937401345,1
2767,62,14553.962734753692,0.28814093169899996,660.2941375811859,5000.0,1
2768,46,23432.197694318555,0.192111998947932,718.6541817934558,5000.0,1
2769,64,55486.8043532656,0.42600242717721104,700.0366430238674,16609.780108334016,1
2770,34,53933.35584976986,0.5970779284309481,605.1875689087144,24977.834813887304,0
2771,57,18964.509941472876,0.3854269957786913,628.0155696911373,5000.0,0
2772,41,79334.45978230315,0.3436848981194756,597.8196011151226,24756.067505315787,0
2773,38,35872.19982995099,0.16775618991345204,538.2447149567637,12365.76102898627,0
2774,25,56524.12556243121,0.49203570426322957,676.8559295600467,19566.196981265617,1
2775,23,19812.717831884114,0.3422589826377042,661.60655657683,5023.679223425864,1
2776,43,28912.389709829567,0.4551215028639398,607.421718898797,9548.354421542152,0
2777,46,44709.98506243178,0.37958400962812977,706.3748275636331,11523.135179676143,1
2778,57,31051.993043626575,0.6560013038159112,626.2236201313034,7618.037388642108,0
2779,44,8430.441969245736,0.2663876523564419,736.2924917980737,5000.0,1
2780,39,33011.41968025317,0.27187538610385975,639.1802940059554,26796.98156014118,0
2781,45,13597.63184866356,0.5020131082007572,559.3684455752109,5000.0,0
2782,41,21261.511157288922,0.5056928347439267,756.577312683905,5000.0,1
2783,32,18007.90493675142,0.5104412740552426,675.5798979596888,5000.0,1
2784,61,63976.92359810221,0.3480992080977905,583.7327768985923,18054.72735126938,0
2785,53,74845.22192492818,0.3811485826214567,621.8392968907277,12555.613562869397,0
2786,24,43078.61433707214,0.1478968493598765,591.9325300877663,7194.267309134546,1
2787,62,32369.29764639009,0.3258696864002304,719.3855527990496,5000.0,1
2788,27,36833.73402582306,0.39151946590175396,504.2472616682377,6864.805719063895,0
2789,42,63954.5157009687,0.39160047753049526,669.4807232262126,20126.948975370924,1
2790,53,13470.883444631101,0.23633901263831636,529.742018339045,5000.0,0
2791,37,21214.688080789267,0.18509833808205053,518.0262850168367,11186.862049686215,0
2792,44,59995.28179702636,0.5066287628655968,678.7384811517152,5000.0,1
2793,54,66578.40062912052,0.48310273006567556,565.2649975440602,17653.498576113834,0
2794,48,48769.51236596474,0.31515948968918595,698.8085181612395,9028.315385626747,1
2795,63,21536.710368699652,0.5048702424700158,717.4898664438136,5000.0,1
2796,61,59562.08485917005,0.4909217479520876,618.7045388134442,8059.00262449073,0
2797,59,71733.72980727156,0.09824154588708561,684.2011668270833,5000.0,1
2798,42,52006.55949548983,0.33441305989651515,753.1514814987918,13948.802392802154,1
2799,37,10435.77596395416,0.5507978937676613,582.9134929276942,5000.0,0
2800,54,38649.82029501731,0.11146221436332834,710.3150587698141,5000.0,1
2801,26,48660.36085457451,0.13239358177760369,595.5428266372593,14005.723523645005,1
2802,26,28062.553048116497,0.4439923698847817,650.2391162054323,8847.696405655,1
2803,54,39868.366227593084,0.5438516767046436,606.4197591141783,5000.0,0
2804,21,28092.851257889375,0.30801342224006795,609.0085254989705,8944.054255400397,0
2805,30,23604.75141885353,0.27959027612062937,624.8272608147894,7325.002739157413,0
2806,41,77288.1101686639,0.09513330109252634,608.059085576258,20219.99618121185,1
2807,25,40438.368763845974,0.30525608023094447,640.8066231727286,18472.71895604896,1
2808,22,20889.672496793843,0.12920563684285166,731.8037984702111,10633.718725456529,1
2809,42,18245.97860338766,0.2968031865458343,553.5824575021034,9452.481500504682,0
2810,22,23611.967202210748,0.5466165068739631,680.0000911934212,5000.0,1
2811,30,23675.909008821814,0.15583303558865652,574.512474883862,6208.361279984851,1
2812,54,39076.05440312354,0.3121568982715727,578.789719492782,5000.0,0
2813,36,46294.49623037777,0.4791488934042549,520.135700434494,20229.803028932518,0
2814,59,46269.73825208741,0.2335649300775564,725.3540305636076,21733.21411743306,1
2815,42,24957.858123028465,0.41118407806841084,633.1078205713551,13029.705456990127,0
2816,32,57544.58728236215,0.47152919091865203,587.0685521665738,38671.01941581597,0
2817,44,67098.84821211276,0.3617631636657738,659.083836594885,34442.15107536823,1
2818,60,31889.06106016859,0.364842914921604,625.5715226705684,12988.944075142672,0
2819,58,21676.079437331216,0.18530725995149425,727.0935925627382,6935.856459394445,1
2820,30,38182.83153345346,0.2901106364814711,578.7517195568289,31311.34219642907,0
2821,55,106941.59507855205,0.3743287349691316,640.1036808660672,37714.6526961509,1
2822,52,21393.688253099746,0.06476478269764528,709.5306538991452,16731.747667625725,1
2823,27,27914.969035921036,0.05,575.4199522850578,5000.0,1
2824,41,37373.49454498211,0.32702082777590796,617.7110670724766,8883.027278610345,1
2825,40,47611.61448577787,0.4068222221346281,560.5675957844277,21519.865207933693,0
2826,46,13456.398586442192,0.36321652419703515,589.2149418700698,5000.0,0
2827,24,69768.9151000615,0.10682444940447546,541.2021707030029,17587.48567031479,1
2828,42,69296.24329080428,0.515531760128686,575.7553671315459,37390.33843782547,0
2829,35,29366.3041770041,0.36553121169671793,558.3260768512736,6574.119279721276,0
2830,60,140548.6746663345,0.4956041022461233,603.248784384862,42151.02354701912,0
2831,41,67094.18727834553,0.2542023027370038,718.0463394026217,5000.0,1
2832,35,65331.19807559807,0.38975109081419357,669.597699598751,14276.127264620018,1
2833,42,65760.62900795916,0.42805820039319126,740.7996077248035,8904.226829343655,1
2834,48,64819.25798756986,0.5006783262186422,622.8890413138819,29204.11605656092,0
2835,34,35919.846745589595,0.48799649636261716,587.2067005000737,16580.040363706612,0
2836,47,34184.24014719394,0.22999389792798688,641.0926346445607,5000.0,1
2837,61,22656.792286163378,0.33263305828532824,607.473270502889,5000.0,0
2838,60,27209.30025236267,0.27151841815260314,678.7471567162917,16658.554120889832,0
2839,48,31087.191325835705,0.3714442475010444,544.683804005373,5000.0,0
2840,46,37523.77552643886,0.13436529248567947,644.935752122603,17117.343887011997,1
2841,22,80752.80874919562,0.11151454948667433,755.2628806682436,24852.84529678491,1
2842,45,12692.322845228136,0.7078467288786924,585.5185917111748,6636.605607928437,0
2843,23,71144.41740017902,0.6403018046970391,619.1223243650231,24213.291228255675,0
2844,28,21896.060433402334,0.5248868932619449,529.0967627847654,5000.0,0
2845,64,34466.39527340191,0.4226331738528548,727.6574736629375,5000.0,1
2846,53,25280.814623417453,0.4663198431499401,643.1247663609332,5000.0,0
2847,62,91778.96902122683,0.46672773133157425,613.5958201325467,5000.0,1
2848,55,28283.13909885308,0.5982031899826927,653.3195820837094,7844.5369841062175,0
2849,26,47132.7780841666,0.27612321641521537,645.0282395005355,21790.051260759876,1
2850,59,48369.91648061313,0.23635626256703302,600.944054152768,5639.826801684435,1
2851,43,20332.92200335896,0.34772100917365184,551.6780783245588,5000.0,0
2852,45,34600.20285641439,0.43932854086931605,660.773760187541,11620.968387642375,1
2853,63,66314.4520165557,0.3117736617907512,651.0381703393899,38338.457283780874,1
2854,39,23467.754163022386,0.2671041531548496,622.8585997863672,10666.457599980984,0
2855,25,54966.69881453867,0.5655853901237908,628.611267065949,15485.04850247558,0
2856,31,30775.063498027062,0.2244374646059692,725.6436907179417,5000.0,1
2857,32,64979.49330711828,0.5702984620641489,670.3496110630516,20120.933601235614,1
2858,30,87007.40169262378,0.4944755326790312,557.181699300585,41498.240356591436,0
2859,28,13307.459879556356,0.6367927853561683,740.2559617475633,5546.200734018274,1
2860,44,18600.290073804314,0.6774657267588929,697.6523839922864,6540.092911589411,1
2861,48,29165.599462035978,0.4055349752519936,692.6467588511906,15222.88589160498,1
2862,61,75562.25843198466,0.6617716094260685,594.4728742103632,45297.855601108444,0
2863,56,47393.152126151595,0.425785207175913,709.7666297867022,22141.447825771174,1
2864,57,19489.364792521268,0.409424778654227,662.6373205568121,5000.0,1
2865,41,50993.84217353722,0.37907017628188144,568.6855712934022,25157.67861908054,0
2866,28,22997.31234916396,0.28483541588637734,670.146849386036,6221.529168762592,1
2867,29,56121.03446339276,0.4639508130083523,716.6309689399579,18340.872247450436,1
2868,35,47547.40530074555,0.5225918805394375,689.7716985754877,11850.208842088134,1
2869,60,22947.036825320254,0.1402452652335342,524.0048923441652,5000.0,0
2870,38,35137.449683988634,0.7339764226422769,677.9666414013553,5000.0,1
2871,62,66992.89719875966,0.5936763393713412,624.5338588071555,24091.37275278445,0
2872,40,14100.722926266879,0.26267137218536885,518.0503138806306,5000.0,0
2873,26,42215.99275885285,0.43435147005026153,695.453171669742,17062.042876454172,1
2874,32,20880.06884275978,0.3435228686992613,697.8113386228152,5000.0,1
2875,22,36022.75839638926,0.39992609323317935,647.8119773158688,18887.06643106902,0
2876,27,45655.58025034903,0.3296099561522699,578.6167611640558,29606.613705783468,0
2877,36,99367.90835692457,0.42847364276175515,747.5592040652235,27264.1231535352,1
2878,23,35841.119748409445,0.1896328662356691,688.3349131786335,7043.623519242021,1
2879,23,75566.08342902028,0.6785111629146784,692.2903605132641,11686.083769669154,1
2880,47,23855.042668887196,0.20100157915797937,714.5055347024311,9302.169046709263,1
2881,63,28353.05230694123,0.43285749241241567,734.8696683193074,5221.6074099304,1
2882,60,48704.62617688736,0.2482040965852736,672.6009012637264,14363.745579810453,1
2883,58,40170.19268993279,0.32656356384933777,570.3118936909108,5000.0,0
2884,53,30816.038350181356,0.4191890297374385,601.9787311885145,9563.366088265706,0
2885,48,30401.364679389902,0.36467000289422397,613.6309691786942,19238.96818127133,0
2886,21,70731.56936964377,0.3694063920708896,735.1048756500853,10786.866816854104,1
2887,28,31438.197531800248,0.2947953714772131,665.0464719407556,9523.672037833985,1
2888,57,21798.0400689612,0.24627080070849647,602.0982420166442,8680.397814857522,1
2889,52,23684.17038850688,0.4494650728696386,636.0593998545269,13431.735869166341,0
2890,63,50764.39834214035,0.22185740313982152,742.5934258875416,26939.128256933796,1
2891,57,112225.01817552416,0.25255694930424155,693.0103622301342,49982.037592485154,1
2892,24,27945.421599536527,0.2543169812735137,722.9908872987278,10664.957791562381,1
2893,50,106331.06522281117,0.3002864749046615,571.9056710926355,92920.39342841343,0
2894,26,36119.19123490738,0.1369613442624851,635.3425001233422,15950.253968755265,1
2895,39,31574.145522328366,0.13926721872873082,605.1289530139177,11295.95150788896,1
2896,52,23037.105191454833,0.43145928197793965,755.1299060834361,12462.794945473916,1
2897,29,32892.27477383204,0.4331669540025981,640.3549114929016,13675.2955139718,0
2898,32,24882.74026169705,0.3966025448012502,609.8279876111751,20122.95157512,0
2899,31,23904.203186348346,0.5562784434224339,509.56492202762695,5000.0,0
2900,36,15898.417678761847,0.2176672621606041,748.748330179777,5000.0,1
2901,21,87821.2117670831,0.09120783662699977,752.1498131788538,5000.0,1
2902,41,61833.030252147786,0.46779607056718925,506.3206172507628,17183.292360198622,0
2903,50,41597.70114609544,0.08795132465029643,664.8769610521547,5000.0,1
2904,33,33792.42754219842,0.3294669329065562,716.2594119131032,10959.13055746689,1
2905,54,36214.31824047028,0.39173048946882555,683.3945188114101,5839.049634767174,1
2906,24,24625.69122147162,0.6591186599648792,619.4774217970835,11273.952318972903,0
2907,48,20600.57464975388,0.267999466739105,583.7683051799946,5000.0,0
2908,58,51984.8212864501,0.279040147998298,731.7702036654581,22991.972335195773,1
2909,51,31853.057474539288,0.449160370936744,703.9480585008595,8213.58892795069,1
2910,47,42739.03099437432,0.4402998428753598,694.6526052119083,23003.964853758283,1
2911,25,15816.049873271699,0.2984902431730959,731.9973958890802,5000.0,1
2912,45,31016.841154839374,0.37777294442572373,803.0328480307759,6610.147387834612,1
2913,23,20400.61033528891,0.23944777076866183,627.1921777266951,5000.0,1
2914,53,46259.7659428965,0.41699998732852717,627.3293650319463,5000.0,1
2915,24,59732.94121119551,0.11094903123663484,621.6883151790815,26846.129551146,1
2916,45,75346.26955546021,0.7861723751612134,585.4117415534043,5000.0,0
2917,40,26516.17315444142,0.4581598247643667,733.6081699881465,13022.723798753663,1
2918,54,20661.97749030103,0.18475931684171565,744.0979506120945,5000.0,1
2919,46,29457.481454340617,0.30981271712116765,724.5802191964422,8752.817030470773,1
2920,25,25599.89525846684,0.19202568006420442,766.6835871742492,10561.626916796884,1
2921,55,45053.983724032776,0.22720235521645382,657.0965061336912,23207.817777046817,0
2922,48,18008.67479672215,0.38174979072233217,676.2900530479324,5000.0,1
2923,49,15105.322873412653,0.558738741213906,695.6705390787959,5000.0,1
2924,29,30539.489147909633,0.33482434215748724,620.6035180627922,7561.299351923102,0
2925,58,52221.680986066305,0.06643273147954909,575.0976471258084,28158.799388242656,1
2926,26,21726.145031549626,0.25791493062355064,660.1556948737573,6601.47936061103,1
2927,39,55523.22317515817,0.2677815845620099,617.3398842131539,29532.192145724093,0
2928,64,43593.74113196805,0.363338799577036,801.8336065795697,5000.0,1
2929,31,78699.94955049815,0.32885063532087805,545.7368845735186,14747.178384202305,0
2930,22,24315.582203957976,0.05,645.8698239448615,7656.5647421600925,1
2931,64,16264.889848817798,0.2112587617685014,670.2543370671398,5000.0,1
2932,64,48985.07212207995,0.18387661989367396,591.9039871841295,5000.0,1
2933,29,41770.15084975187,0.4846145158158327,617.8605694383601,5821.632491978258,0
2934,41,40184.997305613586,0.3072479562228882,654.2312740685321,8971.413574185415,1
2935,44,21505.976406261812,0.0502083392422986,568.8105834279149,5000.0,1
2936,54,53507.40334885402,0.21973991383723102,678.5637345209446,29083.505186856524,1
2937,42,26457.29219023911,0.5262033953984055,760.4345811631765,9005.394882386896,1
2938,23,40176.20722597003,0.2601310400688425,623.4805867901256,14577.845002743452,1
2939,32,28860.11866669581,0.2480944201060171,703.7643661316149,10293.682077666748,1
2940,48,43355.58440033015,0.32445540763678216,769.5512930434946,26689.316033027062,1
2941,50,19978.955515658374,0.38384066913592485,720.4714856794587,14065.348183004506,1
2942,46,46622.528785551396,0.32859181911386937,599.106949728395,11399.31159142215,0
2943,41,50452.85575162458,0.5034725641683667,542.364679532436,20500.66591534891,0
2944,48,38483.662483722954,0.3286014571788906,628.225129839368,9252.509971194819,0
2945,46,82615.15048466115,0.45113972710687206,654.1334390343716,39409.905036504075,0
2946,53,40278.7841091001,0.37950312928548746,505.1227319550556,23483.706297066066,0
2947,41,57490.60832796184,0.1560498510235039,651.9603915395878,17178.794974030694,1
2948,55,38032.95877216535,0.6177951149125779,592.144861362509,18608.629546924276,0
2949,54,54978.60738980349,0.5233524287241035,641.6703309656506,12906.639022432655,0
2950,61,16870.939122174485,0.2649831689279126,628.1817134184706,8976.497221996831,0
2951,38,36918.66020012305,0.3333312120411592,635.5266411467373,5000.0,1
2952,31,20671.936165344785,0.442278923352227,702.6166580370717,5000.0,1
2953,43,38956.99396429973,0.37700407336956215,580.0476898320543,16375.541122599197,0
2954,42,44006.66395719319,0.36605869101509186,521.928983579671,23256.77275408215,0
2955,37,54379.84166396749,0.42584006541631136,708.0775902232157,23394.08701421417,1
2956,25,46395.37067041334,0.4030197381903535,695.2840577683656,23742.941869676564,1
2957,64,30686.35946117065,0.40370246837331264,687.6660596777984,5000.0,1
2958,31,24914.425593889886,0.3637031510479478,588.0195297035058,7133.089752496457,0
2959,50,11256.919104948685,0.44583495912614074,692.7623292010697,5000.0,0
2960,35,37587.47976396639,0.38145293890840776,560.3861926452208,5000.0,0
2961,47,64146.88797364087,0.3852217672649713,628.9056537629184,37912.22720533421,0
2962,55,38337.995511616944,0.5562297788141942,756.2044451910598,8673.712279966348,1
2963,53,34808.752904673645,0.4150168952120825,691.8336201084932,23373.633914141323,0
2964,40,39008.257921503224,0.39958270242743466,644.8942776174393,13005.149328168924,1
2965,36,29915.897290078876,0.21668164403419926,639.9191490242314,7654.458781822862,1
2966,54,40033.9828201983,0.2242374063866511,572.883837099423,10014.556830373538,0
2967,22,29658.9190210108,0.5212556268452222,763.413002635678,14844.130511065952,1
2968,55,23168.741510743755,0.43559643555266925,720.7565898038188,6400.198510873664,1
2969,60,34973.66758788951,0.4876341821418583,705.8637505616562,10785.300893656695,1
2970,48,34594.449520428396,0.3796503835274089,643.5039158110033,12535.502993066893,0
2971,59,92742.77163360044,0.40962302198375344,624.4984752016194,5000.0,1
2972,26,24273.85207063219,0.3281373515406134,596.8417472166536,7757.303604966006,0
2973,29,33532.79345139272,0.34599096707547655,750.1827918403187,9726.126597960283,1
2974,40,31941.69015142137,0.28748269201852206,523.0891892222339,12499.004421504413,0
2975,21,29032.134558315298,0.5500586570986602,689.662364523577,14473.591956398319,0
2976,28,46936.58055251634,0.24322870496083887,539.6797181156933,11864.111419567938,0
2977,43,111188.41891332653,0.39613136747912475,635.8079918028392,44619.3938473977,0
2978,23,30933.233467037866,0.32650394376665043,648.2548414745324,5000.0,1
2979,24,47002.085206780815,0.49277131780154526,560.4102026984593,32853.9336406389,0
2980,45,13958.082421525643,0.3841459885095998,590.1770039786146,8489.317060216026,0
2981,58,29828.96663210015,0.4192250350974384,701.0174804937412,6960.01950157189,1
2982,35,79032.9845142201,0.3811368132565315,753.5014481842002,25408.259742529426,1
2983,41,35330.77949166209,0.20117471128560982,671.8742726559668,5000.0,1
2984,55,46684.617865540306,0.4325543658847856,601.8850221005024,20267.168922269968,0
2985,34,26598.881152136484,0.3351206214251622,582.2528586632255,5000.0,1
2986,56,41306.642275318154,0.23579109400163872,598.1623809098521,5000.0,1
2987,32,82157.06519785349,0.13837236631187436,648.4499884124615,30315.635065493978,1
2988,37,20332.147210285206,0.22740901795843219,668.0541683328108,5000.0,1
2989,59,108366.17197006218,0.4646133584826,735.950498755934,10194.408995759692,1
2990,29,16764.65213241828,0.6142810755612448,644.878317875627,7640.068879014299,0
2991,55,28488.309190477787,0.3677594992807293,603.6144350581733,17844.083200913978,0
2992,33,23909.745291900563,0.20049060337213281,571.0843258434184,8508.423949283519,0
2993,35,31690.413761012576,0.41245692042499055,635.3733796696393,17481.49330002594,1
2994,38,23755.00590827166,0.5116075125174928,534.6004345783464,5513.666727122456,0
2995,53,22871.346653529243,0.6381849644886545,607.6922649519787,9572.144609441248,0
2996,26,20062.88153965001,0.539617268834861,561.8055621386106,6994.423805335221,0
2997,47,50112.55298534476,0.3836404612370238,631.8427966908353,19602.18470085486,0
2998,43,32241.863700256315,0.4362616584418618,681.9183321115052,5000.0,1
2999,47,28289.466055466462,0.24160834635267328,676.6197263361754,5000.0,1
3000,54,41819.936530187755,0.46954249832603817,697.8783090325238,24247.460806522704,0
3001,58,17200.302407093015,0.4900960562993544,585.2687958920147,5000.0,0
3002,34,42327.24603494865,0.05,749.2393235120825,5000.0,1
3003,56,34652.158584525205,0.37140182891406087,696.6258934176343,10300.55806979559,1
3004,28,35188.728068816024,0.5735131632271967,694.0617862682316,13193.899846256958,1
3005,55,47079.04965644333,0.24931495402691492,728.8222022102633,14595.388701711317,1
3006,39,82599.75590808272,0.05,662.357223256615,29139.047856568217,1
3007,50,42680.07108623425,0.3458495202560874,641.9017484910951,13644.97113366986,1
3008,34,32861.68755240999,0.5114061595646798,744.3887285688377,7741.125717039201,1
3009,40,20104.07492751854,0.4100917010055635,591.5011744803077,6740.033835141109,0
3010,45,10988.351511390196,0.3540406681448479,635.1901279911909,5000.0,0
3011,60,38713.43914954169,0.21115361221218135,730.9998867957988,13155.665138111686,1
3012,44,19344.885144722444,0.18526339489072677,635.3897394347503,7339.605788120504,1
3013,34,10197.198175621148,0.3774157251940537,608.8770754323266,5000.0,0
3014,46,30472.039013080732,0.34122056414352014,583.8923415605881,6122.200542645185,0
3015,58,40935.00597939186,0.47787609367520506,666.6706325700112,17854.283077584038,1
3016,43,52688.46911769575,0.4160901826374187,619.9830943117137,20453.47800263896,0
3017,42,61736.17586542195,0.238540416055726,684.2301611740074,33688.21069858679,1
3018,39,56266.582791226756,0.3884199276009392,764.9251624381419,19053.94176023119,1
3019,23,57027.4217691326,0.36356329682690425,725.0960477612657,28640.926719146413,1
3020,62,17430.293788465617,0.10038233661733828,487.32629113574995,5000.0,0
3021,39,33698.28353273739,0.2871304685089166,700.2028285527308,5000.0,1
3022,29,48529.04595316001,0.3590096555315504,705.1212567746344,25357.084403722252,1
3023,48,37167.39983688707,0.3329946958620307,629.1294940568469,13636.863060635702,1
3024,40,33604.83927790826,0.3973610676640764,737.0916061591349,5000.0,1
3025,27,36829.15293878373,0.36175257984996234,670.6404713293883,12426.037458264893,1
3026,34,41059.06829888046,0.4011029787213025,513.9494836985773,21109.08493096829,0
3027,29,34945.78527088051,0.37503053237757217,659.9203109853622,5000.0,1
3028,39,23786.18719675347,0.34651581259550646,630.9941841467773,8475.868905665284,0
3029,34,15499.885975039095,0.37393153595546696,605.9909046268467,11434.079033057937,0
3030,58,32793.526735314,0.2957696067662103,675.3980224224993,5000.0,1
3031,56,37374.40448867369,0.28764692624327537,695.5471771953104,5000.0,1
3032,60,37171.20906485664,0.3647599594658104,696.8459060866802,5000.0,1
3033,37,58481.19518946139,0.05,698.9695887571637,13251.41784149294,1
3034,50,63914.60346677559,0.29437417859379067,569.105411332028,31012.50260669964,0
3035,29,34474.961920793394,0.24407417664591322,575.6960092457495,6775.078877210273,0
3036,53,34598.568306041416,0.2255427375277713,668.8639355464868,28381.96677022682,0
3037,45,48366.57716815806,0.30271626033026827,725.4665319318254,47466.63566805508,1
3038,34,44948.56835897109,0.14895001911992856,674.7475653074987,29710.16125017669,0
3039,31,29106.61942959937,0.3034324990311435,502.5898107006488,5000.0,0
3040,55,50488.80553263666,0.3846989141514815,688.2967653811234,18294.592418869262,1
3041,61,33752.60219914219,0.5075630595638039,540.9748044714519,6169.16341802676,0
3042,34,34113.3687074767,0.6798759691493748,697.9903854040272,5800.004934413549,1
3043,50,45107.63932654106,0.07571741400956833,610.9620031675125,16634.982342391842,1
3044,61,31238.815594551994,0.2099129663533631,671.1744897840244,5000.0,1
3045,24,38075.87862813847,0.303394040190722,797.2553065985828,5000.0,1
3046,24,42140.8202994336,0.37074049999986913,625.2825164011912,5000.0,0
3047,48,54643.70392462276,0.4046807168643854,597.1735160655007,19334.252459405085,0
3048,28,52789.64273538047,0.25848161896588745,619.6087292376546,35844.416598871416,0
3049,22,41503.05169706065,0.05,544.8204219261264,20252.9978769165,0
3050,61,9853.831396309706,0.5051906531293541,579.7164823164384,5000.0,0
3051,42,41014.273114976335,0.42539981827592793,724.575068517459,18550.841662032333,1
3052,61,44308.994186797,0.45698499712691293,511.8804906421231,12692.049092460113,0
3053,36,49043.572839062224,0.3178022098125317,606.0729081769119,25187.13475617746,0
3054,49,22516.136718694204,0.40267430117224473,666.7738477490934,10158.704964376262,1
3055,50,12568.663530679589,0.05005156105674535,621.3305082500323,5000.0,1
3056,32,54343.75624165937,0.18944402849635927,744.4798736722032,9248.713423111347,1
3057,55,19687.450932915373,0.5291386106599281,638.3240696374291,8590.956788643467,0
3058,31,66908.73276216316,0.3546370823562399,626.2756957476614,30985.360813159477,0
3059,41,27191.890300069525,0.6303921930481118,660.4457548109918,5637.139136188979,1
3060,41,21729.227459506652,0.20379413267108165,669.0204553677403,5000.0,1
3061,25,43252.529070461176,0.7328220650875711,650.0029411132977,14795.067683582156,0
3062,40,49418.89117390249,0.7543067208892088,644.9868863682028,5000.0,0
3063,57,47967.98129898159,0.2532619418194597,513.2232385740856,6408.874517244877,0
3064,23,46667.590211220886,0.2818349781095827,570.8907448867445,27149.496570732237,0
3065,64,25491.61481723926,0.5378002869412576,690.3956458758123,5315.302945339706,1
3066,53,16924.966219018763,0.26558342149596487,720.5481632992359,5000.0,1
3067,29,29886.66885763199,0.3101589135067669,739.4155020887574,8204.093361897882,1
3068,29,20478.81274407368,0.2400193333111093,548.9444643523581,9868.483462612265,0
3069,24,45083.62341887687,0.24405816134355246,591.3810815388772,11279.592812234374,0
3070,55,56225.40080589668,0.3676949087347162,754.7424172334474,33386.70666719567,1
3071,37,39590.6526449151,0.308957455677713,623.3344727434627,5000.0,1
3072,54,36298.35102019761,0.05,693.2398254051332,5000.0,1
3073,44,31094.421551505435,0.5661632695603612,850.0,12263.778061591598,1
3074,52,59288.737021902765,0.5899017369127247,723.4865908979856,9513.75802685244,1
3075,21,14541.554112293248,0.426859395061092,634.8561925857379,5757.914973028802,0
3076,28,19869.16834774,0.3688643871839088,640.1413567015605,15067.564596743125,0
3077,43,90523.6708070089,0.20962145479180933,686.8627627005628,5000.0,1
3078,60,19390.14671230391,0.28072036727453303,515.5570204744383,7086.271356796803,0
3079,32,47359.29655185421,0.5133738716902658,680.8788893214953,22958.189483900387,0
3080,32,52490.89758206118,0.4396879785190612,630.6294772189958,8833.788885091832,1
3081,35,13861.555063711658,0.41829220750639345,644.5796772648688,5000.0,0
3082,61,15257.875301170581,0.4246671808519554,657.4054754467287,5000.0,1
3083,39,68347.28848258912,0.5093738456747533,759.6000300082959,20468.808632174372,1
3084,46,22326.468176617866,0.48687363898200814,667.9524248124882,5000.0,1
3085,49,22633.45024020929,0.4534108506399447,666.4290104180243,5000.0,1
3086,42,27988.862042546167,0.29776277078374813,700.0544757383038,7238.826197138143,1
3087,60,22353.964758159582,0.60265661781825,655.0978355000351,5000.0,0
3088,41,47246.499207899185,0.2772621963328441,696.3163300156966,5000.0,1
3089,58,20110.175716012847,0.2196858563872726,642.0700090494513,12322.282994614285,1
3090,40,13590.410815615793,0.26543193499175355,731.4333531974759,5000.0,1
3091,49,64742.831214300844,0.1713168730984208,739.4875207860529,24523.20311602483,1
3092,24,20610.26675734811,0.43753638732285444,697.080080693248,5000.0,1
3093,27,24934.074895904603,0.34796552560997956,489.49827642761477,7176.195495307103,0
3094,48,54991.22836985653,0.5192975343280375,662.2688694998308,5000.0,1
3095,48,37613.636790015764,0.05,515.3105621387045,5000.0,0
3096,24,63333.55923301086,0.3816342584801936,676.7056835571103,37891.370432143616,0
3097,42,55413.085903844745,0.31146892886144834,762.2332868086191,23509.548078230124,1
3098,32,28948.818695313013,0.29815935099953716,729.9734546104273,5889.771435251474,1
3099,23,60533.96801424082,0.1938991290695146,631.1896658346183,22899.34919466773,1
3100,42,39493.31017535613,0.3565438907519579,638.7898238977749,5000.0,1
3101,64,26924.88001251152,0.23529331478033277,521.2907971426905,5899.652222530322,0
3102,22,41990.58945161198,0.5779511087632654,650.9355936468378,12629.827988541912,0
3103,44,18868.86975323414,0.44405987616061776,635.6696207041308,8638.693671778932,0
3104,54,55101.03898072316,0.49721443296778534,562.0690964283478,7620.703867539627,0
3105,47,51640.38984284756,0.08894626713770838,581.3147680970612,15928.686317906666,1
3106,61,38568.03951897062,0.48284589907973857,566.127595014674,9668.068226483567,0
3107,21,13916.959559040299,0.4687074099933255,800.3454688574263,5220.280341173271,1
3108,28,64679.68176665682,0.2890521989846234,658.3572946906661,22458.35357151615,1
3109,43,45186.16984542538,0.32203422812212457,702.7811635322813,13177.514648798664,1
3110,58,35901.01426416773,0.20258726946513736,714.1172216331078,13216.06192128802,1
3111,26,33178.81206664544,0.30386580102266636,762.8429423949243,5960.030812526813,1
3112,42,27768.023014282775,0.434693845476185,760.6323508567841,5422.434851482799,1
3113,45,30569.700533315972,0.24959873127878254,716.0868126185334,5000.0,1
3114,38,53348.88444810099,0.3554173855658676,543.4973222742406,23507.504049614658,0
3115,37,28047.000706674,0.731843779366855,716.702237789409,7667.548927220574,1
3116,32,31661.253607798844,0.20318031100948944,622.0291203160604,5000.0,1
3117,26,34071.05111631079,0.3998204503525229,561.578075711758,5000.0,0
3118,46,34540.96774454535,0.19492778075043982,623.9515286325963,21762.05387747008,0
3119,47,26664.65119347318,0.12717718964608818,660.7213807654995,6612.9621483456485,1
3120,28,33352.90913788846,0.46989418487028956,470.4403729670691,12816.72641659569,0
3121,39,43116.32492551553,0.2889691460255066,678.0410770437528,8515.710639097948,1
3122,62,23100.226464027925,0.5899067795047376,729.5775987275185,5000.0,1
3123,21,33430.190950862525,0.4351795077115543,656.0716711925091,10299.949360480716,1
3124,49,95367.40225076684,0.23212968099296794,574.243692153516,49611.100445443786,0
3125,55,35186.85413991318,0.21845645632539165,692.6959005631481,20937.259617502907,1
3126,60,22806.217555492698,0.458091201523562,648.111412663844,13052.574609737272,0
3127,34,21510.448898848674,0.1920638881296435,771.9045856964364,9266.396551637683,1
3128,55,19291.164342576412,0.1878566336017226,489.14124103776055,7967.108790255583,0
3129,40,81924.90228558033,0.0921189758165895,469.7034458684599,9636.04419617805,0
3130,33,60114.79088728014,0.4435083072163313,643.0642474450202,18976.971864555657,1
3131,58,19056.95615293335,0.22855653235621293,617.7363088002844,9534.82524700857,0
3132,28,40410.83201395883,0.4039574344418989,668.8579586073289,23734.49558547165,0
3133,63,66997.99880543655,0.1546632056606462,679.1877703583597,19196.28839107617,1
3134,40,35588.07697449327,0.10425078336347289,756.3691538334131,7734.252147339793,1
3135,53,28401.37954892844,0.4579655259225315,633.1289701287502,5000.0,1
3136,46,111351.79849002439,0.3262230493295087,681.4910103157293,33388.82619012895,1
3137,59,14007.21157077092,0.24826957728746868,557.9199133339451,7497.500557565688,0
3138,41,135440.86273632344,0.27703188053331906,822.5561892899367,27423.428339186157,1
3139,62,37421.459580603456,0.27756659823783464,727.4206435647163,16233.561567269904,1
3140,63,69231.76479732078,0.6551402856701705,711.7782381139417,36925.24041774346,1
3141,61,19924.26092971327,0.3898147484149776,593.503610205602,5000.0,0
3142,29,25265.82196591498,0.3708488760280898,745.3671263133745,6707.1726909732915,1
3143,44,21163.25344494224,0.23697700638501393,720.9301920276631,11742.051891826983,1
3144,57,34526.568582956344,0.46802172484619986,694.7665147387022,12926.597862727253,0
3145,61,42355.90272972857,0.17715490509763154,642.8426179516867,26519.74984654499,0
3146,37,61907.77139081031,0.42780273429491034,576.3977177843115,19318.206391113737,0
3147,44,15433.136550472957,0.4286142290578665,646.0430392687286,8257.06154911427,0
3148,41,39278.86900377863,0.5026308096862578,594.8892271469692,5000.0,0
3149,59,56809.24945529593,0.05472331560065433,676.8318541425402,26011.88066154587,1
3150,61,62385.801324066895,0.5190866513738684,572.9412130030304,14002.55484318462,0
3151,59,29136.307596811745,0.40307131826576115,599.7620054053897,5000.0,0
3152,33,29318.145431375193,0.23685253008097085,504.16069547091377,6124.553247204871,0
3153,31,34682.40337911319,0.05,687.2348165151552,9481.649330735112,1
3154,39,39855.92485968027,0.2890637827743509,680.2955943838656,16639.37740462595,1
3155,31,69654.24366727858,0.3780243191738278,614.5652016247128,19587.45825918562,0
3156,33,19830.019131153444,0.12197754158832688,479.2111370799524,5000.0,0
3157,21,24510.898594115522,0.22234975878389074,531.8624180653147,5810.079338806597,0
3158,60,18662.9274289565,0.16048096158887604,657.03801349266,5630.041334481663,1
3159,64,44975.67389697594,0.2847854635246784,720.0392137311785,19386.193538231993,1
3160,39,62987.029053157,0.18675949107899367,580.637927969392,30720.846177651674,1
3161,32,17845.67788893811,0.6755385075580381,734.6765599272984,5000.0,1
3162,28,37962.40676778666,0.4795529104125457,767.567252982663,5877.743135833043,1
3163,28,60748.73998433408,0.18416477007233759,681.8249542413256,8561.96661774052,1
3164,32,53759.377800385664,0.2060092078177642,723.0179616108467,5687.003827834926,1
3165,53,53443.31983450064,0.12786500553009708,571.1750255777408,5000.0,1
3166,46,20031.519531302056,0.3274506272800507,525.3290257692553,7948.5304373263625,0
3167,59,53354.6922710377,0.616274631523483,780.2717322551518,44011.78672909831,1
3168,48,33091.68234636747,0.5296028401909784,580.6857719381844,15677.201629096628,0
3169,25,62011.85821536026,0.3797040159283098,730.6235558546439,30695.879239584825,1
3170,28,45459.78089291246,0.3058727162206165,679.3628066352791,17838.618614085226,1
3171,45,24155.071048574413,0.43271625626848254,773.2224742757331,5000.0,1
3172,47,41747.964632667026,0.39197243656911107,704.3000568779324,9944.797499715749,1
3173,43,54680.25915036749,0.4149426378149491,567.9100472297782,24031.260725521446,0
3174,50,28192.68892856904,0.37960571636615426,625.7639063241379,5000.0,1
3175,43,38731.20930703575,0.41672164375827425,699.0835407004776,7883.877770113385,1
3176,40,18614.48297962606,0.13690982337225407,611.5764697540769,5000.0,1
3177,38,47787.337011961674,0.33195039308374497,723.2343914822841,9584.304222359195,1
3178,38,35308.11641232217,0.3850279935017501,656.7298305822858,24612.373105922416,1
3179,22,57356.59985970618,0.2847419431925941,724.6273266577272,35821.55807085214,1
3180,24,47119.08515585603,0.16283565275420572,729.0292437986519,15666.384830186664,1
3181,50,29626.170939221527,0.35078377717316334,671.7318391394649,18150.573318462946,0
3182,53,23785.12242071936,0.9,640.5838361585847,10325.942622861625,0
3183,56,21200.92128037084,0.2265349985828002,612.520312883074,5290.377346312112,1
3184,38,28177.77992116656,0.328660995400045,569.8064927473757,5000.0,0
3185,57,56587.78065481481,0.5392078187124308,770.3833147721826,13017.397818557893,1
3186,39,15091.188707033923,0.6159686504854955,655.5897862798604,5000.0,0
3187,48,21636.513605557924,0.26250655961085856,632.6737188815243,5000.0,1
3188,60,55798.357548891676,0.494692297092911,633.6726355484519,15478.343623933677,1
3189,40,70578.167600873,0.4686877894509126,646.3120552412189,6489.451670350207,0
3190,53,22212.726256016507,0.27405084268430846,615.7070488179664,5000.0,1
3191,32,21516.93252829709,0.4437438457302367,609.9922657212861,5000.0,1
3192,35,73392.72680083168,0.3240392675183664,554.5015147801645,28555.415563565282,0
3193,61,34139.24189106669,0.2559834998879321,653.2325106808913,5000.0,1
3194,59,23219.060890376197,0.6078598254365547,741.4259677682447,7945.921803418782,1
3195,22,61224.881399571896,0.4473997715082259,599.421539894187,18945.16358940959,0
3196,49,46711.25393771183,0.09773003032382441,688.6405882101998,17239.558835242475,1
3197,61,52487.32617875691,0.3308417839673983,690.2503556131356,12139.094821797984,1
3198,30,23831.89787359367,0.2720767227565873,678.1224670163898,5000.0,1
3199,22,43801.03256104087,0.31840293990301494,781.2104120004872,28312.062513425084,1
3200,31,67720.42285952668,0.4273935243111301,692.1246773669519,10818.0424019621,1
3201,33,50030.95437347089,0.39401079658733545,654.7041096865315,34363.08220770413,0
3202,30,57522.70159272065,0.5651113096805768,673.4770385021724,5000.0,0
3203,34,73245.44019041139,0.5332775573062005,709.2268333926653,7121.01097394995,1
3204,38,44973.77674426167,0.16791531933120363,771.799355640369,5000.0,1
3205,29,27376.48018409067,0.3352529326603082,633.2484018787235,8667.955984927856,0
3206,59,56305.954751419915,0.0579817927063588,662.5665661897614,24224.73272152334,1
3207,48,20892.53766240251,0.2004969334571997,850.0,5000.0,1
3208,23,32494.959145124645,0.05,646.5671676925141,9941.449351915595,1
3209,40,48729.48730106522,0.11480071652596265,643.6445894593825,10607.6305471594,1
3210,26,7268.5387665667995,0.5600154595573678,591.231997331996,5000.0,0
3211,47,41201.57170020529,0.462906277429767,655.8632930702461,11510.09398103708,0
3212,22,42184.70678844688,0.4425589877556619,644.807580671464,20420.70958063114,0
3213,49,20579.125982478254,0.5263006569438017,677.528229196549,12205.002057841159,0
3214,58,42741.69967544019,0.4419058950109692,668.9506890328771,5000.0,1
3215,23,39933.635814809524,0.3372839645641825,511.84933604564895,20144.38131029695,0
3216,36,36937.622486554945,0.2615991112867507,558.5146214169296,16998.771918490973,0
3217,50,65822.4932682494,0.604347291924608,638.7023270425342,14865.935719496016,1
3218,60,56356.60228460502,0.5459578348130039,620.235234573715,5000.0,1
3219,22,50010.65818312665,0.31708066129686696,577.589279995904,18325.77839776012,1
3220,37,21761.317268602736,0.4645794725971302,521.1867903324943,5000.0,0
3221,61,36001.98419359511,0.05,763.7276252969765,13066.528111241112,1
3222,32,65658.17328524588,0.4721348921860708,762.5022421363636,11969.99797384229,1
3223,55,32619.61550981545,0.2748816050304647,702.9980393218875,5000.0,1
3224,63,78994.30258780863,0.7568728920042963,609.0038713558243,28172.765644931198,0
3225,21,50746.43779458203,0.5225934303010619,752.8536001193291,38616.519937587735,1
3226,35,85372.58260464741,0.05409741139275115,599.6694343829882,50517.83727056879,0
3227,46,21297.263909802066,0.2433050155175451,680.4659192076407,6353.136848674377,1
3228,57,33613.10268124317,0.35908709357586444,594.6915453517141,12059.198014059957,0
3229,41,35239.908673750404,0.343634201449295,651.694398913859,9805.686077473032,1
3230,51,49172.34511146921,0.33685914067993394,684.0696193205614,11895.097482246678,1
3231,45,25101.959983386216,0.4977097592684178,545.1968900974566,15611.347965484505,0
3232,43,16255.660734375675,0.26888333935355757,620.4325176730564,5800.440043576132,1
3233,44,43874.951418163495,0.339150307999466,667.5656012956499,17774.732860015072,1
3234,58,30235.23895820707,0.5789108149447509,562.201299982861,11537.19326034967,0
3235,48,28699.973520020456,0.5813329134719619,583.9993587202639,8266.928336601744,0
3236,41,25683.281716029047,0.4966607353352236,667.5822430234207,5000.0,1
3237,63,38636.178329744835,0.2975409348462269,612.5743835205786,5000.0,1
3238,38,21196.073590737953,0.24390125545877128,563.9284482312921,7694.39355007753,0
3239,56,32955.12697572228,0.3438059208043288,652.0744150256143,13838.419110875246,1
3240,55,23996.025926086822,0.35426776039628366,680.4522945160875,5000.0,1
3241,29,26780.018043342163,0.3447007280853349,807.1040375472701,5000.0,1
3242,58,43343.199359696795,0.433444336054947,655.8972269075421,8278.930801092498,1
3243,50,50297.21219792516,0.4040999472394987,650.7739586540572,5625.649656344649,1
3244,64,31161.77731413586,0.39783609376807794,630.0821683095362,5000.0,1
3245,54,58918.781910893136,0.2799883995920341,730.4388124028977,5000.0,1
3246,52,22329.03669781811,0.1701594229150559,672.8140331302992,6509.877034409304,1
3247,23,16984.402425646378,0.45419631772229796,708.5006061739871,7013.56713823309,1
3248,23,18617.13005826149,0.35910366546998196,665.5717876529769,5000.0,1
3249,48,21211.454130756483,0.41132155611944543,714.0017881281514,8287.33547116476,1
3250,64,18836.530647325562,0.41550835023270066,676.465793885908,6005.525178727774,1
3251,35,99765.4249560573,0.05,551.4405757650103,43820.006272526814,0
3252,61,16728.842528497873,0.6082266748493597,629.8244816937906,10534.506166078763,0
3253,43,58029.94513346191,0.2652346384552726,631.9721910716884,7205.105630131662,1
3254,60,35862.07378234143,0.556091685533176,681.0371543846333,7308.392627288831,1
3255,31,40631.553902821826,0.41369843800288175,660.6857477310253,5000.0,1
3256,52,23089.54377603709,0.18821437129521912,743.1281003166433,13904.678251233734,1
3257,56,42732.98410286461,0.2438542143823574,677.8627687917761,9090.564646383269,1
3258,53,22995.19873493075,0.24663159268060672,683.0091544929478,7989.809710797921,1
3259,44,57606.06239243249,0.2552585008810124,579.0124766651555,24740.05723954493,0
3260,59,60039.42681164636,0.08459663437950438,660.5076204623344,35191.62096701222,1
3261,54,33947.450402538096,0.23023071255772376,634.9675714585162,5000.0,1
3262,48,35077.59713165106,0.4951072761496185,505.46137054783713,17115.0262404003,0
3263,57,45087.57324477637,0.5104633401823768,558.0742026346508,5000.0,0
3264,27,43949.85983996279,0.24856132149370655,700.6093250677643,5000.0,1
3265,24,60601.394695318784,0.06906981577490275,695.7300330545986,15500.388277341324,1
3266,57,59749.90994554861,0.44463776522145987,608.7479004538745,17692.418631453194,0
3267,21,35795.574042938344,0.18818928914172303,610.9052439711394,21636.349353029374,0
3268,21,28606.45748533291,0.19989597285264063,570.655880248742,8853.683929963394,0
3269,40,54492.03885525041,0.3075749125390453,719.2866750405909,15938.258912254925,1
3270,39,33585.74921767754,0.2935296697836789,593.3417568991285,11350.902632723912,0
3271,49,38440.69608009158,0.23153691398783752,610.0720088514066,20295.762685470418,1
3272,30,47342.235866915704,0.24509048420269114,721.0927753972013,7406.520996238365,1
3273,38,59146.84245801311,0.2747090443213473,719.6884456814331,5000.0,1
3274,48,41374.667274956846,0.24290184293038974,637.4179420605004,13198.239083708375,1
3275,55,27075.946428415114,0.2523369622180056,650.8832784843138,8582.56621337293,1
3276,63,89188.30248714138,0.30414050670195586,682.9697474275467,23544.125034146517,1
3277,51,78055.14989547813,0.4030035971684451,621.3216113290512,49032.51513602622,0
3278,47,21829.080361415152,0.3873579095511034,643.0137597037804,10243.24588253671,0
3279,31,23019.89708383999,0.26867441704602746,636.2714338146308,5000.0,1
3280,58,24513.843041511976,0.302495999941359,698.0940123552496,5000.0,1
3281,25,55507.61213179509,0.5516523625138849,749.1888641400241,22173.7621424609,1
3282,28,90905.11924092818,0.49799506551143824,730.2283513036617,34911.36535712378,1
3283,54,28193.968932583903,0.43223271282883174,721.1369153909914,14688.098619262379,1
3284,32,39522.84661334864,0.08430022429139186,573.3318160637688,23797.422070394314,0
3285,58,24926.75665219659,0.3660575794779993,740.4630547471241,9483.563079631824,1
3286,21,84973.64108022783,0.24867914821265139,602.6617975001321,35868.80700087066,1
3287,51,54853.11037031866,0.2065233031825549,525.2578022532523,5000.0,0
3288,24,24044.996737966707,0.29604674957002025,590.5583972125562,5000.0,1
3289,25,12693.298354193179,0.507061259265345,643.5779196965942,5000.0,0
3290,50,61010.02835348193,0.4832416537482957,507.384304298758,5000.0,0
3291,44,27275.86698215254,0.25707287610108853,699.8367957553013,12322.763848172019,1
3292,23,55346.35512705664,0.36269304843674843,708.2504679897536,17975.515852357672,1
3293,31,42059.6937693426,0.2867659949966817,623.2423826491136,28044.08917966359,0
3294,24,14513.753319247959,0.31399002233981826,568.3765487983793,6253.890130525547,0
3295,46,24260.665984919422,0.4996333837827799,714.6189958074136,8859.049922988528,1
3296,47,30422.193073387654,0.34052675040385033,585.3622195205222,18626.2493353004,0
3297,63,25902.76517168475,0.0864220315365407,536.562671926975,5000.0,0
3298,47,38487.32104162103,0.37080344372930485,645.4877391368896,5000.0,1
3299,62,44386.50332646662,0.6224553218039336,651.8638184734551,21657.471732046015,0
3300,26,88847.7907873864,0.2450001890369252,671.941331986676,34035.72130551461,1
3301,35,45986.66482975538,0.582281385826135,703.7527729964738,12564.399443617334,1
3302,50,76538.60498550677,0.44261972307607206,712.2811433692526,15615.473887519105,1
3303,62,28612.289497711405,0.5264390513484469,561.5090942410606,5000.0,0
3304,57,65030.17726510505,0.4813163081554033,507.31086583632367,19401.969918226572,0
3305,57,30013.45183828697,0.3766692094147307,682.1799767094489,10264.189144427992,1
3306,62,22959.603916523098,0.2580133282866002,653.4751846035912,10099.83886991908,1
3307,57,22479.557527968882,0.3763511498059049,617.9414363350079,5000.0,0
3308,55,9691.673276477757,0.38497729264714386,639.8618686799254,5057.98753474865,0
3309,43,55661.35124027993,0.49573394203189564,591.4603065987221,14493.470296821442,0
3310,26,19051.525990407652,0.05,770.9022952213357,5957.456210792744,1
3311,24,73428.88143913768,0.13551946399768766,509.206325123026,11132.452731377756,0
3312,38,33285.91950433246,0.3854454985604624,679.6282418674008,13074.707456431393,1
3313,29,16690.04354888561,0.3999095736635805,560.0414640344744,11142.650562856785,0
3314,49,20767.300108926014,0.21991615873882175,603.7276503467018,9508.387565750061,0
3315,33,39947.34421079115,0.40359168706451076,619.260862855447,8449.670047800228,0
3316,37,14186.147846780455,0.4517533564858449,581.2831583585639,5000.0,0
3317,52,48774.96771027146,0.3207936649647319,634.131481315055,8661.104251642622,1
3318,42,17014.715325016532,0.5644333569509766,466.02446747959857,5000.0,0
3319,24,25097.206750026096,0.5924666633047071,542.6831503375471,9612.296458264165,0
3320,25,40109.16607858452,0.36826771678894604,520.1568863760197,6761.419226327355,0
3321,57,45880.953113830146,0.47613086145493433,564.512607475404,6569.528318615361,0
3322,61,54114.63241976558,0.09554573172192242,594.314252849847,12374.064063791746,1
3323,33,18896.405414369103,0.5110056978521764,649.5764343178644,5485.918099452029,0
3324,54,31125.21693350585,0.5698979258954855,604.9635984036361,7321.760990673725,0
3325,42,62724.02022793753,0.19768950539246413,589.1204231566588,13711.080395852867,0
3326,43,31128.965055411223,0.4425083535369524,613.3229714193675,5000.0,1
3327,23,42071.97939873716,0.06896757156313524,601.1320875452659,16371.790041398026,1
3328,62,39388.124027270045,0.23198407073686994,624.004038258774,5000.0,1
3329,54,69606.87190010896,0.271951849496265,626.6161735150362,33586.25720466429,0
3330,52,28768.76137363086,0.12878704903234553,595.4171281855134,15019.897993390638,0
3331,41,18124.602268015573,0.31430145367538864,539.7464065928227,5000.0,0
3332,64,22383.157437929563,0.3044057558316907,646.6397163070151,14469.397999336725,0
3333,41,39911.588128280964,0.44251652850750917,708.4986945349316,20756.133474218903,1
3334,64,16568.020275260667,0.1229153351866262,575.754964899855,5521.791881410928,1
3335,31,27661.3941613004,0.44350141321966774,642.332569898692,5000.0,1
3336,59,37711.04104547999,0.23162477940068313,618.940212798584,5000.0,1
3337,24,24753.048884892607,0.15822327480916862,690.6091824762252,7446.236821158523,1
3338,21,42762.91884324058,0.3205412390204888,589.2872263493202,13924.132812950715,0
3339,48,52167.025620470136,0.46291146638376374,634.8866987286848,24912.554610612606,0
3340,44,45590.48447696607,0.2773685573275603,641.3423099159721,5000.0,1
3341,55,16751.57428454791,0.4270858894305893,667.8195327837224,8336.007029689943,1
3342,33,37782.11395325365,0.3918359600957551,572.9101215883717,19855.794470893896,0
3343,54,39289.836587999125,0.8201997997136945,671.2817917129207,15141.365717186087,0
3344,31,30017.473494225414,0.3031121585149887,612.7125678668964,5000.0,1
3345,56,42474.344186307964,0.3250264181585485,685.9965495449233,10785.14608886615,1
3346,37,41719.01453342671,0.5161883821275386,622.1524274840269,5000.0,0
3347,55,34702.33940133996,0.34224330508059925,737.7018294463641,5000.0,1
3348,38,21979.471014490842,0.3876479552871111,537.3484556850691,5000.0,0
3349,60,35835.32880275276,0.08650306483890347,688.0363959459974,12322.758862929579,1
3350,42,92361.49627818017,0.33171263605666224,671.9094219790655,12372.452514857005,1
3351,44,29847.20517598782,0.2442353771406871,682.2717555967032,7552.314534446122,1
3352,39,61307.20974308521,0.27807385181299815,723.7215144787134,26564.71370738616,1
3353,57,37027.95734734952,0.38848080633586485,524.1490715816504,11070.1102837092,0
3354,59,24334.138314470118,0.34176363050656017,801.6579135243951,5366.404084862619,1
3355,41,31310.276674224668,0.4658243551870538,686.3266178605935,8503.050838569367,1
3356,28,36010.4629656501,0.4930975714709436,785.0516938134986,22344.961073585728,1
3357,48,50392.90816462816,0.3234198903974983,780.5590239610837,28156.2372187342,1
3358,25,119374.7190663848,0.39492206823873804,679.9778566662319,5000.0,1
3359,37,37321.77826743653,0.05,668.0497119532743,7574.337373431954,1
3360,57,19625.212769586782,0.39718705462311554,702.4660440299999,5944.74660927984,1
3361,56,15878.341651805984,0.5079518609633638,490.3253201495449,11303.544056507453,0
3362,39,29410.520084798478,0.21353724894288192,643.8357562493209,7733.223815286692,1
3363,47,20660.027009553098,0.46332643624692504,717.8220751193529,5000.0,1
3364,54,47999.84922645782,0.282203954208089,756.9615323267703,12107.05547361727,1
3365,31,48176.55937631026,0.26349712631376565,627.9863661976383,13333.400909261945,1
3366,32,33759.33612072782,0.5636281715124097,675.2461417205852,11575.441293065707,1
3367,41,50447.73954597023,0.34506585103283544,690.0778703715104,18823.447958357003,1
3368,31,37510.63132894598,0.48002236191959574,644.2425566821555,9796.038477051961,0
3369,59,92391.18916113411,0.05710737674640552,584.6487062690171,61791.70640722234,0
3370,48,49665.33447146239,0.25852449189916676,603.6275579274875,15225.69614522237,1
3371,25,56829.369405484664,0.4567395204650216,576.8737020447742,30207.46820825497,0
3372,37,17604.96589916085,0.3686614187386484,544.1320297167213,5547.099626649257,0
3373,40,20219.08574932638,0.32242000266376003,638.1211904976313,5000.0,1
3374,61,46139.247062455564,0.44059665384263286,805.1725952113886,18155.349245354708,1
3375,32,16737.186273523108,0.22529670473973384,667.2567008674223,5000.0,1
3376,26,26575.953404589123,0.5325861376298697,629.9117795357529,7136.1102894593905,0
3377,37,65493.50828403451,0.3181129640013907,676.1005632270286,5000.0,1
3378,39,26293.370131900887,0.22763912422046959,592.1896218849417,5000.0,0
3379,46,19833.617824525234,0.23749027753222618,533.7434910100892,5000.0,0
3380,64,50704.586837406605,0.33776751707515457,601.7564421377245,14967.687953782215,0
3381,64,102412.71184768032,0.28602845600452237,570.8808677793302,37582.76836046664,0
3382,52,24238.01195031368,0.42892390856765,520.5787474641534,5000.0,0
3383,26,66970.8613848852,0.3430445672578929,611.486851745399,13417.639339739391,1
3384,56,22774.85867221598,0.29660268540087587,684.1683341217499,5241.195970986608,1
3385,58,34329.698686732256,0.4030090258090015,677.6269083584804,24396.885193596976,0
3386,31,35081.651733793384,0.2705687822091146,668.9891416960671,10024.11016109976,1
3387,53,24563.30962643861,0.4237000950174741,766.8553056376057,5000.0,1
3388,44,56257.669406336514,0.39895892293533647,611.3332388525349,26494.919586448872,0
3389,43,16816.898866485062,0.39278642158153315,680.2969420210152,5000.0,1
3390,35,40035.57869300464,0.29630782745963596,622.817408585977,17976.240065283684,0
3391,47,62136.09189902435,0.25555862132158935,749.5312302535447,31135.575436570878,1
3392,31,53964.50176302574,0.4713061207374247,593.4063157796052,6979.284142610326,0
3393,37,46425.656647825315,0.44210814654363945,702.0339643511063,10127.640135479149,1
3394,34,80229.75191742716,0.19880214390675838,667.4833175124904,17970.47794661922,1
3395,47,32538.89156612199,0.2850758352547466,735.3531567975093,15497.539694163734,1
3396,38,16943.455392170497,0.5509565455942814,650.6477876930124,10580.912224780077,0
3397,48,38855.44276078971,0.4976011269973114,633.4360350554658,24560.410154667352,0
3398,24,34102.25686216106,0.17449683173492606,624.9845281085313,8788.306728751106,1
3399,27,12608.036593290513,0.35178333716323157,639.2746478665936,7654.653695837787,0
3400,55,20690.902083103465,0.41285069006268504,519.4311587247449,7751.173198103633,0
3401,29,19412.78176253547,0.49904544558997416,613.5085579238422,5000.0,0
3402,28,24166.762972690754,0.3690682917603491,609.2567877570292,5000.0,0
3403,37,30467.410037313497,0.42257909003012645,570.1732890606896,12036.575805570066,0
3404,37,31056.48801747711,0.4897015525522676,610.726708859288,19243.696898729115,0
3405,53,24602.359592092016,0.5098541217805308,587.1446694494165,13415.714634233722,0
3406,52,19400.04625609098,0.32288474689868807,614.0611269969806,5000.0,0
3407,28,43858.58915209181,0.35683381662006564,693.7124706780639,16192.050502846503,1
3408,39,38495.08811127518,0.23629215786743002,693.887853215627,5000.0,1
3409,58,39078.81367316068,0.30903062822668675,760.5073939932704,13364.30669073943,1
3410,23,88389.24777001627,0.2888881372008138,671.5679791770134,34755.17540799538,1
3411,25,39396.687839690516,0.3217071345756005,543.5696187478951,14287.590523076135,0
3412,33,30232.449517823294,0.3358630684830315,626.9557332696746,15070.358881438786,0
3413,51,34444.2379390562,0.47200423695908184,605.2653551849835,5384.193917650429,0
3414,36,38154.90540876174,0.4023984221788089,581.2306090393023,21652.37767256858,0
3415,52,49409.43486478942,0.1580094309634103,725.1062283129521,11161.36727364609,1
3416,42,35512.4914917826,0.43255887615936683,681.8151681719071,5000.0,1
3417,49,13746.500336845991,0.2676828166104988,654.9225582862283,6884.373985782496,1
3418,42,29191.29824031882,0.1865897902083997,546.1190028203088,11431.777262558193,0
3419,63,36342.62550472467,0.17866068380048292,644.2646242978539,17961.188799872187,1
3420,23,69710.12020422009,0.375466710540408,812.8414679756689,23026.66099328841,1
3421,30,24515.28738959474,0.5091380835331102,591.4251860303558,5000.0,0
3422,62,16032.441941078467,0.31837849119661227,634.7347181559834,5000.0,1
3423,41,37503.464834627615,0.49059005814917456,747.2176085543076,12130.309079269693,1
3424,36,56000.64350177314,0.3628510132647981,619.2978520468274,16144.768211631543,1
3425,32,29830.556388084744,0.05,617.8160438695844,19701.24259429869,1
3426,22,119554.1569013544,0.441822313154912,633.9910894607958,16772.014018970392,1
3427,61,106271.14013742188,0.26867376156876255,674.261540269376,50331.45827680978,1
3428,44,35023.11821055295,0.2284193658330966,584.5084006646473,14604.68486319549,0
3429,55,39869.08850412237,0.4426836509843971,714.6317251618092,5000.0,1
3430,50,71995.99252717214,0.37007898116504334,622.393439999228,21329.068893837666,1
3431,50,34720.39815946072,0.33990982161959593,664.4412617804177,11191.951553301942,1
3432,55,24293.296847385856,0.3645578544365632,620.830185599621,13670.957573881627,0
3433,39,56639.72953048741,0.22293630359469183,556.5124736586267,5000.0,0
3434,28,45807.65158016869,0.6154941307114519,496.2949261624446,20825.595643572044,0
3435,46,24253.775961388237,0.3758862421693675,666.0098815089578,9195.90302557874,0
3436,60,41755.3174034068,0.3737959849809975,522.8946697859604,23507.992024695523,0
3437,27,33522.41976540233,0.3369428764875826,703.509181551205,5825.222124601143,1
3438,50,29955.01856643799,0.1075192943851524,658.8992632555108,13608.619558063627,1
3439,27,24515.974043146056,0.2488151660687948,791.6944226165854,5000.0,1
3440,23,38588.19022081864,0.16643407794328974,609.1394558962668,27492.658243673486,0
3441,21,31795.2223385623,0.15205128996348277,771.4249544361049,6841.180321635254,1
3442,56,41871.19035448221,0.11876563200200357,629.6401773688955,5000.0,1
3443,45,54716.402756281976,0.2547187210187297,715.0348379762117,6905.665895968003,1
3444,57,40773.31836057767,0.3530725474243347,688.1977904744676,20130.479511250356,1
3445,21,41123.79964541092,0.13667085182742705,521.6148269393615,12054.662012481409,0
3446,35,27706.199226207173,0.454976522656809,850.0,13906.111717226911,1
3447,57,65328.13024443778,0.39461887221891956,763.2964662175767,40254.56780826001,1
3448,33,23759.443215492545,0.3152436764276861,677.8288749037631,11748.125478677746,1
3449,60,16220.059550647657,0.6743139792652869,743.01656618852,7892.896271893403,1
3450,28,21258.41848069796,0.31391024637335735,669.1739771866398,5000.0,1
3451,25,60908.739900005145,0.46973156117053755,712.0256778324475,8951.13098145354,1
3452,29,45681.5104693114,0.3814198746762019,660.9635480118316,5000.0,1
3453,21,69980.45805869273,0.565810610372071,577.1025082345307,21423.525512907887,0
3454,56,18741.099725905326,0.5126877181011915,642.8807143316754,12841.206476020016,0
3455,55,115856.67086670546,0.3049998025903764,613.3627254989464,28917.728435857316,0
3456,22,31513.07781483081,0.3104478581305512,694.2627377168183,20522.478309177714,1
3457,60,15060.463319373663,0.14878772406145047,576.2312283342343,5000.0,0
3458,43,108868.01799751539,0.3673932125720006,660.3442680745189,22807.11186405256,1
3459,29,18862.83511706096,0.44819610911833657,551.3346564510792,5000.0,0
3460,54,29763.91828972451,0.34071920332759786,703.9595812898532,11548.925816062803,1
3461,34,32765.25321894325,0.560090909200664,564.6747900560551,12202.813403474653,0
3462,24,45344.382195293154,0.3717667383697219,692.2557461869626,5000.0,1
3463,50,24449.089673282968,0.5371116368957581,658.2550471620576,5000.0,1
3464,51,61062.70795497207,0.3255287099004894,722.9963908796354,32440.64037221772,1
3465,58,52934.897305029255,0.1760693919221871,639.4073850381023,26087.632633227397,1
3466,31,36663.36878705707,0.256251472255473,706.9754766464986,5000.0,1
3467,55,70415.2203710301,0.34517022411025383,660.4230990493934,10656.607178159296,1
3468,28,35104.04481049546,0.23756806418791304,679.9796300280847,9689.636164881313,1
3469,23,31639.988969160677,0.10174008282352069,524.578656065768,5000.0,0
3470,34,98622.17198654643,0.05,604.942658276354,37589.51306033349,1
3471,33,42102.73665101746,0.5020861421337707,638.585714351509,10928.073076098417,1
3472,52,22185.0586747583,0.40779992614580796,745.9241009783937,10970.657454108312,1
3473,54,23738.781973106346,0.3913487762577952,674.2120758765592,5943.560558209704,1
3474,39,36661.37656971627,0.37525354014187184,529.6778136065934,17516.33495840868,0
3475,58,10948.972136969796,0.267884754675256,680.6471933849824,5000.0,1
3476,36,26463.06503199151,0.4691500539599618,588.5899842713145,5311.42614720837,0
3477,22,34537.57033689531,0.08910840811840727,594.6781284185274,10027.727661541685,1
3478,60,33403.008168727196,0.05,645.9299669073091,5000.0,1
3479,37,19366.080290767153,0.3197525742294841,669.369991205242,5522.888426933915,1
3480,54,29020.045789007756,0.36945472518380323,595.5622534247884,15072.30565773227,0
3481,62,65506.32282099382,0.21738287372736054,527.7264551500159,5000.0,0
3482,36,59075.66832612788,0.11100058892315677,637.5993169256432,29483.91822776446,1
3483,58,38093.852537116494,0.43859977896809954,634.3267295333919,12003.956662902727,0
3484,22,35085.562912399786,0.28828569453389924,750.3494808245388,11776.052769646954,1
3485,22,33496.178134548834,0.45411326971905913,652.9892380274417,12774.158070757077,1
3486,46,40870.141195432516,0.5458557365325135,732.5165279910517,9856.701560933814,1
3487,33,38226.50577127335,0.10946222624194366,798.1299216647435,14149.016553769367,1
3488,51,42704.96571025891,0.3819977185506769,572.4920886912286,10823.794881034592,0
3489,54,46671.878436490064,0.387438964603787,752.941589551129,8529.78299457817,1
3490,59,19819.989049897416,0.46166385360006496,715.2715185964075,10616.096327943955,1
3491,23,31096.969640035117,0.269988109513943,494.73616419810605,5000.0,0
3492,28,40092.966742166966,0.35837460401321647,636.8417622079652,8066.975079321243,1
3493,43,22405.964206881847,0.4600501667868549,699.390118215734,10430.99986169312,1
3494,34,25928.274267806733,0.4156626321254269,673.6511939728116,5000.0,1
3495,47,32566.89778751707,0.5838421297748216,766.0275704579153,8632.815967663744,1
3496,49,33375.67669096497,0.21973205457097547,691.3203240496862,5000.0,1
3497,59,40469.39925060935,0.38105366836460214,549.9149345653685,8744.932540891767,0
3498,59,23765.366684252644,0.33705752721550714,705.4831233174749,5000.0,1
3499,21,58924.38126971431,0.31902261893385997,569.9812068399054,9150.7547791868,0
3500,37,33238.431301018,0.4382208124400672,611.3162777412329,11072.2674374787,1
3501,61,39050.02716064606,0.3673466859188873,726.8822855564703,11270.493649738159,1
3502,50,30184.49856879763,0.1901074577094362,718.989873208656,15658.605531887208,1
3503,33,40856.670320444005,0.49290613628863794,652.6835281250944,18135.096261474617,1
3504,41,83751.60215558855,0.4385389273058976,599.2830478258719,19001.965084517175,0
3505,39,30044.670766455805,0.5712036404418203,635.9892473055667,14735.506840654189,0
3506,39,27660.2549592002,0.4590679393646157,642.1454469821105,7523.386628219479,1
3507,45,23978.724152374805,0.3179716612264504,610.3328501894523,5000.0,0
3508,42,35248.88142660821,0.31911998279444365,729.4833057094627,5000.0,1
3509,51,35045.34803119513,0.5053701246754881,620.9190465763102,20756.348139212318,0
3510,37,37261.70889991469,0.23493320178972388,631.6789118610517,20681.713291042044,0
3511,43,45895.7564574899,0.21426690888661498,633.5958382207443,11910.029134581246,1
3512,52,43091.62982017857,0.3830563708756414,698.8030917376534,12208.248274872367,1
3513,30,35908.857075194035,0.125887329154708,667.8006007769948,9090.90776177002,1
3514,30,96461.64855373291,0.40230580203910593,665.2785978206755,5000.0,1
3515,56,51294.56817610264,0.4204527627512737,584.0159013067494,14260.53683955003,0
3516,28,21065.039058054623,0.313040924627727,666.4336271183712,5000.0,1
3517,40,16770.874616904523,0.5612062425056674,702.2257630390719,5000.0,1
3518,52,25646.834642486658,0.5191958463937695,625.8918587888602,7626.461058084158,0
3519,34,39195.96904572984,0.23326822094115418,660.2136179663199,18125.730169127786,1
3520,48,24593.812650599302,0.4483642848378343,714.4539336722358,5000.0,1
3521,44,26534.110623657038,0.4976812273917409,593.9010897937679,7103.738972548218,0
3522,35,36791.91942812785,0.36241530218971063,594.8860155191417,10505.45101245903,0
3523,42,30607.907529601613,0.2852282804215677,641.5619470425597,8180.805651006682,0
3524,50,13044.862130666585,0.1836819149467129,704.604089839346,5000.0,1
3525,24,62229.73780583109,0.266265840598288,441.2489638188509,28259.75414692226,0
3526,33,55407.95449959038,0.1870237577609178,636.3093673470023,17111.623112342,1
3527,43,19099.922775203482,0.48686992102762033,600.6723738555764,11608.556465225836,0
3528,28,37363.34975384583,0.3117289573108481,675.0216110489871,9577.356355583268,1
3529,38,20779.54222586978,0.42824776714677415,643.1135253528494,5000.0,1
3530,32,26785.117901332836,0.5390452828814173,729.9940651995645,17740.751460379146,1
3531,51,46308.29934060555,0.3818268342903857,695.4795693428366,36533.87522365907,0
3532,34,54449.20668773336,0.5265612296101164,634.0662937154784,22857.569077409014,0
3533,54,53815.750825373834,0.29741613246161225,578.7128247335467,5000.0,1
3534,38,41044.80697680293,0.40796838196102186,674.4706955910411,14485.851228537253,1
3535,54,68706.75972593644,0.3808110411801496,629.0445628941616,11077.409967088057,1
3536,31,26761.488861931342,0.2447726428182069,635.691569986351,15987.28593171354,0
3537,61,29902.14267418932,0.3035993141363627,568.6307094907157,8900.842157056308,0
3538,32,9923.749060598086,0.5622783768201307,660.6853136495374,5000.0,0
3539,35,34664.51225674411,0.29826942353003033,614.485559381061,12752.301334401473,1
3540,51,48525.59802486663,0.10060439514945606,621.5120632426051,27072.745275799058,0
3541,49,41882.770077523506,0.2980645461154006,396.74424519874634,5738.868141504063,0
3542,46,26582.00662947314,0.23706058255821397,652.3373311626177,12094.135700026447,1
3543,38,55396.007489243806,0.4183884198480572,583.3998856023566,5000.0,1
3544,52,34999.344922984485,0.44221907489177675,686.1178020731561,9895.617847382304,1
3545,42,53274.51514843088,0.40371933793357173,654.9773551641938,5000.0,1
3546,58,46308.223725024065,0.288578589420516,547.12522587995,6028.706481286772,0
3547,37,74032.1309112518,0.35887757499474365,642.7478195384931,39853.56420253826,0
3548,43,43031.24166794749,0.30270926762886646,665.0456356970254,9889.627709641407,1
3549,44,49265.10679237676,0.13297548983572496,796.0658176121575,7600.690699962361,1
3550,28,34948.871412315246,0.3331847055888482,691.9557316899483,18674.94239407344,1
3551,61,28241.701041127086,0.7454993167203896,559.6075192852929,11740.079354942149,0
3552,26,46414.44961169376,0.19561239453155108,786.0226343312817,5000.0,1
3553,25,76984.9593600784,0.07177325779170889,630.758441876632,22018.313707443707,1
3554,64,26690.41192702874,0.5635915071146012,630.4562097242597,8340.688452314009,0
3555,49,32078.196308622217,0.41729803571774127,785.9324330796569,14633.376120390405,1
3556,48,36802.653134662476,0.3946910706748413,606.0077578977955,8953.651451534804,0
3557,31,51146.43924462889,0.2962134960357971,639.0004437644743,35214.143535514275,0
3558,21,43162.571207213296,0.3839379410224175,535.8067503676696,15433.152626432793,0
3559,63,57327.26269052777,0.35776513844375,647.2646240352167,5000.0,1
3560,39,97436.36115914711,0.5466150001653166,639.4267401927826,21958.997699113323,0
3561,29,26384.95776205864,0.4875428112588231,622.1516504931712,13651.993168584375,0
3562,47,49259.84322528316,0.4403358717699371,661.0818056024669,11867.039855364244,0
3563,54,42630.27195188991,0.24759215756450453,592.6701325407554,13717.855477540561,0
3564,64,36662.881124369866,0.38434394461716453,752.518156798568,10745.2413763131,1
3565,24,49170.1795412592,0.2576878628585359,651.2862806182309,5000.0,1
3566,56,31780.19226036811,0.5342701263553264,596.1085385150853,6946.308096846981,0
3567,38,42681.58603567379,0.2427526312799555,552.5260617962771,8921.65110235793,0
3568,35,18908.25324088679,0.3298233975591017,653.3126276294804,11915.064520386768,1
3569,33,27738.9366651316,0.18698594827987058,714.2914974664293,15681.656725729297,1
3570,39,61313.81153421271,0.27527973527247485,674.9329764592129,5000.0,1
3571,26,60146.67800118608,0.27358554115199607,788.9859767352118,5000.0,1
3572,32,41345.4082509314,0.32709211444125846,790.5038242137721,18324.638154546046,1
3573,57,28954.33239646679,0.21505569073467357,560.4567060473381,8745.024347845276,0
3574,37,54865.11046626634,0.5323443038673621,545.6515496627164,18335.228983445064,0
3575,43,67389.4455718156,0.3219402549991301,596.1191876832237,5000.0,1
3576,46,29549.336380060107,0.26995710160198644,699.3744355024285,8481.638099533096,1
3577,49,17544.401175802537,0.4654530115343019,677.3004265809491,5000.0,1
3578,53,45459.06195714693,0.6743598484535231,720.7551647043013,5000.0,1
3579,47,57347.477581458064,0.28936461086355353,577.5061246917021,13213.420036584768,0
3580,45,48714.975316583244,0.31322687238159097,525.8296820970768,12834.623748867774,0
3581,30,79422.7077860583,0.23925596755418244,608.6040329105895,5000.0,1
3582,43,79590.52505411068,0.4493042653394324,691.0610742392549,17744.169137281802,1
3583,41,31172.804768969927,0.4933057408268994,661.3172125827472,5000.0,1
3584,41,40114.66241768168,0.3430432959569445,737.1917055170715,10458.478689316573,1
3585,63,28331.586132565702,0.2842449263583541,600.1645311313721,6145.126425835975,0
3586,33,21784.808579200344,0.4300940332338484,719.6890543161444,13801.227697167351,1
3587,57,22432.820078767512,0.46095050495942336,607.5029315491371,7763.52396266577,0
3588,53,51974.61351041536,0.5831063700302872,704.4852460207292,10522.408734796625,1
3589,44,42253.55453883659,0.2626200167707621,703.3267472367603,21074.33638889182,1
3590,64,56668.87630662728,0.4778503524611397,760.3061455988695,5000.0,1
3591,31,128773.54878468177,0.3658672978475849,556.2647149017221,53100.94087597408,0
3592,37,46626.941723383345,0.08985803988787705,746.8323236903033,15886.083111625638,1
3593,24,24490.479041417995,0.5783306948182714,681.2185223847707,8786.445495790142,1
3594,45,60935.02492728734,0.3946220515440748,654.2239187877418,11909.586844019184,1
3595,50,24263.8739357699,0.44102060876339627,640.6666363247307,11340.488033320384,0
3596,29,87043.94999116364,0.49194762748440785,644.9048225606886,32152.340338030903,0
3597,41,13551.810324447662,0.4394084313569156,652.7597375718817,6410.183936346156,0
3598,40,27631.88185813497,0.20495111452177933,537.384606151823,5000.0,0
3599,39,49566.43334578084,0.451201811125051,667.0827618320263,25888.962400048193,0
3600,39,65431.59317763864,0.4244945838050224,660.6004988044706,12690.085397372735,1
3601,32,25887.317005820092,0.09952392123611081,603.9448336895047,5000.0,1
3602,57,23644.150237505244,0.5999055870346323,652.2995135041136,15747.863114820331,0
3603,62,39111.96055790317,0.29340132261947316,727.2322060705803,18220.69841690891,1
3604,37,94324.56424626475,0.4993351420420002,606.9629652765979,64522.65529146998,0
3605,57,16828.19753871874,0.2995999576857395,570.2598236884417,5000.0,0
3606,59,31037.143741122232,0.27001828196992744,599.411482518428,15451.167882768012,0
3607,48,41360.95131908932,0.338161713780719,503.9455412701227,22672.62432250325,0
3608,61,24392.36172900043,0.668258683339094,775.3496670895114,5628.326536779705,1
3609,55,24350.4812249003,0.6519415069647462,591.8030003553935,5000.0,0
3610,38,32315.562124274602,0.26982005079891913,738.3930445397814,12371.208197869417,1
3611,34,42039.0788310354,0.5371013201996903,563.1677569594115,15002.934086389578,0
3612,55,32940.86215056254,0.35350509508783934,606.6931994650164,12038.14025868101,0
3613,64,75567.59450675793,0.6527472356458826,654.4864855033048,22682.176728583723,1
3614,61,48839.851574304776,0.5229306432334357,695.0767784880659,9610.789338909819,1
3615,27,43984.0352401053,0.3918583171191219,645.1185507463044,7837.160396336176,1
3616,61,60707.75993519617,0.3622073082839349,542.2328113885927,26592.459257223964,0
3617,33,44373.665172584035,0.44125844032526274,646.1158146868332,5000.0,1
3618,38,29097.47519535595,0.4225260090021966,738.1503775686045,5000.0,1
3619,57,31838.25309838819,0.1846046478383475,672.8021827649549,5000.0,1
3620,33,20646.10360537206,0.38117200863286704,805.099699556321,5000.0,1
3621,56,98956.84186115894,0.25224782112638433,661.9989892178388,26859.894970266538,1
3622,51,57835.72740332337,0.27054592463225485,720.9261503250035,23832.133288398647,1
3623,22,10099.176081621392,0.5171828292978844,686.7653089702666,5000.0,0
3624,36,70725.69453364112,0.38056231672294466,605.6691011809183,5000.0,1
3625,29,17448.931257731565,0.28182197680486953,645.6837561959005,5000.0,1
3626,29,47114.4246514952,0.16821958126097503,727.8908150014046,15690.576179848083,1
3627,58,12064.07278229043,0.23359307561024029,625.7138449087402,5000.0,0
3628,31,29317.366400940486,0.34108360142681154,677.9657936165136,12190.643117837406,1
3629,42,71002.24348261453,0.6028788847005397,606.5077532904553,5000.0,0
3630,53,73007.4626735035,0.19263857378181815,715.0396911291629,33990.43423448539,1
3631,56,42335.77263458492,0.3942146437963061,655.7888856817685,14230.422766005628,1
3632,43,53837.86971719462,0.41106789506512376,710.5280847867218,5424.648128241602,1
3633,54,17911.79811171149,0.5333958877893452,737.1736195864182,5000.0,1
3634,29,47532.389237580726,0.36873164876863496,697.0109708370736,5788.137857875226,1
3635,44,55574.812868648645,0.41119663173778404,637.3548873585113,7641.385050192494,1
3636,28,131251.80317688757,0.5273148116997924,638.63621690893,68164.62527475253,0
3637,27,26592.655567470043,0.2334404445455901,502.60502320414747,10748.025877267584,0
3638,56,36612.73495700839,0.46868083247792497,679.9835073335369,5000.0,1
3639,38,37761.96113792133,0.14090464382278645,723.4606896908641,7916.062246135849,1
3640,23,51497.671234821624,0.3596290757685256,563.3321709517318,21641.641170991155,0
3641,48,56401.743160399536,0.3143977282691819,639.0374143242693,5000.0,1
3642,26,61725.8173482053,0.2416849299382158,637.6173642274855,25911.140283750836,1
3643,64,59514.84639522236,0.4958589814137107,682.4688039446538,41400.26741431575,0
3644,64,17316.94626183893,0.5042767862502363,660.2668532293311,6286.604172640913,1
3645,41,9832.038429393713,0.510354109305474,586.1648675852424,5000.0,0
3646,48,28079.970468805594,0.4069610975512973,762.7848156552104,5000.0,1
3647,60,35678.07301101989,0.1651130383432542,533.2164296611209,5000.0,0
3648,21,26725.304251513684,0.3006537129276895,607.5740303407224,5292.1867462671025,0
3649,56,28858.242369035775,0.500882075348549,556.7770765035366,11498.00092157494,0
3650,41,30695.62103575804,0.49890327621889496,674.9015865357052,8213.358723459114,1
3651,63,48470.97769194207,0.5295042174191629,682.5080807193273,26431.15235791665,1
3652,55,21658.515299593666,0.3971136546800801,641.8271236678331,8096.021324357228,0
3653,33,34929.468272298436,0.3227109104705472,565.1211200119355,5000.0,0
3654,30,35063.40215659758,0.055178789872164846,584.7151703774117,19342.442253611593,0
3655,64,47922.944125835966,0.4793970926667891,712.4541095736877,20047.327280835158,1
3656,30,64922.687628587984,0.3351281861171676,644.4166204369029,5000.0,1
3657,33,84292.96588594891,0.16193331149484486,618.1686341913586,8554.835527386082,1
3658,57,25009.33939252422,0.464409206806197,601.2406312198748,5045.997259526084,0
3659,58,13359.896428699742,0.5629330189471828,641.607127111016,8726.702096794994,0
3660,44,32177.92333347639,0.4800905218475029,689.8557143074305,14416.393765102603,1
3661,22,16410.744813731286,0.45123838016643103,632.8672580764508,5000.0,1
3662,42,142527.24517534225,0.4900106456782324,680.2981560952987,133072.86462971795,0
3663,37,23471.911750039897,0.05,540.6077745928907,10731.770318650084,0
3664,56,48142.31903135018,0.608174186702617,729.4056321880363,5000.0,1
3665,34,57932.45566109878,0.2312394640789304,647.3428044465132,13930.61614420325,1
3666,30,43058.337623309584,0.2444009281441096,581.3521592044258,8462.247587136397,1
3667,55,102576.09328548389,0.279334615548024,680.8600787439589,13535.569079820885,1
3668,45,32818.88628197772,0.29648530307140103,662.6589429369005,18400.359068210528,0
3669,23,23922.126899485957,0.5750611595292949,571.3581067933738,6566.969383695908,0
3670,58,23311.164640855965,0.4315749750114546,641.4915020243463,11326.561948444336,1
3671,37,52838.8950566422,0.24822437393368604,613.7557591391428,14538.893736035669,1
3672,32,33027.6667930931,0.27092713136114166,561.2584136783764,7535.640846421529,0
3673,44,23312.745456558303,0.7241554561329846,620.4876703290624,5000.0,0
3674,49,45281.4442234117,0.40295529891663495,576.8281499569192,13749.10675636632,0
3675,63,51773.02877069252,0.28522635793271073,564.3772172734078,7466.298453902672,0
3676,45,41591.562166629294,0.1067200644665823,684.7964830860708,12223.992672153518,1
3677,56,56942.55298125047,0.09864587464442284,671.3996972320263,10591.96603112911,1
3678,46,37950.93068208419,0.1824669089330138,632.0241775434339,5000.0,1
3679,58,26989.07224541937,0.36437568169481366,493.085150358231,6162.044527877302,0
3680,21,54486.05278812586,0.5164120973223751,644.9953243278843,5000.0,1
3681,40,23270.828820941977,0.44241116676376074,703.2346220304601,13291.899582592368,0
3682,48,20651.791011088,0.5261091569632361,734.7665422558069,8269.325233580194,1
3683,36,64729.66166110829,0.4348661852287346,721.2305119604272,13407.189928945692,1
3684,37,30518.12396558921,0.166123334019752,566.719824286252,5000.0,0
3685,60,83520.04607014754,0.4137284116073479,595.556686636764,25296.918234948615,0
3686,48,55731.310383733806,0.4201434506647204,638.3375716597226,19253.6170490985,0
3687,32,29380.32886163243,0.3319852320637549,644.6316056218278,11272.57323211761,1
3688,47,46309.884996506975,0.3041036578577525,652.1261397171122,6729.953137692524,1
3689,62,128565.0315270148,0.3277598716571924,728.3714329522625,43970.601415118115,1
3690,50,52951.7590481612,0.11803740161386857,663.6821023437584,36119.830536782996,1
3691,61,48574.2800813599,0.15017531189058722,734.9608918036299,9522.511965552336,1
3692,54,26974.289839881516,0.7312648024806319,595.8194249241318,13676.04751150378,0
3693,57,91333.9042960683,0.16227925191458453,622.7397960074593,27141.591201892734,1
3694,26,70190.54236247283,0.08500815667458902,620.2898907800237,19068.04840152406,1
3695,27,27098.102450422586,0.24194997045082162,646.0567440204687,8835.670325217081,1
3696,52,92986.20499119538,0.4188692695059928,555.046613627716,17919.9117633732,0
3697,52,39433.68219971552,0.4341777862911811,784.4967471183946,12941.486346499107,1
3698,45,23856.432409674937,0.19640705816801796,656.7508997448587,11764.71756052827,1
3699,53,26923.119208135893,0.3644873502038119,569.9577058601262,12936.788091589227,0
3700,27,56322.573471965785,0.2683091268851483,573.8883322329983,29843.98013739356,0
3701,32,23938.65802011364,0.37854384184881784,655.6210185418456,5000.0,1
3702,36,20919.600145106146,0.3060112179806489,691.4602196318104,6517.507927990731,1
3703,36,29160.279140339808,0.2458936255488534,715.7951863737851,21445.000019648774,0
3704,63,31421.366045161816,0.25263025942510553,653.3119208172235,5000.0,1
3705,56,25934.83273003942,0.05,692.6977797919674,7202.945080113567,1
3706,33,28941.376212070216,0.31677000468661853,673.8183989296022,5000.0,1
3707,27,57438.24312731408,0.33853465699425267,642.6463679255315,18490.642788851164,1
3708,56,41284.86381703623,0.13872539120328894,626.1580737096918,20987.55388983033,1
3709,29,28062.224397889,0.2994942018681069,651.8934179394497,18050.985745794573,0
3710,52,29321.489577670873,0.3117114311071312,641.8847927000983,5000.0,1
3711,31,34001.907734734225,0.07197854248286652,649.5705948817267,5000.0,1
3712,28,34989.13613123515,0.2342699931662441,681.4572725308508,21556.254172246554,1
3713,53,35063.180556624706,0.22954768413248314,763.3918657939657,5000.0,1
3714,43,56394.32610920912,0.37696082071035836,579.6868569306812,9710.591924696799,1
3715,45,40075.449831105885,0.5367836438399515,656.6383872635666,19806.554471303232,0
3716,28,40669.3020843187,0.3570821126297904,674.6256027048296,5000.0,1
3717,42,74116.44206232703,0.5239381360625305,624.0070258048452,6686.1624143171975,0
3718,24,92811.48908868132,0.31662910365054864,725.597619474651,51216.594916050635,1
3719,60,19624.11324969832,0.405686331377241,615.9763883168118,5000.0,0
3720,23,16490.602361820085,0.3600195718673756,697.2194784599856,5000.0,1
3721,49,30494.357414857153,0.711715837106086,738.167009065352,14271.633598230997,1
3722,61,53721.26973072673,0.3271473485088238,677.8371989466236,33560.932497130205,0
3723,49,43826.46773277974,0.4673717895285588,637.6671140983311,25710.390236355186,0
3724,54,61515.83198749193,0.3804086004295067,683.6529193029593,5000.0,1
3725,54,29846.357278532298,0.5188421228107074,622.201164641444,17685.124769743546,0
3726,48,13652.071999259719,0.4448221152561932,600.3891653223416,5000.0,0
3727,33,18335.771073654916,0.4011109765691066,675.6306532236675,5000.0,1
3728,35,48163.99500622144,0.1787525505481475,702.4908640626142,5430.497250622683,1
3729,43,61751.70113027024,0.19196747352043175,656.7295089578391,27165.074562733287,1
3730,64,13997.045854643206,0.25757993799788054,689.1158852829162,5422.808700369905,1
3731,46,73521.1770370116,0.3061228515034351,811.4420069664606,42718.26469523164,1
3732,24,45812.68312533427,0.3666719373391669,735.4015519691469,8008.424656785897,1
3733,46,35059.04611399779,0.25794029554197095,610.4685741235702,7099.662931814887,1
3734,60,26544.78063453,0.05341972831184807,662.9674147497104,12244.418231946369,1
3735,29,80465.23754605828,0.5041062891767611,671.1447104705574,11387.387003691676,1
3736,25,56868.86124900576,0.41709571149728025,591.1691198197963,26384.653130793125,0
3737,52,46416.56718735784,0.35903764783454634,693.0933432658309,5000.0,1
3738,40,25192.427917905283,0.5380787479271617,597.0921598371651,17827.567114788933,0
3739,31,81396.74906772758,0.22945083142428083,697.0945300970465,56871.988765140224,1
3740,35,36870.814384307436,0.33036501280690106,785.3234284551021,5635.083476911293,1
3741,52,42171.87162155178,0.3739314095157247,641.1703438563103,13178.506678556942,1
3742,48,37666.62485904051,0.28772459777546994,680.6080296844375,12224.860716913008,1
3743,42,24765.944125843558,0.23065041978077283,670.4334137957496,6767.346963486985,1
3744,61,42610.69226747481,0.4812154985193386,584.6352212779892,5000.0,0
3745,37,51455.327381369796,0.39260132286982324,598.451723344829,16515.21640014557,0
3746,46,29120.459884800544,0.4436024158150149,675.1500492451548,5000.0,1
3747,64,40824.526944991994,0.22645569803372403,659.1924853194423,24794.093380442446,1
3748,27,37393.408037594476,0.4744968273318476,640.6646771293392,23204.134969561706,0
3749,62,57386.57470173102,0.256509310032477,715.2485453274177,32693.50641449461,1
3750,46,31273.593564556155,0.3870829283390913,682.6250678201508,18254.595251718383,1
3751,45,40671.6058029085,0.6469382014659655,804.2675174065005,18239.519235236243,1
3752,30,45187.903153904655,0.47781170995160394,585.0091942934425,5340.734605353421,1
3753,39,30921.79184767057,0.4008828977023602,621.9724503871586,5000.0,1
3754,31,24036.35406986749,0.5525743625920997,751.7185998481722,5000.0,1
3755,33,26074.078538949303,0.26455081279718423,768.1651109141566,10179.452882021465,1
3756,28,44560.140081848964,0.4235968310559475,589.84896747649,5000.0,0
3757,60,32284.48145220574,0.22522226543226156,622.7489857829246,10811.243146660683,1
3758,24,32070.92933856579,0.2957379870253992,637.4706810635444,13189.4350707797,1
3759,51,49122.56514711399,0.5886074295284236,748.5998993658684,12923.196022163125,1
3760,48,60460.51349989633,0.39104966772394467,640.5089054039205,18586.45193142125,0
3761,31,65897.6418885727,0.5610749458224557,638.1116452454929,54124.204955211375,0
3762,63,26735.550039944177,0.3346088469614113,631.4945884899611,7850.942956396744,0
3763,21,57605.47011209943,0.5331203896610386,657.6181371805486,21931.522627561568,0
3764,58,103000.74979767202,0.35775905170437955,674.0407146693149,55132.42791769468,1
3765,44,38678.342607099934,0.37006756479614034,781.4947859921183,18604.767402110603,1
3766,51,35008.455722769206,0.35362872433047676,752.4893694987004,16348.471277414352,1
3767,61,31543.396438425483,0.4040861228482224,574.2700766788203,11196.343833274059,0
3768,46,21335.367223493045,0.3111696266963753,636.8744332119714,7584.984972583396,1
3769,25,55333.11031454501,0.14163609437740804,651.4281230203886,5000.0,1
3770,40,35086.417820881674,0.3446435048713416,618.9426439831107,22704.12237180704,0
3771,61,33696.35967485315,0.3698611307964175,720.1826697556288,6115.697591112716,1
3772,31,51209.058491475414,0.5952299653152635,744.386699116417,24360.926540726887,1
3773,53,53623.437883908475,0.05,616.4172222189839,13571.449058182905,1
3774,58,26891.845158425258,0.5926030101264651,650.8413798074791,24819.84795589707,0
3775,47,27214.8439670952,0.5072399058365981,712.7915812158931,5000.0,1
3776,54,26617.446939883623,0.45284243633192783,724.7883344641265,20582.3425839253,1
3777,35,104480.64849774548,0.3731374344778753,614.7272488924641,28680.353181167913,0
3778,52,76006.41269933828,0.196954871914548,683.4700575375625,33904.50412863358,1
3779,41,51715.8821340017,0.6426224763042311,601.4884783730098,15694.402344705904,0
3780,25,30100.419301420054,0.5351962868325175,723.9638431846037,18576.34798562037,1
3781,26,31937.478822087312,0.3876166800093684,599.0712987789391,10415.123161959253,0
3782,58,43552.33779441157,0.3928497714657632,657.8400921201724,15873.17456988297,1
3783,42,109596.98199868386,0.33367772103911336,616.7497784135879,35141.69066917497,0
3784,38,41958.595079332874,0.43915979645316106,581.2025494377059,17337.88137801592,0
3785,34,46836.2515692594,0.34334681838611425,610.0551036729925,5365.903352750679,1
3786,30,10152.847294192548,0.3961852356665174,625.7932053017146,5000.0,0
3787,33,41307.091186784935,0.415699788714778,737.383201587742,16200.044818719316,1
3788,51,18089.180328702856,0.714545512029695,617.0120195437642,13137.812290245924,0
3789,50,28467.04955361261,0.21347248980271985,655.0606853529812,6199.595864205127,1
3790,23,37176.90301991491,0.3739961735378014,602.895195034183,16862.625816418917,0
3791,50,31224.213469096325,0.5341167813671919,714.4570199300462,5000.0,1
3792,26,26423.79052666736,0.47400149018303445,723.925290120276,5000.0,1
3793,49,26541.81112346483,0.45161686806082485,704.8905946334236,8219.068771525108,1
3794,28,32678.60519661219,0.8016980905317893,625.1986531865053,9607.767325700519,0
3795,64,31972.958919188703,0.5131862740471131,603.4734996206391,16736.454543763106,0
3796,63,36685.478846753635,0.2562849186036549,585.4871752213785,5000.0,1
3797,64,35339.64996625998,0.23906466798807766,703.8220403867384,9400.480125282773,1
3798,53,68832.95997624917,0.3442499791717284,617.8232873997449,12031.540451721514,1
3799,37,13032.476038315215,0.2845653005076034,709.5825324103275,5000.0,1
3800,31,41047.556786752815,0.3619011144148774,590.1586489655883,6311.584681141993,0
3801,33,37628.04033845671,0.4006997181043903,635.3976385051927,13339.572471362619,1
3802,31,33958.85167882932,0.39100751503558345,618.1115616764131,11181.28116774862,0
3803,51,25516.86250698851,0.05,599.9725188934275,6651.421468143924,1
3804,48,33696.38220669784,0.23665777847908825,527.8380687383496,5000.0,0
3805,64,16046.502963921674,0.4574018480772495,557.3316900141924,5000.0,0
3806,26,40269.87485129156,0.596544703302012,728.97232882319,21157.480830019813,1
3807,61,44091.821212912815,0.28944413358215626,591.4653044310777,5000.0,1
3808,36,25539.096510521278,0.29017338138838067,696.8896378760619,5000.0,1
3809,24,95831.3851101316,0.33662763285365094,651.0598949637208,6773.109886350792,1
3810,55,34193.05438014956,0.6086982013460129,625.8811086883094,5000.0,0
3811,46,37124.64863364816,0.358057426150885,620.3243080252151,9337.463934058946,1
3812,32,70819.58263129216,0.05,644.2533570943028,12177.82178111565,1
3813,31,105985.94128741173,0.6181458357075489,696.6348455307434,13633.119174506375,1
3814,57,20709.13721132674,0.4537458057556802,564.0554792766812,6292.082692589234,0
3815,45,27212.147737026113,0.15604435024801772,645.3904395227678,5000.0,1
3816,38,34498.16507949931,0.27332110478435684,676.9261284239243,24121.514959150896,1
3817,39,25048.360497717098,0.23066241999154066,702.0956722613922,5000.0,1
3818,43,55439.97931043164,0.31865813406684207,720.7175994347924,12471.917712046476,1
3819,58,23706.595557553665,0.5730661906900092,637.1577983182452,5486.312833759653,0
3820,38,68411.86693562432,0.06994354330609233,551.9034568648234,7260.243989284184,0
3821,46,49603.84474126438,0.2984887334883791,678.4250316796259,27297.627739135605,1
3822,26,64992.13834938984,0.36667254175232084,641.6660195155488,22843.623216934237,1
3823,24,23759.744817407936,0.33958832725150334,734.3341006154834,5000.0,1
3824,64,29979.011287405185,0.2304954130265405,664.0035299094204,5000.0,1
3825,49,56896.70864514333,0.5284896568327667,735.0482785587237,9730.693200479243,1
3826,54,51963.487878319436,0.3261817580644678,613.2120723089332,22177.64899891199,0
3827,37,31463.097166431777,0.3069188180320918,735.023997847002,16932.709478838562,1
3828,63,33783.70172946741,0.4019223967325071,660.9733794597443,9213.450177246195,1
3829,63,29226.351387931678,0.3079573088030856,679.2385317939063,18058.584505349867,1
3830,36,33332.160402615926,0.2669463904378897,529.8240821009101,15157.104603304066,0
3831,22,22411.505183273868,0.21117212773581603,727.725589758776,16331.80430995293,1
3832,54,20607.106548504733,0.6785091888562943,637.1366768325561,5000.0,0
3833,28,60036.936360607426,0.468987107187245,684.656999463644,13167.051438308978,1
3834,33,32770.95176163078,0.29265209820365534,627.0185486450202,11232.250952978427,1
3835,62,64580.24709182444,0.5407025385738218,730.660396789964,9837.176915210615,1
3836,28,48922.48574013764,0.4285218581140672,665.8748365714599,22331.05230667454,1
3837,50,42446.734216364894,0.35577696744279147,660.2979601427917,5000.0,1
3838,52,25460.643068807854,0.1956420966839007,782.5528239511735,5000.0,1
3839,56,19823.23697171913,0.22583128753000775,475.5658408742255,5725.444280606688,0
3840,50,28898.51939081631,0.4952711634750902,621.3133271909135,17224.526941384003,0
3841,21,78116.66580965137,0.46283621117039303,639.0706259748754,31123.585615703774,0
3842,63,56640.4363033376,0.14405426276621194,592.0344238262479,26241.07288098057,0
3843,59,27578.534301787582,0.2888514547305214,673.2377725348057,17472.034549810603,1
3844,37,29062.96274557182,0.4519939324094303,556.2963043225133,11233.902615087436,0
3845,40,22821.429404873736,0.5168598474893965,559.1384427081792,5268.475138782267,0
3846,44,16755.087018348746,0.42716411825340206,680.5786374180229,9905.782048059118,0
3847,42,38207.992736659486,0.2815507920597336,585.98579904285,18844.58827054882,0
3848,49,86037.51532771773,0.3854004546920597,685.8289907386717,13186.950045243333,1
3849,42,86579.32719449648,0.3183836298129664,608.1126302877329,11264.096954228242,1
3850,64,49214.91366840182,0.40729927593552023,591.3610091810718,14245.003576514158,0
3851,29,26867.261499876582,0.5717142228256358,580.8831344713241,12890.656607779014,0
3852,57,17593.06194205393,0.23266497235335304,583.3729327084133,5000.0,0
3853,30,61299.75301648693,0.39214880160491006,620.0158337771852,20039.147551346563,0
3854,56,45415.48480054775,0.3354900153245214,594.1568172404366,21851.466354482985,0
3855,57,31004.446645084354,0.3105779125010748,641.2530377700807,7771.485306325501,1
3856,48,28519.802480165785,0.32902474452592884,519.7669317792546,10163.375734670151,0
3857,48,49031.50299687594,0.5470387825225973,590.7082119462472,19514.191697950457,0
3858,62,24021.13246022265,0.4369280812052423,737.440644535231,10823.79741546762,1
3859,63,40929.89824665549,0.2781276183436501,561.9823283622277,12931.913623212555,0
3860,41,19733.818669102584,0.4474451536296551,603.5708149757045,5428.740775559998,0
3861,44,110664.21365525831,0.26618229928569354,736.7387822023572,55699.661037018646,1
3862,62,25757.37588460756,0.08161479048554801,647.1372481711994,5000.0,1
3863,60,50221.54908116741,0.05,529.4292531567893,23710.842344946745,0
3864,22,19950.094852790033,0.42511733847754857,691.6980000780852,8312.61375067847,1
3865,28,33468.949936890305,0.3073368157252725,732.9844720057583,20238.133513949448,1
3866,47,56517.707684771754,0.49961662395108436,648.3018717459121,23454.288348200556,0
3867,42,62974.02950549599,0.40806836279318814,610.9110937511757,5828.894394304707,0
3868,57,53190.98103557194,0.389079742181235,528.0487990390135,17047.4698341901,0
3869,47,33890.08712240153,0.2823657381609823,615.9930094918196,5000.0,0
3870,49,26030.507692994033,0.42824662747365344,562.7568715823076,13777.647401247637,0
3871,23,21187.389329874935,0.5827658746614631,649.406855973644,5000.0,0
3872,64,77026.0760791706,0.05,707.941725137063,5000.0,1
3873,33,38241.8452326985,0.32753121128146495,580.7701817984741,5000.0,1
3874,30,41945.213847223866,0.5517773586935076,697.9499337111049,5000.0,1
3875,56,65035.26413272371,0.17817720261500505,527.2639281970328,15282.902047112264,0
3876,29,48696.656017635374,0.37002652577823353,632.6598507643731,10528.216230919379,1
3877,47,34074.04989615178,0.24750059992584028,509.37224689688384,15871.14105035838,0
3878,54,52691.09390775635,0.30985763883725326,662.7463115249022,5000.0,1
3879,21,26601.60485232838,0.08401842178361953,728.8911460357918,5128.261933523366,1
3880,52,16721.14326273901,0.49770982457409807,619.5543173973286,5888.1135306833385,1
3881,45,73564.74052764515,0.37258954499229335,661.316281902748,8364.686557974994,1
3882,49,27733.553037446174,0.13333793199025465,614.7494102857136,5000.0,1
3883,27,31190.06890001733,0.4127932192331134,674.7553430548686,13760.471677765194,0
3884,23,32596.43766932581,0.3812001339793367,706.7463308883428,13490.627791304421,1
3885,40,26873.536822696227,0.2466762204498384,649.0458567650322,5000.0,1
3886,40,62985.94786637516,0.6452298698531307,612.793181038961,13491.953825339857,0
3887,50,43792.94878543875,0.4274144064444395,670.0864126465698,7758.748226609495,1
3888,55,31197.915170334025,0.543533047280766,777.061253495962,20691.4545469533,1
3889,55,19190.402427745732,0.3258305781160318,672.0478113171197,5000.0,1
3890,59,42272.790508938466,0.10624748005562545,560.8773718580742,8877.55770646682,0
3891,47,10664.707039732308,0.05,782.4491964460863,5000.0,1
3892,46,40797.3747632756,0.19791833459168612,592.9746729559118,11262.8418953944,0
3893,34,71082.05709627588,0.5521808097038969,595.1342468162688,36543.90371116719,0
3894,37,37506.862858508684,0.27352340160521227,720.5835840384867,5000.0,1
3895,38,66380.83417542248,0.5061796903629923,620.5994840967712,5000.0,0
3896,49,19641.721167356725,0.1750333184827424,684.8153602911033,5000.0,1
3897,40,100636.54063092599,0.2506125060159431,679.7584232797308,40025.82410548428,1
3898,47,62858.5799407065,0.27222637944214556,680.8071032600933,18908.5130035404,1
3899,38,46073.02566179331,0.3837735623395985,751.1031934665514,19459.07571578486,1
3900,24,26924.79188483205,0.14717196980029526,631.2321703865218,6263.71596152496,1
3901,21,24778.681567339678,0.23084442501934485,652.3715714984154,5000.0,1
3902,21,35050.539540704725,0.31502737053444957,585.8110138653019,14386.750614912387,0
3903,46,66263.14337003564,0.14856761668768906,702.2698234912181,5000.0,1
3904,40,18811.799493351937,0.0860610572949601,664.4145771006504,5000.0,1
3905,43,36505.02695824652,0.35428432004969895,738.060865144393,5000.0,1
3906,30,52423.494378859126,0.15087705942933974,675.7782894965147,17642.696413224694,1
3907,31,57795.974599835354,0.5321907149237324,771.1886823789256,16410.290963429077,1
3908,61,52345.34284922046,0.5363150172561283,641.0796256157159,5000.0,0
3909,61,17875.802060367816,0.26248420269874545,666.4605775598442,5000.0,1
3910,25,63952.05508248069,0.4403027708836254,654.8373975092106,14682.691140778521,1
3911,21,37556.315346640295,0.3603552501336773,601.4158281174401,16027.026201996394,0
3912,37,21103.673883598618,0.5101705024733273,513.0108376108267,6449.780033615687,0
3913,42,35879.30322280148,0.28125987312091827,665.7241804438615,12809.205954003475,1
3914,54,13638.711039255257,0.42656514991540484,537.9419340918838,5272.12215863456,0
3915,61,48491.752528433404,0.39676798308764705,682.4888956047896,14339.393150924223,1
3916,49,34069.071812151844,0.38912147778703965,730.9256014245583,11673.741339788969,1
3917,24,19243.76078043401,0.25761437757654293,645.8341773510026,5224.79597113244,1
3918,25,31412.516176715235,0.5278560911835831,676.7328089453582,18681.967123658374,0
3919,31,25495.75866572243,0.2888057421396043,679.111694938336,10346.125555765,1
3920,41,26323.25611926239,0.2878817494977015,716.5012731409233,17553.1778464208,1
3921,55,11725.05802313052,0.24197603982289131,643.1163836649521,6491.339830503469,1
3922,32,15739.335282533688,0.2510336660682395,565.4048829047189,5000.0,0
3923,46,32375.281835949427,0.3140410784614927,527.439759553194,8438.563429144584,0
3924,39,29706.605352209106,0.4174624056771657,625.7539826190886,5000.0,1
3925,27,59100.17006124367,0.4675030021731882,535.9061017530582,5000.0,0
3926,27,26479.033513892027,0.3692959023773804,652.6498531820445,13291.407369194712,0
3927,46,27903.553915311426,0.5624407858225786,667.6016173368483,13735.772303187716,0
3928,60,28563.359585665847,0.36765070966687385,613.0643664390416,5000.0,1
3929,25,32908.46297970996,0.08066767825976158,701.6752130224149,18529.535486306497,1
3930,41,38014.84550163066,0.1768308768006118,661.2379393227699,20410.21148063007,1
3931,34,29638.699282308753,0.45500316899884635,603.6273118601183,15518.176991107235,0
3932,24,48320.47890774436,0.3011963740153928,618.1329722014602,19446.83275485185,0
3933,43,114704.03564102075,0.29093892155286794,744.4971400819237,46064.163281124485,1
3934,62,24035.280544161757,0.20533022098805492,530.9416242198547,6320.245686377835,0
3935,40,44175.03127142735,0.28996165530697515,633.152449385869,7660.154247916775,1
3936,35,36855.609937506175,0.2921883480909894,663.8914053689479,19427.07228020866,1
3937,49,61298.90545530514,0.42358967851936247,607.4706243252621,15176.504608748714,0
3938,28,40195.08290994374,0.3133049702475061,599.4408397145153,5000.0,0
3939,61,25254.872965400802,0.5414751505801523,727.3139207246542,10710.300277297707,1
3940,39,20281.67658889389,0.2517575444294553,792.9252130144946,5000.0,1
3941,59,49278.580945602684,0.3806648164806995,626.5935067237087,16281.444538128964,0
3942,48,21122.60350764072,0.10163449093214719,651.7826158117164,13347.824153440964,1
3943,47,65635.38553105012,0.4488478987667881,690.61537542032,47287.387899938636,0
3944,24,47886.856149860454,0.13688216622766516,578.7011570373959,21009.413904765395,1
3945,35,37924.574137097916,0.4355038175070536,654.9139479518016,21355.556673912648,0
3946,55,18842.542356153066,0.07390441929691051,757.3490881129823,8459.968258582385,1
3947,57,50902.207530872605,0.19496960218954912,816.8461752268582,23461.747682823592,1
3948,21,81502.0161864371,0.47568098423680844,562.6323676503675,39436.32859845161,0
3949,23,29361.882424989974,0.5846486509572213,587.363798775161,5000.0,0
3950,44,25060.453662437605,0.05,619.7605604635786,5000.0,1
3951,47,34682.381659384904,0.1865255553526576,624.0427069034059,17434.42709401665,1
3952,60,45865.62184290296,0.6244309845185679,725.8569762634908,16569.495639449102,1
3953,56,27844.490370893174,0.37130294919515794,652.3915924687491,9239.7437797991,1
3954,54,56931.21552824577,0.19517937705955196,720.1494956802837,11676.107561460467,1
3955,49,94405.91292932641,0.5715544045828594,666.9164998696695,21560.275061328146,1
3956,44,42835.519907005946,0.4378130661510671,642.0452299596407,23616.938127236896,0
3957,44,30868.976089785436,0.3665028072563811,681.2786115468319,5000.0,1
3958,62,45251.988251591225,0.06242705871840304,490.5568015257753,13696.69153748403,0
3959,24,65424.349292872816,0.6643980935703189,627.0867323381325,9313.580251918278,0
3960,23,39332.967515222954,0.3893571444290096,629.6553014261693,5000.0,1
3961,54,46283.81058568048,0.30355104820181095,552.5324905118904,14875.863751324874,0
3962,43,51657.10855300436,0.5692613181622197,744.0561786715679,23152.285818131175,1
3963,43,23441.824368267047,0.21249708707474152,632.8381040572988,5000.0,1
3964,25,45686.61614789082,0.18596667861045355,675.7566070105014,7215.380999819794,1
3965,51,18564.85577466179,0.20401718474518687,710.5419943313177,5000.0,1
3966,61,26128.56478219024,0.2930135151597229,591.7226828309383,8534.254735572404,0
3967,26,64397.571428457995,0.35401560991325526,669.9413870366897,13058.612251728844,1
3968,57,56135.159129618696,0.44602117609884456,535.5078986791799,5000.0,0
3969,30,31726.57684469188,0.16234372661678503,688.2029844430224,7272.071808667019,1
3970,60,85211.9291677906,0.39549280059953407,611.3043993460135,43295.36817579887,0
3971,27,18862.006878899523,0.25961597338293774,630.4015727131475,10030.981787556004,0
3972,59,32776.14206115509,0.33379565957471896,728.5341854847359,17758.7311919866,1
3973,58,41670.642566343224,0.5313715916097667,777.3177093055128,5000.0,1
3974,41,8918.440577500025,0.4239286437073769,599.5897764575415,5000.0,0
3975,40,33562.63631473076,0.43641603790999,590.4923221302414,5721.808508239079,0
3976,23,20697.141612910604,0.2575831789920575,698.265247406796,10236.308846123935,1
3977,42,20934.03261839225,0.6388205172530614,694.9811166071476,10207.065080307742,1
3978,24,31694.075758649153,0.45081212609022037,566.7619888547149,9526.52142372997,0
3979,48,14576.571322614402,0.286278374547954,648.3600439798349,7632.946317032396,0
3980,32,24246.319416815546,0.521163699383976,648.4970322056361,10217.293834535027,0
3981,58,14747.941931978476,0.43534175277244025,647.0772895638645,5000.0,0
3982,56,38634.21351613965,0.16054842893448315,696.2945675125668,8924.22370807706,1
3983,61,38260.511650817956,0.3800036848912503,756.1595253267592,5000.0,1
3984,25,30507.444484464027,0.2047745629206652,633.7015235982298,8395.88640321709,1
3985,33,59767.814855420955,0.05,775.8249188577927,10645.67372747016,1
3986,43,31317.07351287797,0.2850962130253212,641.3780277914896,5000.0,1
3987,50,35898.821517657525,0.520105741647221,764.4130195808538,5482.6522953737785,1
3988,57,23086.414888809726,0.571153734334278,679.7211149410633,13826.063678565286,1
3989,45,11480.012471079834,0.27339130755259644,726.0091111152116,5000.0,1
3990,47,33770.06856325586,0.3071882136734463,716.2064740673817,20783.4181596658,1
3991,34,31635.20525619788,0.5594202958667865,593.1391320083472,9854.465501655653,0
3992,56,85387.44378633187,0.45059747809270434,675.5582409979905,21706.854817597843,0
3993,59,50702.12044064609,0.4234208744067738,585.9009703669664,20499.823958859783,0
3994,36,29538.19469374013,0.3709214592903546,642.8052302210806,5000.0,1
3995,42,38981.07349701083,0.4587176010762243,569.9105539535965,27922.480665676754,0
3996,41,57154.247123573805,0.34552222291434065,635.8766338180612,28064.265621240957,0
3997,41,47022.31303655932,0.5794270604452306,654.255663152173,16045.351233771315,0
3998,28,83654.70216142751,0.3320679850685346,590.285437055449,38709.576069500814,0
3999,36,24472.41369186819,0.3296892603252274,649.9528552048229,7609.150191320258,1
4000,51,59131.38452517309,0.05,706.2843168353211,10560.43717691471,1
4001,62,29394.528551972995,0.5087145261018102,581.4520825680063,8680.8903421913,0
4002,30,40006.941173675754,0.20558956539927095,712.2350237448502,8627.998637939369,1
4003,52,27478.564379996893,0.05,714.7090371750919,5000.0,1
4004,54,33826.36860254848,0.3231680042584818,583.3403080382383,7476.587687082968,0
4005,29,40367.530089287764,0.2992596490299255,466.97110938517295,13827.136840756071,0
4006,37,48855.72187511044,0.41747737195784,726.3091827781279,18129.969724940645,1
4007,31,37446.87611658274,0.44737069820684133,632.8348170567143,21797.622944838462,0
4008,52,10476.869074064713,0.225838606894808,650.0203204951639,5000.0,0
4009,30,34944.82335133948,0.7579868214001176,791.5188723588292,5547.187327954779,1
4010,42,75750.50432915479,0.31979961751720026,679.7449914683423,5000.0,1
4011,37,34806.662610606945,0.09677007077319494,682.5623878829781,13520.414377828049,1
4012,24,76821.58390364566,0.5874225373731244,649.4265942331695,45454.83046393657,0
4013,45,34197.28821221852,0.45926105985650595,636.5620238913973,7585.596720288507,1
4014,41,16547.81403493355,0.41132930207481944,645.5808443357821,5000.0,1
4015,57,29246.71612035119,0.284704394318352,639.5085898820714,13834.398259753574,1
4016,58,27468.169960175033,0.35687346740264814,532.039406709289,5000.0,0
4017,21,32377.967946804023,0.05,580.1286894203544,20204.81059319174,0
4018,45,20077.213189665705,0.3093422748126994,646.0175259727156,5719.7348253081145,1
4019,56,36155.67740423384,0.7185175658036184,792.5974339150148,13563.402733573404,1
4020,37,30818.488956866975,0.2068474601267626,552.8347018731766,9478.06732988445,0
4021,61,69142.91882148273,0.3765159222105095,613.6578323759214,5000.0,0
4022,44,19828.61626190716,0.09726590717809545,612.9606728472222,5686.417926730917,1
4023,22,41061.83348261975,0.2718948117659,698.355226182466,9179.745743420364,1
4024,60,44601.11159305744,0.16022123326451185,656.5306303757758,16856.197924791377,1
4025,35,53502.86294825429,0.41409802806503754,604.9939887449045,28279.227855774232,0
4026,52,30278.890380644712,0.38237491664671264,730.7936902906619,12069.381406111854,1
4027,59,40554.437943707235,0.1545534435064924,580.5337666462779,6764.586553406817,1
4028,26,43331.67031656486,0.3632428472507218,614.4789266764311,27273.525917217616,0
4029,21,15927.749199826621,0.36856441358498054,572.1848471255837,5000.0,0
4030,43,30827.107769649316,0.3762384116615973,719.4917310151179,17144.166416197386,1
4031,59,35727.19591420045,0.47808952674602606,646.6075021927561,17020.767901432104,0
4032,37,37884.18834883352,0.5847566321821092,600.1696751426588,5000.0,0
4033,54,37653.05967324392,0.25792323936935635,681.2223350529836,19281.237340418145,1
4034,61,45195.85446119809,0.30404670191843275,760.5192902903901,21402.28167094386,1
4035,49,95683.6257965298,0.32401063440702316,491.8997029011295,30186.6701747029,0
4036,29,26964.74937109414,0.15468411665603346,693.1181056481278,5680.526835147299,1
4037,33,43940.24344312695,0.19883094352195657,771.3584829080779,20341.831737653738,1
4038,26,69609.17017278817,0.43448629098423874,758.8464229575661,34712.386150206235,1
4039,26,14774.835226352097,0.6387433692654101,632.5118204713492,5000.0,0
4040,40,41525.606493687264,0.194054189588643,656.7440705936887,17489.981794176856,1
4041,23,15674.81160727325,0.693980864482105,664.5620163675073,5000.0,1
4042,37,108313.91064663208,0.2650469727952569,631.9425196516542,20596.935311804762,1
4043,32,47146.98622529059,0.531785116078291,714.6762525608601,18222.278603382532,1
4044,21,44070.47468344155,0.4144055575816928,537.5709481486363,20176.162329302242,0
4045,37,14232.921638927284,0.3792162594688976,690.2895437864952,5746.371153207277,1
4046,23,28219.093161063873,0.2859487818041982,644.683551680245,7689.569049578425,1
4047,46,28285.426058335415,0.35237670015655725,720.7587274934241,5000.0,1
4048,35,87836.09298266897,0.24336228712355085,727.6941833558332,20910.65846091614,1
4049,56,52292.101642471505,0.4918512271926818,657.702685184891,19584.948635029312,0
4050,52,15891.45228144657,0.5176795720350164,606.4221021937692,11613.892935895883,0
4051,52,45924.36697841801,0.2524250700571127,722.674772117081,5000.0,1
4052,24,17129.336514773135,0.10392974934236036,560.8220789403497,5000.0,0
4053,38,16080.029803421572,0.3008226579018884,576.304974308342,5000.0,0
4054,39,45556.611568465225,0.6482684717759138,644.6462123610133,5000.0,0
4055,63,52700.72889683117,0.3847933657409576,613.615332820706,9589.898210917409,1
4056,55,45678.21626217395,0.5230184308469847,634.9371165061775,5000.0,0
4057,60,92947.6110196758,0.2108290155720397,628.7287288604907,20404.796036693042,1
4058,34,43668.23671455065,0.2770691880182356,648.1454881992759,26230.925430186835,0
4059,53,39539.16997166472,0.30339129628201167,754.1198821641749,17047.070268600608,1
4060,34,19771.470244082848,0.17433532717269043,569.1544578175381,6618.295615715853,1
4061,54,55759.70970817178,0.3750285058689902,617.3479567062182,38471.930083808606,0
4062,24,15903.23576629875,0.22723679577885142,707.724638970765,9254.848914960894,1
4063,44,99726.28248524437,0.4923413077321044,652.5593318447967,13900.209702807999,1
4064,49,56128.49928312439,0.36338138486615257,582.057414842988,5000.0,1
4065,39,146517.28350840395,0.5721325386944099,643.9088909795801,5000.0,1
4066,26,44119.80503061521,0.09839110923915695,544.48984396911,5472.945636006992,1
4067,53,57531.21968850943,0.2703377296993111,722.2605492519364,10730.294607002981,1
4068,60,31615.86861875417,0.28888758429576683,658.2834375754261,19268.306119417997,0
4069,39,35538.08460011906,0.4194821450474234,804.0232432294368,19205.464953794886,1
4070,21,21466.160535087558,0.2866963408912617,571.5907149487122,10386.773058628816,0
4071,25,17608.65243268081,0.6083620884702897,603.4574317755598,5000.0,0
4072,47,39924.63789680193,0.32238568443688703,661.9802056558574,10470.828919341913,1
4073,36,35433.35003133651,0.2141874417874457,742.1992936353856,7739.359811169168,1
4074,26,21205.442341805563,0.32585975865274336,616.0340337567765,15711.630895428747,0
4075,60,23170.47525430757,0.301155015172832,600.7461251540099,5000.0,1
4076,33,36909.89662741299,0.48923717152043256,655.3104461395023,5214.231426795646,1
4077,55,21024.403745090796,0.2882288470120504,602.9752433691377,8682.760062040448,0
4078,39,43404.67962504303,0.12193942280011756,683.3194799921506,5000.0,1
4079,32,21353.168527764803,0.3766280097428739,655.3481076845546,8788.1834404785,0
4080,36,41271.4905844405,0.25237245479028086,698.8987277128531,14769.062394520555,1
4081,63,20427.635490154942,0.17678527252400517,712.5965261154477,5000.0,1
4082,30,20470.543136324417,0.3533872737678093,675.6431330381919,5000.0,1
4083,45,11146.540058522745,0.3301824415738015,730.7697938263656,5000.0,1
4084,40,33518.758120813436,0.3169495961096423,626.3710509606556,16853.43347094297,0
4085,51,75134.29442494783,0.3890633691686075,548.9255975574657,20323.143926067663,0
4086,24,73032.90755335856,0.26316696277153334,574.5659660330571,18784.208664586517,1
4087,64,42703.397027455976,0.367390745582325,644.0307532506902,19724.253796324945,1
4088,43,13352.951944232009,0.2615619532327637,679.2484976144658,5809.082098007207,1
4089,22,55377.99527430532,0.47333726364304557,690.8600164761516,19207.20693161606,1
4090,42,40653.21236246224,0.3464359719675369,604.6595272584641,20685.25329202285,0
4091,57,29636.097876542226,0.6124641456162532,710.582684945816,7968.712323389904,1
4092,28,66415.32213944821,0.2757673647588344,487.6059738772215,8070.042109871579,0
4093,27,49400.82203411457,0.4035736248232218,611.7025892634766,16284.237018783131,0
4094,34,96836.04032637303,0.5194563410324106,684.591505092392,28360.164034956593,1
4095,23,17982.971890089473,0.4304331187510416,713.886081957952,10561.138211472837,0
4096,36,18700.11301453945,0.37106622910154075,703.0003148020135,5000.0,1
4097,39,20343.368685262914,0.4004085336577448,715.1298849009092,12572.401688955208,1
4098,38,31492.01323766561,0.42612953854173996,662.1451311006348,5000.0,1
4099,36,80345.07921397044,0.39468008811655003,641.5051590030164,20309.470934752848,1
4100,28,26587.693499600377,0.34779492220525177,518.5375477759416,6298.196656823725,0
4101,53,26873.55266679236,0.46057202134389064,633.0563903800291,6334.965559357079,0
4102,32,44741.01702840751,0.3372875427438944,569.6880135288233,23600.080309785808,0
4103,31,55358.06983006085,0.20228815469388953,693.139905047512,11474.847518363595,1
4104,25,11868.038232016053,0.6587665695838417,554.2510055446375,5914.175532315548,0
4105,47,61074.9720257234,0.48161856680970405,639.1392219211924,17281.583408182094,0
4106,32,26170.59803080574,0.21327184023259382,566.6875370129635,7339.314911003027,0
4107,37,34502.519972045025,0.31334221452561006,649.1699008250517,5000.0,1
4108,26,73801.332528609,0.26454325240191284,640.7904936391585,40656.834929982804,1
4109,53,32590.568000454194,0.27528217589677223,527.2512100429251,19773.15702265535,0
4110,25,16883.038196646405,0.4800665603034372,674.0980375994568,5000.0,1
4111,48,17379.51251026612,0.30025640806837184,630.0776529899991,10830.904242556142,0
4112,34,35790.72495795938,0.6374144639307368,651.9545888916097,5000.0,0
4113,25,30724.560573681916,0.08499635640258532,620.9387955004479,8182.44394907945,1
4114,53,37411.618381974855,0.34554793635635,599.8204138587387,10466.551135541898,1
4115,61,29713.62606021714,0.15027606102913646,702.9751857627161,7118.881752053271,1
4116,39,67556.0852965718,0.3991209278377368,722.1834365008449,34977.3753734715,1
4117,42,36768.01615068039,0.417113001230853,717.8319405093536,16527.109379343154,1
4118,25,15040.640326337101,0.4848537841921183,554.2780920314746,5000.0,0
4119,22,54626.06866848795,0.16594963039331814,747.2001782317031,32471.798791436773,1
4120,50,94196.23316008833,0.4147082553384976,689.4043983994369,59790.280256314574,0
4121,59,39240.53276175328,0.21897977155037943,737.4599527229999,17099.408492035433,1
4122,24,40793.3836467089,0.3643696409115475,736.2868656801938,9389.549140893922,1
4123,53,24589.074419289333,0.28370933916915936,674.4369101605439,8457.559343130373,1
4124,33,32169.517776548913,0.1603185160728094,594.3881836817286,7820.861771527921,1
4125,40,46696.99079984186,0.45834360917377237,596.9140084310966,23141.353062388687,0
4126,27,63952.444598302514,0.31121435486862137,602.3674818600908,5000.0,0
4127,35,45387.868717865465,0.4786399301764815,637.3290238462588,17251.120800914756,1
4128,43,90131.08947270087,0.4893522087291524,580.7939051014292,47855.74099163231,0
4129,34,38148.249730089854,0.5466994462273872,529.9358524638936,9572.671342848009,0
4130,43,20726.166192026252,0.2739796023465483,532.1300225513578,8505.823847702635,0
4131,39,21025.101335792035,0.2106632395379736,647.6320172457533,5000.0,1
4132,49,67319.5434126766,0.5300998161215041,631.147028125692,7356.64351881974,0
4133,40,60087.131971699,0.36542288616756025,685.6883071494976,22792.948615218836,1
4134,49,15957.719396330118,0.5523293796705433,637.3686874349536,6227.24491530484,0
4135,44,32703.77863452473,0.17258177461854599,730.6674710064285,6011.3195022084565,1
4136,38,33303.011112812914,0.4533014907510521,608.7499981635083,12023.516847262666,0
4137,30,24940.133469686174,0.3564657986342502,673.1277803553431,7199.705306766033,1
4138,61,17940.45455446175,0.3437816973781998,688.6469520504783,5000.0,1
4139,28,24666.415898780393,0.3017571278634396,653.7434799764416,6253.814884191434,1
4140,46,22546.287998537362,0.18341609248309643,720.9576244412644,10029.929373849745,1
4141,49,18156.170745493022,0.4495693448005867,686.8316779055193,10264.517212520397,1
4142,30,54969.43926643309,0.2911911768402755,706.3735176866396,13844.11452882235,1
4143,37,41834.35978889604,0.3817195283585327,605.1276045287174,15781.014331676395,0
4144,22,28794.471022085712,0.6398626718613629,634.6450442717074,9631.703418607578,0
4145,26,12896.558142426444,0.269470558114192,496.9365326498246,5248.04432982631,0
4146,25,31271.48520018901,0.3053436280670047,645.6037042326186,5329.387720928557,1
4147,48,47123.53384812879,0.3255586228439212,554.078633558389,13459.77996508105,0
4148,61,25134.03067456838,0.2908556164946465,814.2868511106193,10276.832095641725,1
4149,25,20435.259806010225,0.29550838319467737,671.0877617659504,7776.834155152496,1
4150,38,34149.01397911235,0.4546562171955774,622.1115688104261,14388.41259389572,0
4151,46,42938.941224746195,0.548504608905611,702.6809071903057,19726.22778966404,1
4152,40,13360.188644843865,0.3694819312651933,552.6502507135157,5000.0,0
4153,61,71467.96375788722,0.4609793987561714,615.425533882733,25680.98323158028,0
4154,47,19446.773946988247,0.3240827315660939,625.5916765119036,5000.0,1
4155,32,29395.84567221878,0.32030234458900114,695.1296992699139,13879.54038673351,1
4156,27,65554.39376115825,0.2900190091453436,581.5251510365498,5511.876635158184,0
4157,23,38664.59211601149,0.23529819919756978,601.1927420000505,16387.924957552113,0
4158,30,62821.06443030209,0.5354581156488213,657.8110351837391,20501.472783139227,0
4159,54,78971.27677605573,0.274712435392546,694.1996100080867,12383.730776422584,1
4160,45,17503.602264618017,0.44165703092482783,664.7990090556061,5000.0,1
4161,55,57012.279457346616,0.2244315639330456,586.5680278394033,19551.621965315946,0
4162,36,70455.98214695288,0.35688147201150905,657.4575624995273,17628.303519216162,1
4163,22,30094.485443241003,0.3498791961999639,602.049585105686,6443.918220163365,0
4164,44,31316.268025304827,0.2256379305740302,583.9958118384691,12023.694259362548,0
4165,30,13953.39451800758,0.297989113820731,678.5689070671846,5000.0,1
4166,58,53666.257222494096,0.1897138710513603,688.244645291699,17088.76631315453,1
4167,42,10224.742961181579,0.35251494161315167,649.0463358678091,5000.0,1
4168,46,58947.58316239476,0.0859147427046861,685.7759953726003,5000.0,1
4169,63,17875.123905549022,0.3413352935966662,703.894944474735,5000.0,1
4170,59,72790.76347541552,0.4476402504879531,478.66471378556975,5000.0,0
4171,47,44273.284592208875,0.34805586735666416,678.7410320222407,23747.39170819777,1
4172,49,60143.21109655979,0.24496922207910374,758.406352372748,26712.322944734402,1
4173,58,24187.99016012131,0.2526051645776371,630.1036130422826,11260.091634829778,1
4174,40,18643.87965170902,0.5312230365197139,757.6002406339697,7500.318595086824,1
4175,47,15035.794209755119,0.37372995834730177,672.0758956064024,5000.0,1
4176,61,62667.70399464031,0.4766873498047189,655.5751690499933,5000.0,1
4177,40,50588.018289187785,0.4914036547035741,668.6431133647882,24217.848859110858,1
4178,64,51493.27641278086,0.28314034851299386,543.5051521140333,35759.35204153713,0
4179,39,42012.44595120808,0.19975827140972033,767.0100773464231,15758.527003210042,1
4180,40,47664.19620168762,0.44691169644675166,615.2064072039745,27547.45922468105,0
4181,55,31387.57759786671,0.22141777207797653,566.1281262049733,5000.0,0
4182,22,43702.05114427962,0.2614351855977975,612.6446794805306,7657.960479334519,1
4183,50,23660.955710766553,0.36554592692456794,651.613987152719,10266.664752425899,0
4184,54,30596.272003378694,0.3123225371733735,729.059881642806,5000.0,1
4185,42,166319.30565167507,0.05,644.718057637842,5000.0,1
4186,23,37029.14830345183,0.16480988262420865,627.515720756584,16658.545660117026,1
4187,26,13550.646923120832,0.5013108029283467,628.6216346728119,5000.0,0
4188,35,29605.191018948986,0.33780873694218666,555.0792889963894,5000.0,0
4189,47,21401.98191459679,0.45990634563446786,613.1172412482416,11388.292368858327,0
4190,30,39324.74554571549,0.22825842194906137,608.6814204802461,15768.551254532826,0
4191,29,23279.314221873225,0.18322938714324447,667.5038747701863,10232.318858281855,1
4192,53,32665.812207262083,0.4583086084053108,529.3981194486915,14759.275596855456,0
4193,52,25086.37105678512,0.5444704620515386,619.0973941763181,12394.925931676415,0
4194,26,40078.36971261524,0.21909559516378282,741.5355067033499,16056.547922008529,1
4195,61,26537.141244534527,0.5026651662558562,679.3967684534106,5000.0,1
4196,56,43409.77982312312,0.2035387187907591,715.7998837444037,5000.0,1
4197,22,96210.20667556634,0.10445627176890983,622.4843518352807,48235.993817910596,0
4198,49,20389.878234342326,0.43787699456732165,766.6272158310609,8458.815027547422,1
4199,24,52152.510894178275,0.20675847803656267,705.7872280924713,14283.209827871124,1
4200,21,10652.875329473303,0.16846918964704052,654.791817983977,5000.0,1
4201,39,32325.584367003346,0.17172163994709974,695.2326118375939,5000.0,1
4202,46,40719.09345058737,0.2978251309792152,563.5007823174544,9732.042013195492,0
4203,45,24984.068933896302,0.09490581980383613,562.0376039943988,5000.0,0
4204,30,14858.146631132156,0.4391292618193797,706.492670030036,5000.0,1
4205,35,35631.31306149529,0.42223003092715733,729.3668983563309,13065.125348314037,1
4206,42,78124.3993151562,0.4220990396007747,585.6138531968351,46381.38910543355,0
4207,41,33751.33738231722,0.5311541994588124,709.8180968746185,14452.31290128507,1
4208,42,48015.87008264384,0.49562294111256705,687.4317049650176,9849.024863560364,1
4209,56,63795.65227689667,0.2138531855315214,594.356182995505,18291.55976494096,1
4210,54,124958.53893616646,0.45111968452361123,580.4518812039751,52863.2607381732,0
4211,50,21458.072241695067,0.5166843372008746,599.5060816850876,5000.0,0
4212,45,22594.11335295426,0.4721255397955977,615.7893735930235,7744.072271772831,0
4213,48,31378.64142929916,0.4833611586005017,622.2313772380252,7179.517938344576,1
4214,21,49400.62323438792,0.3274116657892594,538.5492662656202,11082.399453023638,0
4215,24,11380.415384259051,0.2527755699066652,615.8799403780081,5000.0,0
4216,27,50356.322637676836,0.314815544422555,672.2546965239565,15553.889829289637,1
4217,29,39109.943653265735,0.24522190493795895,696.3433089338153,14930.52481288181,1
4218,56,27806.576098175236,0.5005047440875853,608.6559599571401,13032.810945239096,0
4219,39,44925.23645171895,0.37799997108896854,754.598958554773,5000.0,1
4220,21,56660.04775293632,0.4735592571143406,651.4130962584763,27797.69510149196,0
4221,30,60718.93594442627,0.13268340169246398,827.4861753930877,27047.35445386671,1
4222,56,36584.5643194553,0.283029707908579,597.7281593013367,21749.290627148905,0
4223,29,42745.38426406679,0.19621369585213064,675.3224657634944,9711.922475894282,1
4224,62,41946.94605450945,0.10614235961054119,643.8645828595857,13160.484692148548,1
4225,52,67211.43262056378,0.3949856688635468,603.2819029739411,6379.286090294789,0
4226,52,43941.21985136809,0.19032314503780687,710.3110130347927,12638.172141373923,1
4227,26,50141.86873001829,0.29404917349216525,703.3926984706603,11874.887743883522,1
4228,58,56745.42269488666,0.20427502347919296,632.0471632548678,18749.07918861466,1
4229,37,96691.62150498683,0.2888795185920584,672.2910620180573,28175.9190168735,1
4230,30,27094.67708818833,0.43832592446629687,668.182153395862,12526.344690223446,1
4231,47,81867.25286165472,0.20649412865059483,631.7076308931512,21225.702826941273,1
4232,55,124935.12602861194,0.28194302152355816,597.0919339020048,69291.51307213226,0
4233,41,27972.54065659327,0.42925985237841124,649.8729670809026,5000.0,1
4234,45,32584.921446624157,0.4522446239363547,636.6512481895577,18202.48722436015,0
4235,48,29312.652257340378,0.2909043022472939,575.6991844955792,5000.0,0
4236,35,50435.17884815288,0.39429505261023556,696.0358654914189,23425.839142273377,1
4237,24,14316.409587637158,0.47261028079734396,653.1383939083282,6229.409690235838,0
4238,49,28289.639982528704,0.19148412982879703,640.4921092036799,5000.0,1
4239,29,31671.703002526934,0.24294598067622772,545.6198630886006,17251.200951313655,0
4240,47,30316.664436994415,0.2939228307262699,672.1960159562633,5000.0,1
4241,46,30164.432114979434,0.4170240935549708,545.8203777123334,5000.0,0
4242,39,28434.833687675233,0.37802919345007024,659.8757086239868,5981.92490997163,1
4243,48,53567.232879262774,0.359691661608489,709.6645305540419,11783.550437662783,1
4244,37,47530.27281547763,0.19579662071147355,766.3517292025714,8499.97073576308,1
4245,63,85110.05583672211,0.4806345370875573,654.6844736770892,26725.96096744179,1
4246,61,53635.512766536645,0.27516086746126295,773.0837085499913,20063.48049835576,1
4247,62,20977.494350826877,0.3100175367492672,701.2882147932168,5956.424280309264,1
4248,40,33355.617076269176,0.3792960109777431,683.0704432083157,5000.0,1
4249,60,31630.720207950195,0.6459486776267429,728.1127197318439,5000.0,1
4250,59,41258.77594080596,0.2538324876636512,743.7351460503065,29769.736780313367,1
4251,43,62731.86553625849,0.24634740827867996,707.6422158478947,5641.727907331489,1
4252,52,39851.58785273287,0.29381548469440627,640.1239679311992,5000.0,1
4253,53,39904.56117403443,0.5241428153726072,612.457380032687,5000.0,1
4254,25,36498.29921460726,0.3723871338504827,559.6339189751101,18031.19616132683,0
4255,63,54463.824795399254,0.40638367564231986,661.7645790009875,26799.30155766191,1
4256,54,27324.729551531083,0.4710287746409613,732.6921752613529,10367.5970809228,1
4257,60,17526.952368408554,0.5191207136013986,582.6799870241038,9768.604422817447,0
4258,31,50125.717970416285,0.24953378364972473,574.638962124355,7789.435108815029,1
4259,23,43808.518952622486,0.4284189699931052,775.8549986765834,5000.0,1
4260,53,70383.1479354322,0.5229009774188704,632.0667912394122,24998.546278619193,0
4261,31,10786.427301207983,0.3808798150382459,529.5535049253149,5000.0,0
4262,36,34538.34033664175,0.22716256614098587,548.0488189897931,11676.785902031525,0
4263,38,38305.8067678616,0.1977885211616071,680.9864076075912,9122.156025522896,1
4264,50,17061.180588520616,0.41776686349320497,616.6752532545365,8625.92141577046,0
4265,30,34776.66251940778,0.17705625091669788,683.4916934147273,10129.626478015272,1
4266,38,65739.90052884888,0.22803839930417905,634.4805710935794,23048.941488538094,1
4267,58,103059.04484268007,0.27652309942503045,664.7896561817626,30323.90736570691,1
4268,39,59349.7655466871,0.39206481650921715,773.7102760528828,11960.628290498375,1
4269,56,30876.921580538274,0.4375281097808119,636.9378498416705,5000.0,0
4270,33,68238.04891459408,0.24349744503487106,732.4224687599462,26224.85647526794,1
4271,23,57279.68532832436,0.15549371447208407,657.9432551810206,5000.0,1
4272,30,28504.142766715,0.4724394202208734,569.4525371800066,5000.0,0
4273,58,27149.176416909166,0.4513428113911853,788.3459677550348,5428.704949951853,1
4274,21,33381.22782309534,0.42040847493292766,798.5651561049457,5000.0,1
4275,47,21473.512712098232,0.4062913382283104,639.2803280535501,5186.924738316138,0
4276,28,31088.835434544002,0.29040789481231366,660.6263605602255,12103.03764621207,1
4277,62,46322.193236051266,0.323358481862647,736.7682009502239,15085.997874744795,1
4278,37,61038.10578284158,0.3613768100054622,637.0624431744758,11297.813169228073,1
4279,29,30048.678120474542,0.22356222268784834,717.6538704649996,12731.149209417019,1
4280,26,72708.27160540111,0.4075179769452467,593.0340162774385,25645.800599125014,0
4281,63,50264.4191700808,0.36788189614620176,778.3130543370883,5000.0,1
4282,45,51422.26400267888,0.3296921914647069,675.4413864990623,7443.984523554039,1
4283,59,22936.713674863677,0.4868761936818738,702.5543451432354,5000.0,1
4284,48,89668.97475859776,0.3348429918450754,744.954664343637,20636.788820392245,1
4285,53,47890.968952566785,0.4489439852244945,707.3101528201901,7961.362014293163,1
4286,57,30750.64715031261,0.17169740723292493,646.4537508889445,7817.319572792751,1
4287,29,28153.906014796095,0.47603146710698485,770.4351314242966,19337.709645118328,1
4288,38,31094.117384437242,0.4406266223297494,708.458624881956,5000.0,1
4289,41,21825.433161872355,0.6742726911706619,638.474545305357,5000.0,0
4290,22,59524.916713849874,0.5901355538750239,544.7756668425423,35659.55146636235,0
4291,63,22972.174424315555,0.4904531228676303,648.9809049250572,9312.726171488075,1
4292,58,41978.48144558274,0.2691840104276331,612.9323934262284,20787.922424548553,0
4293,60,28999.71777136355,0.21721140686588067,651.7199346569332,6699.522732175465,1
4294,56,50787.128956168475,0.24124932862857826,605.0837400898941,22229.773169763004,1
4295,63,54358.2898540099,0.42642249412402516,676.8906071790319,14936.855977392297,1
4296,57,26319.028371737935,0.5441356096292724,618.5640720673749,12458.3220981703,0
4297,35,35705.612458037904,0.16836392737699768,749.8944847748322,17977.56568634729,1
4298,48,17646.703408649846,0.22348770506174576,692.9731744609378,8553.45994624183,1
4299,38,84988.53020960756,0.3550111730562459,617.4190683566384,14371.86272622004,1
4300,54,61944.9615888517,0.17966897401853726,650.6349482781442,19727.431883694026,1
4301,42,18074.014995811074,0.28657817970593114,685.6144097614575,5000.0,1
4302,31,23542.15439725811,0.5367143782004759,544.8076355866991,9666.53883869564,0
4303,33,33948.1907479406,0.45821869441803476,682.7826652382948,12488.489351441474,1
4304,24,37026.17448475557,0.4744297844674789,530.3238254520869,5000.0,0
4305,42,25770.207348581567,0.20232537289353614,757.4534814562168,10097.37365135564,1
4306,27,20486.798890723723,0.08811251644244351,623.8898737440176,7932.358811847616,1
4307,63,44245.79667076814,0.28564616720596375,723.4259906057679,18296.086243142272,1
4308,44,86659.52683469717,0.05,569.8577616995501,26801.1126830219,0
4309,24,37321.79342736567,0.41788941887382064,690.209535874345,15412.585723801429,1
4310,48,31386.83755633912,0.4621056609615199,567.8883256130588,11389.24629566302,0
4311,35,29779.642262723697,0.2321508210357063,629.4143071836392,5000.0,1
4312,21,20986.573911154563,0.43731476078193315,717.7423038750039,8944.95868301276,1
4313,23,25952.095174969807,0.4365041325848833,693.1874225054078,5000.0,1
4314,34,64090.76368070914,0.1818245276419809,689.5874265812814,5534.100934173568,1
4315,58,12894.743104734647,0.2900230033961398,625.2356514063657,5000.0,0
4316,21,37610.993306728844,0.279821033870957,576.8088803418271,5000.0,0
4317,58,36826.66055397867,0.4899218355389707,704.6787615997537,6131.379542776352,1
4318,58,38530.27853917838,0.459854796020646,585.5945782816758,9144.547068392185,0
4319,41,52245.49020373642,0.435844321305523,606.4473397957171,29514.02586142826,0
4320,49,37443.20879016096,0.2658167259755987,749.9150641626609,9619.361436729587,1
4321,25,28941.165832429124,0.5548565391331035,690.4821311924852,19830.20424933403,0
4322,30,26152.20065203057,0.3771810759207927,554.5499345249857,5000.0,0
4323,48,69506.24485702171,0.424335578456215,649.239835568805,27409.268311775177,1
4324,41,61115.81739210011,0.6095940559167597,638.9375146941218,26270.052602945845,0
4325,27,153095.7405355295,0.4493551330455906,623.775316967471,17752.12953094335,1
4326,23,31555.58224688329,0.33203407723983025,625.9044749008639,8898.36499541162,0
4327,40,26394.0397433473,0.2752920920257272,741.5973634727918,7364.147432785855,1
4328,39,45550.79920281195,0.08991743486079704,789.6169878670983,23567.26564557439,1
4329,55,45004.07165725146,0.11504034704535045,647.0252238248398,5000.0,1
4330,24,49920.026776999446,0.4783691168129913,661.4676566619146,33737.468128101675,0
4331,25,55468.21531634586,0.053618210018304226,554.5091098896389,5000.0,1
4332,21,49678.961174454525,0.5016938157061934,768.6265315199494,19114.175023926837,1
4333,24,62163.034597847414,0.47050903408056066,603.8975383649482,7788.109074476262,0
4334,32,66436.55129312193,0.22025282151399272,620.3924710801637,26268.922830967596,1
4335,47,67031.79635525713,0.3772367133990701,705.3332902484385,11244.642297321745,1
4336,62,11723.26988789165,0.43642924977817493,669.6614047656103,6672.9463531228985,1
4337,43,40789.927352008715,0.3637942163387779,688.4551767781825,13057.167598137119,1
4338,45,22888.615031660443,0.5346835284470892,697.5606840489563,5000.0,1
4339,41,61557.309572726415,0.14118561775613264,649.4263457491888,5000.0,1
4340,44,11601.029839839937,0.4256248866107757,711.8046332782334,5000.0,1
4341,45,75705.99563511224,0.25866274130783234,530.4960711140812,29530.758755911862,0
4342,52,23568.11793724823,0.08928161057359169,764.4949502202647,5359.367680001371,1
4343,52,21016.606291844597,0.17596602128317945,637.2822377645056,6428.500003878227,1
4344,25,43396.09158329478,0.2713271847305145,711.1242080887861,15470.835497496075,1
4345,56,30132.651231542288,0.3534881900266341,684.4866936538918,12903.624520971427,1
4346,62,88405.95881841784,0.21483705072213663,510.1534533064263,8870.217044560055,0
4347,62,71791.15611498579,0.2740856033704092,665.28890808844,14923.955286419261,1
4348,59,28129.73972210784,0.2906046570187011,502.09855225070294,11876.331716720762,0
4349,36,61159.62203603161,0.21806747055443615,684.584548715008,17052.46384807915,1
4350,53,27649.323769403007,0.2650164966565706,665.2135345878438,5000.0,1
4351,41,27530.305286139203,0.43594324284696756,560.4482108719628,17025.845715309235,0
4352,29,51900.950291341236,0.5973441406627561,663.1842259356941,24356.728606198758,0
4353,26,75201.05546171458,0.3812500166498252,616.7416613895268,5000.0,1
4354,55,29128.249081544553,0.36974476165237785,638.5425752797345,5000.0,1
4355,59,30258.596752470574,0.33794338621210457,468.908380517056,18594.619188226297,0
4356,42,42218.01731697625,0.29136482196731317,563.3286815424324,16512.337391377918,0
4357,61,23225.469128444412,0.4363657076022142,594.9073752344912,5000.0,0
4358,25,79435.86098148728,0.49747521373545267,570.4092736185729,5000.0,0
4359,62,23114.691631703758,0.1757546061604325,613.2198560962373,5000.0,1
4360,43,26460.361963714193,0.5057425243078384,602.9455533023643,5341.966152563628,0
4361,37,87870.51026519708,0.5938180762658408,671.1200203525763,38115.735232759056,0
4362,32,40428.659840867454,0.19885752551744784,458.7644766036371,5000.0,0
4363,43,95970.07608486674,0.48810289578329946,789.473367015212,39727.47368648542,1
4364,36,32544.421148428697,0.5953069000163905,606.9347376510524,5000.0,0
4365,23,127996.65502411353,0.4573795402655929,628.5517128770689,5000.0,1
4366,50,49405.89313284006,0.3236055931145232,691.6246212314919,11381.87424045413,1
4367,42,24928.874365521602,0.4668238841659821,771.7233773048393,17319.045743740695,1
4368,29,24737.638548986477,0.2281221473159277,608.7614390814077,14068.403624619508,0
4369,49,17525.216131841797,0.30311837662114466,698.2552108916979,5000.0,1
4370,57,18510.48351394272,0.24010311630910994,603.0339037357003,6320.58499380765,0
4371,43,26114.192194716015,0.14791992577188906,715.8175769343818,5000.0,1
4372,33,22119.188754412877,0.35622667289623167,698.799749421636,5000.0,1
4373,52,10006.942727824282,0.3956068678181773,575.3831133609866,5000.0,0
4374,43,55312.848148489975,0.44935242521631974,690.5318790687461,23657.80631755918,1
4375,37,53512.409563942114,0.05,550.090337776851,5000.0,0
4376,60,42369.68624568868,0.37740444784471994,598.0996760675724,21785.381736261326,0
4377,41,20589.093884960308,0.3618282061660635,556.240751530793,10765.218627404418,0
4378,22,82734.83837334029,0.18638985601087507,650.064920607826,17357.22579030734,1
4379,57,33220.284752577085,0.2833360220099624,719.8845009556115,10704.134706835273,1
4380,26,23941.858250523022,0.4631434505598925,563.0184651857498,13416.704409652726,0
4381,64,40794.11322052425,0.36460984190910584,678.0637495186645,15200.037979246305,1
4382,38,39641.014691164855,0.34733700222073,633.0667153101319,23460.62923617684,0
4383,50,10390.267278787605,0.4839384464437482,578.1291042105584,5000.0,0
4384,42,35757.928958267774,0.6972258413186525,620.459413666814,6566.8597812623775,0
4385,53,38571.522061342854,0.31361402745512706,690.5220177847764,9043.24448464223,1
4386,50,30050.3447660656,0.3870157357187732,715.8161658061788,16489.790721254387,1
4387,37,18756.06732103032,0.21626171997140525,671.5248917590518,5630.180034725797,1
4388,63,19034.391403940255,0.6717169452624876,647.4066818216261,5000.0,0
4389,52,46959.120020461814,0.26902786848037197,651.6045831012091,13043.935243615386,1
4390,62,53146.12591545236,0.07881628812283341,598.7843496716125,21470.701190695316,1
4391,34,29027.393093372215,0.443267379486055,656.7822297590717,6876.581064226816,1
4392,30,43965.427526895466,0.10847424364094849,547.0846771715152,20559.529326068292,0
4393,56,28883.936018602715,0.5442543474821351,641.6989377047842,9337.8190953472,0
4394,54,23703.559331921915,0.43839404301870133,768.9534007750667,5678.632041557795,1
4395,29,40426.80940685838,0.19581286732622014,619.2737722447238,21660.907638940982,0
4396,62,20444.159034189357,0.4505867952221577,728.4833215620705,12015.990649212623,1
4397,48,93609.95792701689,0.29992883151190686,696.9654090287237,49960.04177513281,1
4398,31,17698.641135060447,0.4140173877252698,750.6478158255991,5000.0,1
4399,34,41852.787562178324,0.15779734066896686,431.0492370976836,22529.282460067185,0
4400,59,39148.589249721736,0.14857368613235775,662.3941176687057,19586.93049523854,1
4401,39,37449.095646441856,0.39768044677639913,691.163531368194,5000.0,1
4402,35,76244.20549026575,0.6325824236633086,705.8865540314744,17767.710379474032,1
4403,48,9479.571238567543,0.2532297957971061,734.0896256245462,5203.426063491124,1
4404,44,44616.813565680226,0.2418824903806734,698.7488679797781,21910.40258850368,1
4405,28,31675.894708544274,0.29919227253390834,666.560596999747,6175.944565084219,1
4406,63,48629.61068724161,0.15149331750630227,582.8859784578743,5000.0,1
4407,29,37322.108003146284,0.43292087049292677,516.7976811811631,20900.173547655064,0
4408,53,34978.53302392651,0.48530437345138394,743.7523268077457,14428.930786372031,1
4409,53,19857.611572295515,0.422332071851353,607.4894002727337,6101.096786516964,0
4410,39,25937.14136004148,0.32453579133255606,625.4822919397251,5000.0,1
4411,23,173816.41603974803,0.19627633587044213,713.389169946475,77167.43007146863,1
4412,30,48852.021967790264,0.6594947270816095,648.6651411339021,5000.0,0
4413,60,61469.51176324593,0.22138379249001872,568.9911082115374,7323.286742735689,0
4414,62,30456.404766769836,0.21782705194563226,530.4759850167567,11583.850267249682,0
4415,21,23675.482919465125,0.08122233493333922,624.9050331218024,11788.054964299967,1
4416,49,53541.583209219956,0.1367352745413263,656.7140778097074,17588.659563423364,1
4417,54,14018.60795093536,0.402442454201791,705.7354473140301,5000.0,1
4418,33,26229.257110035225,0.28598311548630095,641.256378789044,12521.301580371528,0
4419,21,30415.6413336966,0.22041722831668448,651.4001575385703,5000.0,1
4420,54,58249.719250610746,0.23032979532671247,557.6093423268628,6399.550368437622,1
4421,49,44661.01966270125,0.2729364573666221,722.8923242314991,23103.936955046793,1
4422,33,28668.38239267177,0.2503421699502076,850.0,5000.0,1
4423,49,43673.05087405541,0.5604000643933106,741.0834180989722,5000.0,1
4424,59,31207.823030081683,0.2942060339723462,734.7493649257083,5000.0,1
4425,44,62008.01187489365,0.37186818727816706,674.1577078482713,32090.191417538994,1
4426,46,40867.00779124594,0.35888102611396444,576.8428809078017,19562.36041185438,0
4427,37,86527.83234528916,0.3639739071365913,589.6758280359405,5000.0,1
4428,27,31606.01837465063,0.2944070603447337,696.1052556751698,5000.0,1
4429,33,67016.7331990051,0.27886062356167246,712.3556679231143,5000.0,1
4430,25,37994.89155268702,0.4464666947870257,584.2607283922132,16235.60647709656,0
4431,46,25626.39552714736,0.3829508369172512,681.8198176276265,5000.0,1
4432,23,133357.2981960885,0.2362196177718563,657.9187167666089,52030.22404890297,1
4433,27,69902.34056797336,0.05,684.6606481976676,18080.234482801756,1
4434,59,40829.561581096634,0.258956454797731,675.0426510930781,13015.291898765527,1
4435,21,53263.05271299839,0.14595031691199645,678.6504975845914,5000.0,1
4436,37,21141.445844150287,0.21150903255255388,513.820956761695,10115.862369934966,0
4437,63,21516.906279059156,0.15168076459245156,777.6712077255886,13110.194099067,1
4438,45,63388.9695491286,0.5239340825160358,749.0741841323613,37783.872251699344,1
4439,23,36402.71684269382,0.5228733674675135,648.9531125633605,11387.44831723533,1
4440,35,33593.61245588661,0.4637047680538172,567.3930614139997,5000.0,0
4441,49,31446.128441117555,0.2999209511121851,689.4253488772031,7154.803213051167,1
4442,63,39184.38943378875,0.2501148019736118,547.6649045544382,13859.24120046429,0
4443,52,31980.297665993658,0.12582988327586414,767.3866046508464,10452.478866478075,1
4444,46,13146.746750038626,0.4871592793284118,638.7009320004272,5000.0,0
4445,36,73713.23440906464,0.4802933822730832,608.2506894869609,32600.11148589384,0
4446,45,34362.45486856631,0.4239163331551271,690.8549333973612,15607.997670898996,1
4447,48,90740.97651293458,0.18371199942375457,617.1313359331183,41263.28884913141,1
4448,29,15046.517708555553,0.29944199188615916,630.3985905538188,5000.0,0
4449,21,15017.032542192834,0.3320779788663887,594.448565848269,5000.0,0
4450,49,31643.664451970435,0.08496171707385564,693.7560064616999,6399.581700027436,1
4451,42,59205.141056362285,0.5643239903703829,671.5252198533698,31722.849094857414,0
4452,36,19735.343414472572,0.14724229743869616,723.5242661964909,5000.0,1
4453,61,19356.06279917446,0.23305756531371388,536.2421481615057,5000.0,0
4454,64,43738.157496751104,0.08422121891587261,564.7972335140643,5000.0,1
4455,61,31056.49259187569,0.31946578596900627,613.7673478373036,6707.907662424185,1
4456,27,47669.1613656919,0.31271967902665987,727.7869013442951,18256.581662742494,1
4457,34,31336.06966096531,0.4970231178617794,550.2453537251191,13644.82308188126,0
4458,49,44027.452614691225,0.20786503580349783,590.5298716130264,5000.0,1
4459,39,71902.5219916782,0.18720182086194256,749.4303369093407,36123.87839495418,1
4460,39,19756.278215068098,0.362025501660357,687.078059019076,10481.968479447207,1
4461,22,65669.73914109048,0.05,725.6237865567692,15948.091619552926,1
4462,61,15489.633390928473,0.5497229784723517,643.6240573470436,5000.0,1
4463,35,49250.17928599139,0.1517540643521408,773.7815669198225,27154.565313161816,1
4464,23,73838.42836959919,0.6225496021541164,548.4243188855365,27690.847490629236,0
4465,31,27944.22918888046,0.23119324681329917,634.9912608974757,19023.04379190716,0
4466,50,50125.11992355314,0.1359678997511962,629.2402819553852,5000.0,1
4467,60,28465.651290637226,0.4374621525277541,630.1056349920077,10197.480727223892,1
4468,38,48663.79323016652,0.42882630811017663,562.114243103903,28883.282884145112,0
4469,22,11739.9205024264,0.43246251428342486,688.8135434265464,5000.0,1
4470,52,39382.55898965677,0.36508832411129977,564.2764947536002,5000.0,0
4471,28,44253.753952464736,0.6859582894998595,556.7350945879026,5000.0,0
4472,42,71135.44220863681,0.14757354869699005,468.49674690037045,46913.98579044187,0
4473,26,57677.8081255718,0.5542387085490555,598.048937192331,10203.019730731174,0
4474,32,33502.722186196464,0.10866426995830689,660.2694521726387,13249.347026285037,1
4475,60,41524.23032019782,0.5977843190721123,670.1916678297305,5000.0,1
4476,56,17622.676470815582,0.40289095760187377,634.3174380349503,5000.0,1
4477,35,82622.5123528857,0.5839048148716267,603.1241916598817,40552.05482919241,0
4478,48,51306.85762682399,0.4838192547949278,621.6117406679323,18291.973905938554,0
4479,38,14321.964479016855,0.05,602.7769446800404,5000.0,1
4480,22,41068.370256186994,0.2993001947529232,793.7763032841788,18878.367982637817,1
4481,33,42666.53730175723,0.16201751400347167,564.0183924253806,12322.439760587255,0
4482,35,24662.226290624854,0.5740648724541981,595.7250711753471,12337.304970571302,0
4483,40,38117.65226321278,0.47008952945591875,649.9655622011988,8160.517127693813,0
4484,49,23453.145488347353,0.3727123861806787,573.26880667303,8417.705695987484,0
4485,62,17992.336813528542,0.28812746049484067,653.2265199585331,12590.98450159405,0
4486,49,26724.245638585875,0.4135291769093085,535.3316698680612,8860.413729065094,0
4487,23,39568.75733118807,0.20627834686067215,658.6700798161849,17355.229764811542,0
4488,39,57766.59039464475,0.39219903199225603,618.9025943540979,5000.0,1
4489,23,37605.63651420737,0.3315099625728951,597.8270004265914,12384.965383610732,0
4490,34,58049.16973674607,0.22748380396817403,629.569614648875,19792.053360588965,1
4491,60,50229.18638647105,0.4543190875219009,612.1330607702411,5000.0,1
4492,24,21640.048562825417,0.6328716338373248,621.7992978821031,5320.238806972193,0
4493,31,50038.67665666136,0.13574888636757185,703.6627978562644,12106.906222965186,1
4494,51,50735.02103460924,0.4917047695576551,775.9312071558335,5000.0,1
4495,63,86759.96171955911,0.2288941484041935,460.6872288389994,17217.3579904828,0
4496,52,44592.77728752275,0.43760255126882075,633.7510841567876,32221.88083029157,0
4497,47,19587.815154234817,0.2574249449093414,560.2056549321255,5963.700999779204,0
4498,50,27528.01801302345,0.30504323680644696,626.1164891465052,9977.909602184918,1
4499,63,14381.837900785025,0.31987917574351105,678.191257285556,9738.394993196602,0
4500,22,46874.95294362618,0.5542014983415381,817.1027447047915,5000.0,1
4501,29,83032.20058428941,0.33619337787548276,627.4333423038956,60680.21495263535,0
4502,48,10986.540976841963,0.29912340375764424,659.0903922104069,5000.0,1
4503,51,84805.45701163205,0.3375666212266482,586.0263997574302,5000.0,1
4504,54,46565.665258601,0.6344124865327702,582.3679701644487,5000.0,0
4505,35,21198.99752364195,0.43401302789064516,579.0351054375055,9741.20480331995,0
4506,45,41288.83154529611,0.2584330696826201,599.7706078749029,18791.06116263469,0
4507,56,21543.645104871146,0.5747227837836635,616.7694008021217,8335.241625324183,0
4508,28,45261.40143440703,0.3770845811282003,749.5083126730634,5000.960527806935,1
4509,29,37484.414980560156,0.2205678171575591,625.7634008371259,13004.414534556985,1
4510,57,42816.19871820175,0.4090558620046992,688.8552110616052,7325.662913511954,1
4511,59,22937.54442103151,0.3274748746227087,670.5854372711643,5627.010201479969,1
4512,52,24669.91333861979,0.05,716.6564144731333,5000.0,1
4513,37,46672.51406279989,0.3996120987800355,516.8532934630871,7674.706414068247,0
4514,55,28244.01492406097,0.1886946077603135,674.0117530822606,5000.0,1
4515,57,39124.68607178145,0.15910077473229095,666.0733640801296,23500.822495430995,1
4516,39,45546.6231468135,0.05853599658039219,643.0117447998774,5978.298587710422,1
4517,64,32494.368328337972,0.3692285747271985,725.3402774822623,18663.6414647685,1
4518,49,64702.206870324786,0.3278703925194906,641.5401475972201,13526.630393315485,1
4519,27,33097.888192289916,0.492362393562129,711.5247821470911,5992.380553110159,1
4520,48,32604.717206221263,0.23037711924030502,661.9048440409098,5000.0,1
4521,29,26480.063611461486,0.2778045721124421,667.3146577560922,18035.254869294262,1
4522,48,61083.13063219343,0.6469350951986569,672.1324994783175,31145.029666689163,0
4523,26,25499.03481372039,0.05376164336726298,636.0440163689117,5000.0,1
4524,49,67998.7836893389,0.5323845891311553,759.4781326874676,32911.56228481539,1
4525,37,39401.389284122415,0.23303145698887492,725.291068656328,20258.228981536176,1
4526,36,138835.8260948729,0.8172123504166589,645.8325300153223,47308.482416746054,0
4527,43,26102.074247016793,0.4583232149565313,661.9689086953477,8736.649026001991,1
4528,51,68706.35326007802,0.25580318583218253,683.6692546716457,20437.760344266102,1
4529,23,46869.43282383531,0.1409366064614628,706.7046994477655,6722.0321672581185,1
4530,41,28088.707154077805,0.41138741790803884,762.8891066829398,6168.944735173976,1
4531,46,47185.40124217649,0.06352869544575243,713.4743904725216,5033.004167392095,1
4532,56,46049.72213660334,0.4532774654265829,637.7903088021498,23335.913679505207,0
4533,62,30761.853769964382,0.14094052657048647,592.77187432602,19438.787440482567,0
4534,57,44987.52191415747,0.2045213205896961,719.4519936618993,16759.384933468784,1
4535,42,64972.591869535994,0.05,670.2323675498706,12682.666360943074,1
4536,62,46895.50372159434,0.36952053765495574,581.2211015019628,9887.986149090164,0
4537,32,29448.76978307625,0.3919087883070813,709.7346015293625,10922.977791304693,1
4538,62,28631.099672793178,0.35425527483377595,756.1494284086949,11789.808305458118,1
4539,33,34762.51972205852,0.0916549850559437,650.496690764567,11438.20407288495,1
4540,31,63337.383301201844,0.5651965635451117,759.6623213660981,9883.66377026496,1
4541,36,24912.013966371294,0.325692826819805,703.6332336475124,13312.70685254571,1
4542,28,44181.68373996697,0.27173019728803954,568.8988662157886,14366.794993771062,0
4543,60,16626.7183434518,0.470483834078678,679.5789639609094,6521.387654727186,1
4544,60,48888.90478788029,0.2839521394857836,526.0188058061644,5000.0,0
4545,22,52885.55134080553,0.4161824007396852,674.7826868823083,13561.560855044541,1
4546,50,100088.56751331015,0.23295978710581272,578.2755018145438,44247.6132404677,0
4547,50,57678.8899532736,0.4724236840789659,663.46181886887,5000.0,1
4548,32,29714.77088022804,0.4685725442722665,697.4285190258068,5000.0,1
4549,30,16860.187480090546,0.282022686748356,608.8223622578229,8873.455344008446,0
4550,64,46962.19723898791,0.3728388534136658,768.3338338848306,15270.506499158084,1
4551,31,30834.480770009635,0.34627899387084,585.4966934478558,10488.621122148143,0
4552,35,42918.1974887335,0.3312357823513244,500.2915000980124,16326.893720222235,0
4553,36,25334.12195441607,0.17180503889565765,647.9780690795953,8911.270417904007,1
4554,37,33302.97093234527,0.19290022973820917,745.5639259526835,5000.0,1
4555,46,15521.902173932333,0.29220841999410513,648.5302142283288,5000.0,1
4556,22,21523.420600068494,0.3603239705318089,608.4889766968494,5840.634970350762,1
4557,32,20057.629562669157,0.21746341710910602,534.5927090430414,6665.199439193922,0
4558,46,56184.42822496794,0.3521668653059972,609.997491330401,17152.066495565734,0
4559,43,24013.41427618763,0.05,570.0501843796469,5138.140180366459,0
4560,38,72327.88641403933,0.35043509373211484,667.0561122936631,34442.90715022703,1
4561,52,24131.614368649385,0.3615670404351356,672.9889986400739,5864.704656853254,1
4562,58,103566.48305026181,0.472809325402936,583.573507056463,34896.48493510504,0
4563,23,13705.916319092374,0.5634006248378152,627.1622166029621,8485.759675545656,0
4564,58,44898.10643836364,0.45265902753153064,751.2341226584454,5000.0,1
4565,23,37023.16275188687,0.6196126939907117,620.1836718306022,5000.0,0
4566,50,19816.679141802662,0.3456076615777972,618.4069600426167,7303.8961011195715,0
4567,21,27571.398152875012,0.3569443809290339,663.0559040450227,11508.864867262606,1
4568,50,31868.05068789676,0.47100213563499504,551.3070724960685,23438.09090980652,0
4569,52,41146.86958799207,0.33397037527882156,716.4868437337118,12608.766631097504,1
4570,48,22737.97357570715,0.300361737462805,621.0825290542225,6020.38340548834,1
4571,41,44920.9786119669,0.556132446401191,568.9345851686635,8748.368892859846,0
4572,33,38555.8039854467,0.45855530508545866,687.6101753453127,19933.54915703023,0
4573,47,53615.44080645938,0.44896127645571504,615.8597526092767,21543.47666683391,0
4574,56,23595.681521560637,0.22035924921484554,588.692167645724,10951.739193422127,0
4575,27,29594.19481161431,0.4915576608816174,655.0854054968654,10515.682417006847,1
4576,42,74686.84029747033,0.36234355097556836,723.6239216296696,35210.100666974424,1
4577,30,23085.97926121413,0.20155186778600886,621.2512477061565,13410.048527434266,0
4578,59,18101.709133914468,0.45453911966291727,582.4376248880723,7587.679266087334,0
4579,35,26489.995660783003,0.17014082258246202,492.79331273222306,5087.759575889773,0
4580,35,14943.402104483841,0.05,548.4967572604543,5000.0,0
4581,24,83821.6611000404,0.07923550246147236,616.233849843817,27750.89989270278,0
4582,52,31527.590565651702,0.3127300685388907,558.479382908331,19001.44990293192,0
4583,43,31680.20469587611,0.5811642634065556,601.0846148157988,10810.688646507962,0
4584,26,52641.67990574201,0.3969207049982486,784.9609845823284,5000.0,1
4585,44,25266.168300046626,0.3346275296271283,736.1802137481329,16561.81408438539,1
4586,40,32598.932301317847,0.5478705298163051,592.7334523941953,12787.428865878117,0
4587,57,24935.011250356685,0.4265377929314126,659.6666495389554,7030.141883063649,1
4588,40,15100.52129010541,0.5036012382608867,574.3618385838096,5000.0,0
4589,32,37248.946452105156,0.49584522729041886,759.3480459757877,5000.0,1
4590,53,60649.32073029477,0.30294062327689564,654.9795202400048,8143.144594272542,1
4591,48,37784.24427469404,0.3152521267793852,723.5153493868492,5000.0,1
4592,28,57520.44115881367,0.2249812114567938,594.9341733120367,24445.163117218726,0
4593,21,20996.35332564196,0.47461262166993284,762.0875396814693,5410.712868171452,1
4594,57,24908.898212032458,0.1658569141731994,619.2037089719724,12906.13196807959,1
4595,42,19012.49108100062,0.217104005195242,526.3948840031021,5000.0,0
4596,26,43620.33731041416,0.33949783417896323,637.8544546117494,32791.80137465163,0
4597,41,30983.05388126198,0.3664889419866947,601.9188119688257,16996.539166810355,0
4598,52,30408.2949062757,0.43799966141380975,720.3560837742041,11730.501174293291,1
4599,55,50741.180316064776,0.34375436759453465,606.5707162060693,11705.883020421597,0
4600,35,28667.189020776772,0.29544515138260147,687.6475216184759,13122.335314036822,1
4601,25,62307.42360679107,0.45845656600901075,602.2429437687069,19796.913822988394,0
4602,26,40856.81000544439,0.48714579719667656,590.7917492139569,10634.794669168277,0
4603,45,30240.15873942818,0.09503076008647145,650.0570020609833,13591.32841333964,1
4604,60,16717.282285612848,0.5104315436754158,687.2227503986461,7918.2071608409515,1
4605,49,50596.472480357734,0.30097724855902735,540.7695169119671,18771.809638473696,0
4606,27,41834.130958483795,0.5897109869060678,714.6052748733833,8550.766055752098,1
4607,60,42853.14161391336,0.25247282721104225,715.595021676223,11820.515527558537,1
4608,33,43542.02314889821,0.20082374739740752,628.6810678990885,5000.0,1
4609,58,27874.204371770495,0.4472041566295875,636.6809731341832,5000.0,1
4610,38,33668.33165448659,0.6696218587425998,464.5962317659596,6047.719460286858,0
4611,22,28874.79548062728,0.10658712269538331,776.1854485033167,14262.790486495944,1
4612,28,67848.47858997624,0.4757589457973616,627.4813952850243,21951.896129201137,0
4613,31,31648.30442307724,0.43404858264925655,725.876283112795,15529.557920949126,1
4614,53,26645.615762917216,0.3451072421407794,607.645265274274,14876.26539081104,0
4615,58,70219.54985089658,0.6609995901308061,650.2025044728393,26155.784367004864,0
4616,47,66501.88801882694,0.0630081486261866,686.6139190271393,6162.00935507388,1
4617,40,40871.453751747824,0.5168667586513795,617.8757940544068,18903.716156001403,0
4618,32,34032.31647138107,0.4959294736632181,540.4363872969409,5000.0,0
4619,63,30038.20146105498,0.5296135493033612,641.1887612988506,5797.384661792647,1
4620,51,35525.74635017634,0.5106083422938519,550.9914241849488,20289.94722988303,0
4621,47,23450.432293499263,0.3853041944078239,589.604314280295,7011.211062772441,1
4622,52,46243.83655627383,0.3042387960702224,605.8996616984036,18138.457077398572,0
4623,30,82971.4193291642,0.2584438934773368,655.5274431246604,5000.0,1
4624,23,48113.10823126495,0.43815770932320053,604.9902265428113,11380.997548382504,0
4625,47,20918.34618463593,0.34906391858415675,564.647882492532,7455.610165085979,0
4626,55,45594.86515828703,0.31838690145884685,663.1443105227179,14547.764185398517,1
4627,51,40025.39000351973,0.2669447877556331,695.6575348645783,18316.542252195497,1
4628,35,45394.553126811945,0.288855356565639,552.9536346148743,7866.280186170997,0
4629,36,24105.98979267919,0.46655374633665075,651.3351653669797,12762.996040389351,0
4630,33,36376.5156601596,0.3527923195262746,702.6712666113012,7548.693178353105,1
4631,55,56474.78026532124,0.5313825827802683,657.1028531809567,17199.51619253216,1
4632,31,21268.897105735286,0.14703860830496282,565.2703175631704,5000.0,0
4633,41,29011.233163211415,0.44308116045811685,666.7599388860394,11915.638721641664,1
4634,31,31447.449998405467,0.19878429383870047,649.9755485198248,5000.0,1
4635,50,59825.2779870152,0.5313802253467158,660.639999023223,21096.978806868043,1
4636,55,64456.742784409806,0.5353835464848593,652.6437244427922,29840.43917089817,0
4637,42,13938.831716836676,0.1384622303440623,508.7003964150251,6755.623271277394,0
4638,58,59799.60850419976,0.23516365181712148,637.8535551340008,49253.58637504177,0
4639,51,65478.5273810927,0.24157855442098122,716.5203654304968,19737.641349493377,1
4640,34,63407.8984496796,0.5393870283742067,750.5960091106773,15102.653139007183,1
4641,44,27866.663041949778,0.26088787144425685,719.6067002904407,5000.0,1
4642,52,32373.61525216239,0.45350131373556263,651.8085236123239,13691.223213612937,1
4643,56,16585.587393088732,0.2508216301015858,698.4227450968202,5000.0,1
4644,52,12740.274084172019,0.5113175573364561,688.0094597598737,5000.0,1
4645,35,30310.29786847146,0.5262038562427884,633.7547126271344,5000.0,0
4646,63,37730.88835620692,0.6004850819955444,730.451991942419,20799.01335377102,1
4647,55,39671.35762921717,0.3242836924729925,604.732189811615,18895.551427250044,0
4648,23,54752.03560972817,0.35041830440028005,642.4618564154556,30913.649553214498,0
4649,36,167806.68183362673,0.3291320788710237,713.1497452321746,5000.0,1
4650,25,29792.282652187452,0.35395717233020646,585.8225959118502,6806.639525635712,0
4651,41,21422.893759921706,0.2861585991897746,556.4933763664957,5000.0,0
4652,30,47718.16110141519,0.5085585752435288,582.0776727981928,15593.382342233768,0
4653,39,40583.67590686308,0.2358975970278143,681.0914595487718,5759.14124077561,1
4654,45,27248.10590467657,0.32831324510830373,806.3473887803494,15787.136743663978,1
4655,24,57263.9229258796,0.37888897565898977,733.8467095291569,13089.85626634388,1
4656,49,24198.17527984573,0.4235665643603118,704.7933657729212,16243.856999438487,1
4657,39,34054.472035427156,0.17137749299254992,759.6183392743201,16088.077201649954,1
4658,63,35050.35880006459,0.3131185426166484,670.2589719664537,16856.29419025988,1
4659,22,22609.911450216365,0.3533126985721153,606.7515208139176,14596.10725619547,0
4660,30,15446.651232467131,0.4703408710233856,645.7047109826509,5000.0,1
4661,63,40516.92253499065,0.31796185631425783,631.2725808785369,18986.537909982468,1
4662,45,71995.4170755967,0.334676528555294,582.5835955960302,26127.662795030978,0
4663,40,58715.02454433162,0.3706159573569398,635.4153283750878,8354.524492207645,0
4664,39,60712.19063709073,0.5073808315726224,540.8066102268443,10543.581147942648,0
4665,43,24355.79656378137,0.05,627.4165802569215,6324.125911644654,1
4666,44,40418.17284661101,0.3659074513327898,643.1586611716159,15759.906807559517,1
4667,31,17817.21034928963,0.5254023093074246,637.8948413765057,8025.63532185663,0
4668,54,39515.86462888874,0.22592207133183145,767.8023527477341,16295.432281075684,1
4669,48,72721.49258503028,0.23707088882924685,664.0222905972087,30228.717681273676,1
4670,25,73859.39976367407,0.5336333617360971,773.5260588774095,18063.5848624168,1
4671,25,100230.15132765418,0.2976364703744243,553.9308292745061,5000.0,0
4672,41,59551.03840560483,0.30205374770257065,711.3451162246979,26956.87880828643,1
4673,32,46068.03147135702,0.3915778996072121,664.9781046810351,6471.369925356215,1
4674,24,56238.76637318718,0.05,643.1781536623498,41117.72736313951,0
4675,62,51036.02729325895,0.0772372574596479,557.205593624742,18825.55317292916,1
4676,40,24254.874253065736,0.43692589729135484,673.816989694602,13961.500497358173,1
4677,58,17023.2444503734,0.3132697424099198,809.1996556334939,5000.0,1
4678,45,56465.175242341546,0.32595499751789714,680.8440469620951,29691.635869975536,1
4679,34,103432.46123998715,0.25139967264480945,646.7649437149801,45832.88977349691,1
4680,31,57640.787588101084,0.3087507281834629,660.4076323732634,21641.032362652764,1
4681,52,14124.104306074949,0.5288048897801434,691.2749461534328,5000.0,1
4682,31,28010.90220896463,0.36979483349028575,759.3828230834597,5000.0,1
4683,38,32914.00779760924,0.5089275485558998,624.1196468280801,14185.36343022829,0
4684,47,14356.790811959321,0.32684195758750434,662.9482296065637,5000.0,1
4685,38,18243.2691832327,0.3528979066588561,650.3379587029951,5000.0,1
4686,43,35648.49656688408,0.3988301308822788,618.1070423740562,7090.545972532518,1
4687,31,41390.935594628005,0.42898388268759435,663.7321487048339,16576.98964413845,1
4688,41,22181.035114754457,0.22288890386692287,757.1448949162708,12960.000522275037,1
4689,64,17828.082823049906,0.3461286667072053,604.3578641173707,6824.734593266583,0
4690,25,65950.05153752188,0.24869736605313647,675.7901861522531,35871.97422107898,1
4691,43,29993.488011855377,0.5763523065236049,678.176853660829,8152.729560592479,1
4692,61,32218.429488127767,0.09136657143425975,649.3131885878462,22802.05779430549,0
4693,45,27630.206143710977,0.43791207354697725,680.1275025984643,15643.957288769152,0
4694,61,24696.389893472693,0.23399300705855483,677.072012008392,11826.9718936787,1
4695,30,69660.7031857594,0.17975988489566677,585.9964151329148,27265.82837903145,1
4696,42,23390.8880822174,0.3046654944797103,645.7917884082393,8872.943844822154,1
4697,39,39729.201334907535,0.54354559040895,648.9332055755807,5000.0,1
4698,21,36473.89815922075,0.25365691772680127,576.5687146497505,5000.0,0
4699,27,13710.44336135424,0.07936375285427047,654.1268766086984,5905.476177175823,1
4700,24,40965.00485122894,0.2083467288150044,648.0693699284752,12884.716899729452,1
4701,21,16781.217781224197,0.36855435426344163,791.6312041188513,6920.752402429755,1
4702,35,49897.6933098162,0.1074970390382758,592.2747233673557,5000.0,1
4703,60,20066.192948679683,0.45818422880115095,720.0244689131558,12132.554904223745,1
4704,32,47146.228963581336,0.11282072130800312,683.1309574933656,12239.895344006893,1
4705,42,29297.195615171382,0.2776709783396205,722.3082540660595,11016.716540500716,1
4706,42,25921.749035181143,0.47284809128945005,593.91389795084,5168.058006872244,0
4707,37,40347.44007375072,0.27466668506377034,518.2158766394502,14739.27872163409,0
4708,49,17397.30287738922,0.1485235751189092,642.4849539485539,13510.805864467986,1
4709,34,35080.11309923366,0.3363759934683636,703.9417305267908,18645.49019805153,1
4710,40,53697.67695995735,0.27600364473138655,627.4936288229771,9999.067622340319,1
4711,53,61163.27555855787,0.5317678596727627,639.6803379241546,6040.851245349186,0
4712,63,28815.956076449238,0.4732969622121191,788.2806471545708,10689.608036548436,1
4713,35,30997.87242766207,0.42594936084097884,599.0747946962255,7250.952244234144,0
4714,32,17223.823103697912,0.353233212824028,714.7792608384898,5000.0,1
4715,60,24950.357233663883,0.3171762160478632,581.340295142564,17402.90936987378,0
4716,40,16646.324937073125,0.3163902645811287,730.5113657781671,5000.0,1
4717,50,45253.568034815915,0.09355152521038025,645.1131985607126,20002.802813700087,1
4718,58,55330.70955495069,0.3504420332848912,684.183369064471,38099.094102652045,0
4719,23,28937.335151150604,0.2311242693792423,605.0219076880114,5000.0,1
4720,48,21394.388043326333,0.3371571303616818,656.5925932550665,5000.0,1
4721,46,42365.76504074041,0.3578242508768891,661.8130388562364,9924.042583338765,1
4722,50,23529.66270071773,0.27716037036916835,551.0467460604053,14633.579529852766,0
4723,33,50816.14684912695,0.4899647181056835,615.4683490722217,14946.123610511644,0
4724,33,95579.64341267734,0.18875778892166317,668.7034760614023,67833.49968936616,0
4725,22,23336.722461113146,0.27590416853999217,597.2364869357916,10976.745520496148,0
4726,57,25063.35751572382,0.30074220370472954,662.275344071889,5753.275570389666,1
4727,58,17504.52414774301,0.5233194239279085,637.0409869311374,5000.0,0
4728,22,39067.82615155962,0.3546592621189509,691.6050905054806,5000.0,1
4729,56,37762.13025422396,0.34739237802069184,638.2068210654559,16333.301350850861,1
4730,46,31720.56069464955,0.48057695953332114,816.6614197520396,25816.73085657461,1
4731,31,36609.88349478582,0.2716909846927311,512.141174735779,7516.816186596799,0
4732,28,21550.676970276247,0.4812740550198452,594.488482716048,5000.0,0
4733,64,15810.03527838524,0.40966993440496746,697.466578777437,6813.715545292533,1
4734,60,24846.324470532396,0.5356251053806889,662.9921844330261,6478.067655650605,1
4735,63,13936.110692292159,0.29314160064817796,680.5413864333277,5000.0,1
4736,42,23335.61200694369,0.3058327576320457,425.5175828567105,14246.636554189468,0
4737,40,42398.3073950679,0.3713232456894446,637.2545458906683,25681.97877476423,0
4738,28,37415.210284445246,0.3408795527238501,650.4331915495461,13366.222581031012,1
4739,49,14959.601818938378,0.4651507054761675,692.5883742366972,5000.0,1
4740,60,61369.80836728067,0.3175319253961652,674.8900251093451,23174.30389033914,1
4741,46,32948.945990200955,0.19094902624127816,650.9128716714202,16637.50211647607,0
4742,50,18964.767585076155,0.5531799297913054,642.8560255623821,10798.399348724497,0
4743,37,30267.280152050655,0.6372836757026332,561.830284823462,15887.856961233518,0
4744,40,27132.678404244038,0.114869760695444,674.1519707264895,5000.0,1
4745,36,23532.333508339223,0.4220273445062533,641.3883033164656,9374.626789867467,1
4746,63,54518.55339196347,0.46207072816827205,619.7725286068869,24759.558225440236,0
4747,27,20886.065857357084,0.3865034822086572,649.081317286738,10131.056756252383,0
4748,36,39827.90511960616,0.5860823029094512,624.8171422757611,14804.085284279014,0
4749,47,18570.710327651446,0.14871567804378963,548.701837935534,5731.968203700719,0
4750,43,35651.69439960437,0.265444086836036,695.9837964875945,8604.879492200433,1
4751,44,41469.4106069847,0.3660218600809742,781.029204114904,5858.746886180095,1
4752,29,41509.149012052854,0.4879807513227366,669.4072260519057,7199.695241093275,1
4753,55,37812.80456504878,0.5310970462423587,670.6762310818486,21789.854019902814,0
4754,40,32224.824287983713,0.16911728950412633,754.9694035603741,14273.504897153149,1
4755,57,21331.772870146186,0.08354893483317911,783.2218433404771,9923.53399021903,1
4756,62,21455.23832133827,0.46693455257840005,637.697836541434,5000.0,1
4757,37,42167.89382831567,0.3674847241829177,599.4449152536109,17158.487808162827,0
4758,51,19327.719374237437,0.37465613867261716,680.5526777872373,12913.927405696657,1
4759,28,17234.117715097957,0.47057450702163534,661.0261924566396,5648.533611042381,1
4760,35,74227.12348328262,0.22850885846347688,717.6341550371947,34019.680033912824,1
4761,51,31892.991150835813,0.3140248569606617,650.2613278017233,6344.014753994788,1
4762,50,49886.581763096074,0.4285537425560596,655.3724447210764,11085.0966980091,1
4763,40,56204.05051149077,0.20737745230839635,582.7767350395019,20073.978183603962,0
4764,59,37255.82163373183,0.2686462677030871,721.4936831490253,5996.792171938259,1
4765,32,30079.875634689706,0.36572770110809477,605.5246296493635,5000.0,0
4766,37,30336.515300562918,0.4285310704543616,566.4619990935943,8076.377991942646,0
4767,62,81146.8119381328,0.13305578007365534,464.3238355469384,27655.095884595223,0
4768,50,27463.031891797167,0.4500593604666042,642.91723918711,5000.0,0
4769,49,39664.66114919828,0.41552165336451,600.27347360605,13262.818886071242,0
4770,39,50953.033380645196,0.22366081434988924,633.6409211953885,5000.0,1
4771,31,41165.46225245618,0.6873836708301377,615.7886208226626,13701.467997432384,0
4772,54,62454.39039410934,0.20741842823386236,624.4287904482117,5000.0,1
4773,27,29932.256577256536,0.46017751185776357,592.3565403902805,15454.142336854982,0
4774,64,50852.018440694075,0.39163162733986295,597.6459761948055,5000.0,0
4775,54,14804.63563186348,0.2879596984736712,583.5615211591112,9046.807429058104,0
4776,40,71214.92754349665,0.36353629684875455,636.2313591236713,27466.835830850454,1
4777,58,63676.76703080425,0.4300491209162411,569.8367652555728,26625.793701519604,0
4778,44,31187.947796574008,0.7782024653508226,738.0470591044897,6627.048775127974,0
4779,30,45225.628998862514,0.13271859299062402,649.3661492777777,18476.03962230988,1
4780,52,56700.16981762699,0.05,542.520619676399,19141.362812732204,0
4781,35,21614.583675952916,0.19847863777437016,665.3845015604016,5000.0,1
4782,57,33783.80931029335,0.3454811024034707,587.1307863774849,15339.400648628838,0
4783,40,18903.928023392935,0.44982347200303774,723.1459382579307,5000.0,1
4784,23,64164.68196707003,0.36446990369485094,607.0763497678164,49277.82908352732,0
4785,57,54796.429210162554,0.32717127467185414,747.5351958756333,7853.380341443824,1
4786,60,31556.205673561628,0.5805002623286478,719.9799089523233,5000.0,1
4787,28,29778.542131509384,0.23136761013664772,850.0,19019.98922167352,1
4788,60,33709.053145055506,0.5993777096474936,656.8222149163128,15365.512596462762,1
4789,64,23187.56291037623,0.44308011344436365,698.2656675133228,9066.17775029777,0
4790,43,33288.96407293718,0.5749413781970714,650.8820148113788,6306.30530626884,1
4791,60,21614.82305830565,0.2085620926751378,655.9536629064809,6763.156600452397,1
4792,31,56906.54034663731,0.29717044049234437,736.3086042952508,15279.177789692576,1
4793,28,64117.194590403815,0.1308124961524199,704.0785208564354,30684.477098646814,1
4794,49,58255.65766493392,0.3950292858158756,643.5533271770747,10570.459566137995,1
4795,50,19988.254004977636,0.39813987277444074,742.4600407379106,5000.0,1
4796,30,32721.0738928869,0.6512758601433166,720.089419910502,14541.742734757589,1
4797,59,48647.93037363717,0.362121977691142,758.9590487000132,27522.739012043483,1
4798,48,53336.65146655332,0.12240959040413048,735.4219241250606,11867.899930860396,1
4799,56,14480.635932651228,0.4916290219119594,625.2591444567908,6214.8633705265465,0
4800,33,52588.082268141094,0.21300023712412045,617.7644629412715,26709.467059755796,0
4801,52,19503.825322164448,0.15957493737692638,620.2162788846042,5000.0,1
4802,56,33624.754295545696,0.45529700836455494,704.6613219403215,8218.513502140877,1
4803,57,68100.77203072622,0.23481952909965925,744.002952114039,5000.0,1
4804,46,63642.398636588776,0.26016485050452753,724.0830988834992,45321.231453840504,1
4805,42,70478.64921185997,0.560373169116139,550.034875253036,24601.632497994466,0
4806,24,21308.574178847724,0.4270340432165978,599.9835517431344,10276.087768414756,0
4807,51,24109.34629120416,0.4395523518407412,697.8275388055099,5324.620627561375,1
4808,38,27408.25374901849,0.14353484709257333,736.0289788428555,5505.683293170907,1
4809,58,33751.48551673354,0.45583167011932385,671.5675684813449,9412.963114704473,1
4810,44,40471.38954242009,0.30838569375064023,756.9596014980332,10717.705648713218,1
4811,43,68777.19324869422,0.2833832006932429,517.6564498200592,53181.52263711217,0
4812,42,22826.87693017903,0.41127422456858687,635.345622238695,8661.648661810981,1
4813,22,26517.85097068925,0.35124726578422016,749.1997579649778,11546.456773033928,1
4814,51,74000.0120495733,0.1305079100612094,673.7397998937893,22516.880486706046,1
4815,31,20342.6726924655,0.4928003564465564,593.6469135180771,6427.825298672984,0
4816,48,52230.72746998543,0.5071318151878974,705.2888714202259,22774.8080081077,1
4817,52,34741.00986500009,0.26189785695906875,659.6190270019532,10178.625114793513,1
4818,25,44092.142320828476,0.44133673323546657,617.6621327023427,25590.927908396676,0
4819,58,24204.998695708935,0.4870251067526364,539.9866051418501,5000.0,0
4820,30,51719.395439202635,0.0696996116390698,698.7373185573321,28095.964196820594,1
4821,60,26183.78919484264,0.27271481495165334,573.9297649172986,13975.533844409472,0
4822,44,17857.8866412554,0.05,799.9527837096194,12799.225862580179,1
4823,55,46166.955655374644,0.44510655998308385,525.2275960780645,5000.0,0
4824,64,10388.509704633325,0.4169759144872437,653.8365512012767,5359.566634881368,1
4825,43,27337.074220545965,0.2517077698895848,702.6084577209668,5000.0,1
4826,37,42006.054809984744,0.3274645238758178,578.8077703606016,20123.81777035231,0
4827,21,53044.69145370549,0.2947808771667024,600.3328399954805,25336.433111981485,0
4828,51,67054.40596109451,0.05,709.5147900496246,8645.965784509552,1
4829,51,88324.46735870739,0.5450488415364693,583.4501501013408,39108.21412118438,0
4830,62,75801.55681374104,0.3882762376691896,784.4443059724098,17621.62634731012,1
4831,62,39965.58455991484,0.32835943885265195,653.8945376658025,6463.8178593405955,1
4832,54,63755.382362119315,0.32933182800480804,620.6346601180402,5000.0,1
4833,29,39658.340530669535,0.4561596000169798,763.5492855125719,23086.505276940858,1
4834,42,51172.25723175977,0.11197550629848163,575.8992670732262,14417.25513767273,0
4835,33,26911.97926788462,0.21869435070687815,771.0832520448071,5000.0,1
4836,45,45754.1559950215,0.38194510102919343,581.2334902270281,16626.392506483728,0
4837,38,28663.416116727254,0.5173359297227914,738.1641684189526,9207.82407474191,1
4838,32,33297.179202240535,0.05,780.50866775263,5000.0,1
4839,60,45826.34615305958,0.49941085086784476,642.7212310508893,5488.119200235952,1
4840,37,103330.67262749984,0.2437973837263258,642.4980927414492,53889.630769800904,1
4841,35,44240.024949326755,0.3070137039595661,630.0444311646701,15143.826126518647,0
4842,62,36103.53396307736,0.3550717544347033,595.2669454853627,6158.743390192004,0
4843,35,23959.301406611565,0.18427422563407247,655.9357564100653,5361.574660130539,1
4844,35,56845.980458060956,0.1639611099139531,713.472000985767,12900.834123118673,1
4845,59,30707.73946207139,0.3811315811534595,691.1596030477606,5000.0,1
4846,33,43786.30295315311,0.6342267568329037,685.6048349243373,21384.124508441128,0
4847,37,51584.221993970474,0.20807107960107485,598.6549238545624,11707.803031860041,1
4848,52,68326.60862754764,0.20689131942897734,574.5645791660004,18391.091580429445,0
4849,29,55336.40225154049,0.16643939519065168,773.748658583825,22819.024325596285,1
4850,60,19697.972364061643,0.31616670609943676,556.5513975772097,10812.738917612458,0
4851,40,15388.884930565247,0.20260354318998916,639.3691978781859,5236.8616531537955,1
4852,46,51572.087146189195,0.20583263328964785,702.661632600486,5000.0,1
4853,47,37911.212725026075,0.3815261776179877,756.4791756127419,9486.559529540034,1
4854,41,44167.07126587723,0.13331848614358155,651.5010954226763,12644.014343098568,1
4855,38,85808.96679155513,0.5933463549338888,669.2048303096702,5000.0,1
4856,33,26680.972646872182,0.17363526975026963,616.9222724375379,10544.65532942621,0
4857,36,69265.66594964579,0.5197156617453035,771.1580264959949,29892.23572393569,1
4858,29,26813.703971684037,0.6459472355855136,746.060990428258,8540.941173250723,1
4859,32,79430.2352456658,0.5297131945234561,579.9674614618312,10551.083100988115,0
4860,64,52852.44441027126,0.5110682713443759,695.9411364448056,18098.911130775457,1
4861,58,17093.19975998443,0.46942406339568993,641.8799931590302,8631.138045147522,0
4862,39,29476.854802401987,0.3820657321323253,671.8659810200871,7563.147341037544,1
4863,27,94639.86093423993,0.526820556939115,593.9053904050534,43476.6904179022,0
4864,55,88884.75381844828,0.3109122869275705,513.2003388238397,34350.331682706295,0
4865,38,49124.37834290077,0.47978328426087685,572.3977106171068,5000.0,0
4866,36,43352.40100866333,0.5161670880345466,611.1076748396813,8534.243009427653,0
4867,59,40940.18329310721,0.4262768510965871,615.0856985112619,16562.516989958567,0
4868,24,45184.70070077783,0.30960546940788475,485.9556060655089,14758.197458226172,0
4869,45,33846.80104991,0.42321935531888416,671.7989639995235,16517.993119834304,0
4870,52,66536.74495044662,0.2945985880736034,551.3417967772508,23109.020995290448,0
4871,60,48480.887754048264,0.2684268076547924,647.2564331973406,20847.116045793722,1
4872,33,22411.339943755447,0.4681505230153108,567.12791558172,5223.547984120388,0
4873,37,50387.37335146184,0.3719303388141829,524.7492207918659,18485.234109426878,0
4874,57,39438.27579378523,0.4663658971782559,646.5161622372186,5000.0,1
4875,26,31062.88802192955,0.372888146288844,635.9644632734708,14721.779338626606,0
4876,39,93832.20628769178,0.4264231139494191,656.6164649707482,33246.801852863566,1
4877,33,38249.4806177042,0.5597487816065168,761.7357421144271,5000.0,1
4878,46,13651.164854362827,0.3256841209613874,699.6821608639673,5000.0,1
4879,34,32187.422954717047,0.2894638717782224,787.9674730818429,25763.79178020814,1
4880,51,59679.52254680005,0.41446637511280715,628.5061631670127,15616.391857242379,0
4881,24,22851.28337797061,0.05,599.4833038410685,5445.216587034861,1
4882,59,58674.03566115806,0.4563298876691622,682.1067378817934,8687.524009563149,1
4883,28,22051.936536816964,0.22068264073632377,780.0862158485935,5000.0,1
4884,45,70851.17518029813,0.6013857715041765,571.6747913833927,7408.911538837205,0
4885,33,27274.74824531801,0.4684622304407708,748.0110862754833,19190.282513296614,1
4886,52,30458.011924822735,0.48741327082268454,683.2570983034612,11362.53605430681,1
4887,58,29349.700007946103,0.4909529607364626,619.1128602964243,5000.0,1
4888,58,48958.404954332895,0.281119844929212,755.2299118442224,14878.558567171982,1
4889,48,91314.03473381662,0.31098630636124913,566.0264846406973,46186.41743904501,0
4890,50,36585.844928047554,0.0962145093301575,696.7305250738351,14084.221473155489,1
4891,23,36118.04653492816,0.574177722187533,637.0114134338731,5000.0,0
4892,48,27265.179939239337,0.15677267844952494,728.2222433762562,11716.455396380004,1
4893,23,16096.011112019809,0.34777550623860337,673.4444372534496,5000.0,1
4894,54,28659.44895707051,0.5337560965077031,726.7956886604846,9825.434237822208,1
4895,36,19350.98668311017,0.5801367579383409,653.3735101192224,12970.16156915654,0
4896,42,14134.04942088708,0.31237361766410227,619.5581339263132,5000.0,1
4897,52,34943.99246675385,0.09408721453640764,644.3381660123474,5589.761511188833,1
4898,58,27686.560552074487,0.3846609095293306,662.8077466792915,5000.0,1
4899,28,72278.80536282451,0.3999703012727509,674.6634708140267,11655.746854102934,1
4900,28,23675.56752121784,0.41359261143987774,697.7668182513961,5000.0,1
4901,26,50776.23468469861,0.3041662147608707,651.1560313508569,5000.0,1
4902,34,50282.44686057792,0.32929078175605886,697.5754941324999,21837.770372942516,1
4903,52,70867.4526800072,0.24589333354775963,805.3183003206551,28413.42525261995,1
4904,55,33119.81767447948,0.3738073395125403,599.3216885968408,9780.118598697714,1
4905,30,70229.32351471884,0.4702687451196249,720.3261480028386,7072.29226774267,1
4906,23,48072.874102866816,0.38948748109445785,602.3449419095906,16821.25194365658,0
4907,32,64192.54202604457,0.3434056583743894,583.9586554421589,27326.700020861386,0
4908,51,120219.96329171036,0.5185709632612717,750.489085755879,78551.19302370219,1
4909,49,34145.575421184025,0.388478235949762,586.9460086930504,12621.492926329487,0
4910,25,39553.3139824423,0.3546503409411165,648.2300798638684,15512.331001058641,1
4911,45,30305.726150206967,0.36164993344130436,593.9851326869704,10111.530815209573,0
4912,61,78523.62538684375,0.1684437869397885,819.2710737437191,20514.673850822623,1
4913,51,133562.71027955197,0.18648957968907628,648.0185903582297,60957.790374595825,1
4914,41,52422.04830693378,0.3313648631963467,572.9542138960821,15178.415951758354,0
4915,40,16235.563251820624,0.23938755831280675,589.2346156809543,5000.0,1
4916,59,23352.166143595034,0.3432133195353419,798.5151229862647,5302.790039075417,1
4917,42,64847.584987334194,0.47850624725217944,635.0049205817178,15641.097600209387,0
4918,24,20492.655174702122,0.4558595911525874,644.2820024420224,7528.893882646016,1
4919,33,26896.02228536605,0.40888258767728697,753.908418166417,11418.503665186323,1
4920,62,26428.44511078999,0.47671219979547974,739.1460418298054,5000.0,1
4921,40,34941.29965669079,0.5045492578762016,588.5175840768486,11960.635936575403,0
4922,33,41289.15215143544,0.4991254397845897,594.3169324301206,5000.0,0
4923,37,14119.107178966522,0.49542563500961256,611.2963967962004,6015.437357658363,0
4924,56,16920.490575173626,0.17017781376352384,627.1017636559756,10054.629845803975,1
4925,53,17123.608857100815,0.06632885570366068,708.2614521319202,7023.417440833035,1
4926,21,18178.342319763782,0.2329658626002478,643.9162748559687,5000.0,1
4927,35,36607.317706253125,0.281481367782664,628.5644034287116,18487.81322447824,0
4928,33,40026.180415436036,0.4892897781570367,650.3515396100266,5000.0,1
4929,37,60270.142797070075,0.3355271413059808,610.4261846316373,21723.615225717644,0
4930,44,47928.45775983715,0.2780273578952979,758.9102105628839,41482.59365059823,1
4931,28,27142.91436115058,0.3745300559154232,601.225537201031,5000.0,1
4932,47,40739.93682981073,0.43037465257424634,651.8743168824939,9583.568968816724,1
4933,43,61519.783671580066,0.46636217636396576,693.2226857652576,15755.47650314798,1
4934,28,32412.79910054426,0.2880461456426832,697.241216152846,5000.0,1
4935,28,31094.638410210915,0.20644785050990375,622.760213481761,5000.0,1
4936,46,22641.082788242977,0.2332171659824916,726.7520483077863,6925.90842563819,1
4937,33,24284.342800394134,0.36801862714183536,800.0179560312588,15100.166221538073,1
4938,59,51163.7798239334,0.19215995363090024,776.1515861837856,20258.656986409736,1
4939,57,36246.124877006456,0.49224519656872723,476.404246092103,18998.712165899095,0
4940,48,96683.25565897215,0.19360068405385636,644.1721420955083,45169.90061163527,1
4941,45,25890.888588999813,0.11637045152055508,603.6702772670118,9564.701238806985,1
4942,36,53140.072457249626,0.3733030365408444,688.9287184465508,5000.0,1
4943,22,44055.460074726005,0.30859915773876373,723.6480216523562,27436.42973902868,1
4944,38,34728.390078670054,0.4206797453208213,569.5528605994496,17567.085145975638,0
4945,37,29209.49155158185,0.27513998471530393,710.7556269027324,10414.831508187126,1
4946,50,49023.298115609585,0.4104694333345198,648.1457579741274,5000.0,1
4947,59,47635.65872695725,0.5010805367814855,631.6318428391552,5000.0,1
4948,33,40174.76051383591,0.2564980094810266,687.0045909996827,5000.0,1
4949,52,44928.03210126295,0.42688811169795193,639.8331514502559,7293.855786677557,1
4950,49,36984.10050425042,0.6193663664914859,729.3016736681619,13812.711579199715,1
4951,50,15985.057051723077,0.4656984567566402,622.4328206733954,5000.0,0
4952,38,37880.310771939476,0.23101683013770202,743.3372538704273,12069.608234509655,1
4953,33,31752.438208398453,0.4002285905490462,648.5170661737922,13041.645621258718,0
4954,63,96097.80546060334,0.1547570079174566,483.5852147206105,54004.54550996883,0
4955,41,49845.964381727994,0.17634428876790598,593.7854690514118,8678.704645940225,1
4956,50,40165.1331669422,0.573763229571469,642.6833864743564,5000.0,0
4957,41,45771.41445059291,0.4111861820110953,675.8710276574689,6386.9050680719765,1
4958,37,21773.326295711086,0.5807570246268433,643.0934651556114,9156.067601890323,0
4959,60,26772.102840408224,0.41392256246402515,601.1957601562904,12512.916812183797,0
4960,39,30718.044752584487,0.26818840704749725,774.6660269579456,14497.195182949858,1
4961,35,44099.83199631791,0.3564771721028275,748.289875428375,7102.047653343425,1
4962,29,29220.44330191593,0.39021973649857783,565.4984632247157,10674.232779897065,0
4963,30,28262.206503348632,0.6820416805431233,591.0392241439429,17075.204659189432,0
4964,64,21291.605491786682,0.455453490156107,672.3393999543237,9583.883433299736,0
4965,51,36774.52188419857,0.23848273130116238,639.338161103298,5000.0,1
4966,43,39449.75423449179,0.3209961316935894,458.41389158816145,11444.48211245999,0
4967,50,44992.97510882935,0.42091924996541796,599.6727931733208,10477.31603732036,0
4968,53,25642.12766187054,0.18679016493186,701.3137474683036,5000.0,1
4969,29,43712.43418817474,0.34732933395934484,657.8500083203902,25948.35229852164,1
4970,21,21587.3508134058,0.3192780743649371,584.8214346383888,5000.0,0
4971,64,32547.89913182661,0.4228696910336692,610.8617921613363,9094.42993360639,0
4972,55,42225.77383792604,0.3351784230950642,634.3722935684792,23714.959078191274,0
4973,31,31909.01613533002,0.14028767800826397,829.250864479385,5000.0,1
4974,54,16631.89930110484,0.3431791147304323,652.5351534354621,5000.0,1
4975,36,17653.400432747625,0.4652353331579549,599.3795317676568,7025.987637016486,0
4976,29,40556.34148016861,0.5667802592664278,776.2166388953467,5674.547364768759,1
4977,52,48524.57639495248,0.4943163670827838,690.5776450131068,8974.120798606573,1
4978,35,43030.239615949475,0.1106387954806937,593.6262555455392,15501.876893630691,1
4979,32,49112.61004906578,0.14955723022426803,651.3534113720283,20994.950105778218,1
4980,53,31562.619023907744,0.19141357810996215,636.5890926419696,14434.372699627549,1
4981,34,52534.26778980615,0.5758405570518689,688.4030849576613,5596.921162385098,1
4982,28,42960.228142337386,0.4242481414433512,561.9801540726962,5000.0,0
4983,28,26377.63094961385,0.7458981876667204,566.5885925699023,12414.834252366121,0
4984,47,46968.23756252728,0.5426633288614785,631.998205301124,25798.03423106205,0
4985,32,42109.35070717952,0.36430858958637763,588.3862339009423,34487.0863651044,0
4986,21,83804.92400921677,0.28167798621499035,721.2047801703576,77582.27759904592,0
4987,63,72378.16733453279,0.40612560422245714,578.0089047803372,47203.965835777504,0
4988,60,34677.56537718821,0.47616584616966584,818.5219292867424,5000.0,1
4989,62,29470.931948173988,0.5316413644494958,639.3745412694116,7710.277460539837,0
4990,31,79186.06588622852,0.30664915129176473,659.2064944281549,33968.4077646103,1
4991,59,47847.28998416416,0.6787981071505291,674.5718361632776,18786.622625171338,1
4992,63,33287.13006120599,0.3433470679099018,644.8966677013108,8866.589564663956,1
4993,51,13432.992968129653,0.5274816354417661,732.5786474291274,7586.779362492057,1
4994,37,24890.71884490042,0.4005091226146829,660.1904780416743,5000.0,1
4995,53,24040.27821571377,0.2968529154879117,613.501062765754,8290.571958784092,0
4996,52,33752.49726689245,0.05545983813054438,554.4490017599525,10642.957276991916,0
4997,49,49476.80081919982,0.1641712106163908,677.3922307868468,19591.61002361571,1
4998,41,53403.23545517786,0.5265103308973875,714.0074176781823,21889.660566895105,1
4999,41,76881.29151800499,0.46285059440743404,561.2843579220724,9844.019473541914,0
5000,60,57855.15965252007,0.4388978638108601,623.3208413518195,5000.0,0
5001,43,18953.919873259616,0.5831229864955246,717.5977073459295,5000.0,1
5002,26,60779.25382671951,0.2031177809788458,590.405256339865,21269.15062313178,0
5003,42,86393.03625441792,0.279195881725895,589.7679142275508,34485.69618238617,0
5004,58,84280.35149824148,0.2893450571804887,639.3894161245191,14937.538660874197,1
5005,57,19802.5951315859,0.14918753883461133,742.0728529559727,7091.781405758613,1
5006,28,33006.23292110298,0.23012557579875678,714.3010517823509,11668.647148554519,1
5007,61,58717.13520896473,0.18912503448393772,742.1250119569628,9817.008500121365,1
5008,55,20349.84314989023,0.11452095491275928,580.4454465879975,5440.724755291759,1
5009,31,15329.624974143395,0.2154611911932983,603.8307329351456,5000.0,1
5010,44,42488.03744397184,0.340126662213899,637.5107046220688,5000.0,1
5011,41,25905.336953649377,0.6180651361079975,628.5446525319006,14102.352625419848,0
5012,22,16063.011194869612,0.19711285508419493,595.6243765110352,5459.584334448155,1
5013,60,67155.10489841455,0.511019413721627,683.6576328351305,15580.411290305612,1
5014,39,39425.0361617207,0.3831773365228996,535.9131761457311,14820.291665780873,0
5015,59,27991.434530397077,0.4155455640682892,660.4724988518141,11003.689536649024,1
5016,48,22430.074700761776,0.37171797342971674,766.3304333420035,15777.780925034383,1
5017,37,39627.67727400318,0.07197421548476006,655.4951024891803,22511.684307583535,1
5018,26,46990.869669171334,0.19225057765454304,591.7447920162665,17389.850943073,0
5019,39,42743.240136583605,0.43603693269028526,560.3700757961856,31155.532584598022,0
5020,58,16992.771714707294,0.3569284841651797,675.2565790543888,5000.0,1
5021,48,46093.4451905149,0.10314446308546184,771.5464588347828,25013.72023068651,1
5022,22,51391.32971737938,0.3173792980101924,664.940455145467,9958.691959446705,1
5023,58,30586.00910670037,0.4388543926938164,626.5358940232645,9505.79679385311,1
5024,57,61071.78111769982,0.16192598943960906,596.590745798926,26515.428384671002,0
5025,24,23719.22793645992,0.29050438218063046,546.5844515609786,8145.372445999093,0
5026,42,69237.11854910162,0.5777547191357945,669.0742630445368,24803.115337303756,1
5027,46,38799.31389029993,0.43839747723438593,537.8944557763072,13583.92681249957,0
5028,63,28336.762361123827,0.5879991293503499,714.0619014320497,15887.554155702514,0
5029,56,30970.04589346624,0.2935479562118227,693.8961554103672,9896.125320926569,1
5030,33,59852.73704670556,0.5122527615010163,634.8766242989598,10849.765943964903,0
5031,52,40889.19699366803,0.19526405878342137,695.3456595487254,11846.376435345159,1
5032,37,50137.95891943544,0.47454869958179086,662.0898188112542,28005.8876155548,0
5033,61,62151.77468277958,0.24275637526268193,694.7200983244661,29293.12856709877,1
5034,56,27917.568557462844,0.4185738880663964,712.6251827838378,7779.434723623095,1
5035,39,38702.10104217523,0.4261557813166088,632.1475132756348,5600.456322593909,1
5036,55,32460.26548405478,0.4532350012774131,559.2551880725995,6159.436631075365,0
5037,60,60386.99154636572,0.19878625021037344,808.0604161634818,17942.543731704238,1
5038,48,29994.589388583434,0.3974644681980479,635.0710162037383,8501.04925433552,0
5039,21,37194.48892767776,0.35376370323379375,620.0401231385621,5733.031648049574,0
5040,62,114446.44926592572,0.5381630617508698,681.0791056371309,56091.93302271167,0
5041,38,69048.06512728131,0.2539778828409245,636.4699483086335,12871.512174910235,1
5042,60,21641.8873487206,0.15407108041596088,561.9409736565551,5000.0,0
5043,53,57010.346830134244,0.10320117530085256,566.5714116575476,14853.645024400521,1
5044,32,51245.57973348829,0.30714796638334774,587.67548426765,20146.078456165855,0
5045,28,20945.55709626492,0.2859689178737517,675.013913132127,5000.0,1
5046,44,34371.12605736744,0.30490652227875265,601.3167201809243,10656.675763672622,0
5047,36,22610.020442148354,0.3056056477237075,715.485918428318,5000.0,1
5048,24,10978.555101569777,0.5591623505188235,639.1517752833204,5000.0,0
5049,58,33759.40208256728,0.3279477415064922,644.4929252783633,10063.852961318446,1
5050,64,28196.550739593564,0.5196928950039594,654.1985482284249,11797.82807691183,0
5051,47,20942.771025185088,0.4076421183992295,577.2418602948018,6323.1153233396,0
5052,29,36141.85412054554,0.21308193905120695,739.2650640034109,29776.816751250703,1
5053,36,12577.864624559366,0.35126982520298594,671.7177529748959,5508.9115950452015,1
5054,32,37072.749714613085,0.5818289813388685,637.8834598840588,14142.439412115395,0
5055,51,36596.17700635585,0.5022752928997335,612.956710635795,8759.901095779536,0
5056,44,50989.23324675539,0.5303763495584315,611.6034018464711,10142.284804694013,0
5057,34,16291.689042387517,0.42572389695185675,568.9932558892706,8179.818216530275,0
5058,45,105842.99839868293,0.278410421659528,556.7868123839692,5000.0,0
5059,54,87369.46349884944,0.5960076560222022,556.8040166870463,45855.000784593096,0
5060,23,24671.218885842598,0.4339231078244216,724.4071982939209,13137.866356434228,1
5061,44,75347.75639514442,0.48963529549436907,596.3415981705913,20818.828707080418,0
5062,62,55744.61297326237,0.3662805010933848,574.659375523151,29600.402365650505,0
5063,29,29152.251788286096,0.1949920288254331,740.1565670915331,7073.2724390848625,1
5064,46,26811.159982649093,0.4092420612291385,654.2487617810319,7547.347704643859,1
5065,40,27844.415579593937,0.6040922123537189,567.8360143665996,11186.567178095253,0
5066,60,149221.10907568052,0.47123804879731374,689.9522342453914,33709.33191282152,1
5067,30,71686.64266449034,0.43307529924548044,751.722712403214,31736.709633967675,1
5068,39,32814.09911430853,0.22101680708955954,697.4609675161793,6795.464899041781,1
5069,23,34261.88531481797,0.5784565597986955,659.6733087769395,12166.322656718521,1
5070,44,55477.0169711896,0.5520860403631683,682.7521649891687,45913.09181667653,0
5071,25,54275.169853597465,0.08266146427211585,733.6370465732882,21499.97233908752,1
5072,23,22506.555724988266,0.4893373210782885,770.9587323248494,11643.54210611027,1
5073,47,42140.70080464398,0.3125816279776973,583.4269129871029,20331.02487777719,0
5074,36,27549.18511741376,0.39375151991084595,651.5662803431942,5000.0,1
5075,35,39186.9824651858,0.22736092582302345,692.3204470605975,11023.984777636275,1
5076,55,35454.07349110727,0.3681151566311776,662.0389013004936,20355.634804951667,1
5077,32,60404.7024558641,0.1849577342979142,687.0787333937037,5000.0,1
5078,61,31756.78046069495,0.22951401826694426,804.6031509079497,8426.710366074623,1
5079,64,38528.701740431614,0.42765429157966456,631.6724897339483,27978.845572987597,0
5080,46,14199.387133687804,0.23647678858459703,551.1075988329854,5000.0,0
5081,54,42694.546079203545,0.41433672725669435,779.5042886849901,22637.715171941996,1
5082,43,24605.841090768077,0.366457977521686,773.7455639217776,5000.0,1
5083,51,17007.88748389648,0.7072952203840368,688.028245455932,7035.8844233366235,1
5084,40,63866.93860781323,0.2529802689251517,615.3393022832244,28504.973016570013,0
5085,32,35564.929904989134,0.2995671266003658,710.0265053226829,16416.930092181028,1
5086,43,12854.130008594266,0.24252696251729275,652.2854027713663,5000.0,1
5087,24,24543.15360994759,0.56445906670916,628.3430220364193,13129.048747990526,0
5088,43,36406.436893252554,0.3659709325677835,602.6518231861079,5781.7656840497975,0
5089,21,36951.98218187781,0.32579271566536866,648.8618804656935,5000.0,1
5090,45,28290.94748188496,0.4655448893051833,688.2829297153546,5000.0,1
5091,22,6750.36623940076,0.21947605763608838,661.4923640118069,5000.0,1
5092,50,27557.883380286003,0.14867522176771328,711.902095286492,12438.076698381079,1
5093,23,62038.88577600184,0.39277235498573976,634.653478053113,31242.626952745184,1
5094,41,73218.04838952303,0.3743189139724244,620.6979468477051,24127.562197011182,0
5095,45,26802.609154952832,0.23952856353957977,677.1207637581505,5000.0,1
5096,40,93122.12240305006,0.4033415904494017,656.0411012795572,18106.878289016375,1
5097,42,16179.405671193303,0.6274793296080113,753.8835212990824,5000.0,1
5098,41,24221.216445609374,0.4171465460295685,625.7394325904474,5000.0,0
5099,53,56712.39439494755,0.05266926718843783,614.8399814066864,5000.0,1
5100,58,52419.16787182729,0.5625660809228045,638.1837324509848,15671.348776325352,0
5101,35,36141.26118535004,0.6484036130918901,621.0784155782122,9324.688734068683,0
5102,35,20752.81323293403,0.4293699987888999,605.8855048227394,5000.0,0
5103,45,20725.103795156538,0.3756979730236753,535.7496655547278,11604.928375725684,0
5104,41,25264.56624523132,0.11787905743911722,569.2489587314739,5000.0,1
5105,44,21180.35370756774,0.2201672095288097,641.5851327660325,5000.0,1
5106,25,38768.04389467202,0.30395943056456554,558.4701238872549,21613.90663177569,0
5107,26,34678.19298401078,0.2398338360244435,689.5260213601308,12523.239107020358,1
5108,63,20319.15029340268,0.27358890337386677,675.8986677949047,5000.0,1
5109,64,30410.966617333117,0.36852576607162707,603.1081242845456,5000.0,0
5110,43,9655.488212429547,0.2473186503203122,646.3003119214503,5000.0,1
5111,24,43028.16755611899,0.5779187119758785,636.5860654556476,6582.461266221766,1
5112,47,51966.92837470837,0.36116584550650177,523.662915580607,10211.31973373609,0
5113,38,23019.45353057725,0.42568065646487063,681.1459253186206,7702.699973761193,1
5114,41,24509.40037129196,0.4263950628752228,608.1751778131006,5000.0,0
5115,48,41313.49037109149,0.4073970601546529,581.7672974239209,5000.0,0
5116,55,38297.2384556972,0.35711796741209717,697.4746988487649,24454.464448028528,1
5117,42,53453.06071948986,0.49992053023971705,667.0242949281217,5000.0,1
5118,60,24628.514211830687,0.5313763396204648,713.7872522875613,5000.0,1
5119,43,26100.802275515947,0.05,641.747875668546,14166.58993760425,1
5120,23,32521.307154990332,0.1344279914571287,665.071006099636,6701.492044054612,1
5121,60,21310.153701798852,0.26858041260318954,705.9409513229791,7854.732201151382,1
5122,30,32169.06234470183,0.18266331768301958,767.3436225289202,15057.531215040046,1
5123,45,21485.06713343756,0.23974046292457865,628.1967844200916,10436.507311010531,0
5124,28,44747.24281730317,0.28207561215205207,667.366617075692,17990.66737194517,1
5125,31,22750.605113245878,0.311463814059619,690.1497783976087,5000.0,1
5126,25,41210.41823199215,0.12632731288931823,689.5912129403408,5000.0,1
5127,57,75230.2070610614,0.28786444697248165,614.0781205151444,49655.82493835784,0
5128,58,44986.24648424064,0.5634013897359965,642.1581084114139,14676.075281562185,1
5129,49,39653.838338185604,0.3122904994380232,689.4635930681114,15589.87331212058,1
5130,25,18364.596665502875,0.4387967395544566,662.3221990061342,5000.0,1
5131,29,72730.58426138046,0.3399041472452464,784.0246912204142,26581.494704065237,1
5132,22,63440.90432466403,0.3672325619637888,628.3344882883985,13671.905655701086,1
5133,21,33584.74975198211,0.3326740533734496,594.0188314686941,8143.687563199453,0
5134,60,29969.680423898415,0.4614488514962868,683.9155703626363,5000.0,1
5135,50,24173.443236597854,0.22686738615499236,584.313591239115,9423.078520801972,0
5136,31,88848.5462726365,0.3756573278113914,617.9083599805226,5000.0,1
5137,48,53743.729942777936,0.26345360845416077,655.647905320031,28248.938832212454,1
5138,64,24854.549775417854,0.45053027913801014,647.6926660737727,16979.80508329398,0
5139,32,62920.973258102815,0.18380538876776742,645.7713735374001,13247.573102032422,1
5140,59,70938.90818867908,0.4475827723095206,610.5559249774757,33873.38285360141,0
5141,46,35932.35825074452,0.3812832953132083,675.8820795832669,7996.355790311277,1
5142,33,30571.586877301736,0.1602939433880565,802.0812552841659,9124.109823266623,1
5143,28,22102.771206001973,0.6119179822171482,708.0609877843776,5000.0,1
5144,48,51725.91887680651,0.4336759253028084,520.9381287168208,11134.21528219696,0
5145,50,29332.814898219574,0.1871493602429004,621.4881271794596,6313.485756911434,1
5146,29,28732.610951151088,0.37351193398510857,687.2384485224278,5000.0,1
5147,59,36106.76399957679,0.10410081239928454,545.2920614485873,13203.205468228816,0
5148,51,24124.816190675534,0.0928336286692606,480.49078836778693,5000.0,0
5149,41,77980.31099382679,0.5294372654374814,599.2614924478503,17208.024746714855,0
5150,54,58921.17985373061,0.1699860667358498,593.3926261851612,5000.0,1
5151,51,37732.560407446166,0.46810074506577504,764.8055404294428,8500.982925136255,1
5152,45,23727.18447800343,0.5250884243984789,674.8835550631721,8350.26564522957,1
5153,32,24376.402832682823,0.20239594299112199,639.8773512205842,13957.479614268128,0
5154,21,23844.781126117578,0.6619964385192729,627.8850833654021,6923.646435859674,0
5155,42,19626.802529525547,0.3639081474986414,681.5460655148886,5000.0,1
5156,60,42673.90878036717,0.35725367054836543,663.8640285507663,5000.0,1
5157,57,26338.34443979101,0.20026756222179595,681.41411895732,5000.0,1
5158,21,25596.84596555705,0.20297919274811801,672.6214022627263,13677.747181150686,1
5159,21,24173.96601697338,0.05,722.7407577402955,9475.711077025255,1
5160,62,59981.370145438785,0.2334719090747854,652.2971607882988,7085.982998029649,1
5161,62,24852.47812464827,0.5249393736087422,704.508082268521,5000.0,1
5162,41,68495.42560290344,0.19726691427192164,674.9786537467418,43019.91057979219,1
5163,35,31449.963628221485,0.21031363890100682,664.1720114123118,5000.0,1
5164,37,19486.157214860617,0.15706578667535098,622.0255144203325,5802.2773737081625,1
5165,42,45918.98381350831,0.14581038865706836,645.415738986617,5736.453848240916,1
5166,58,56592.85927305287,0.48313630488700804,646.6447375887427,5000.0,1
5167,55,23646.806387980298,0.1677722669847263,725.5126134309097,7961.960479840977,1
5168,36,37482.155944569866,0.3302386038954024,666.4948371381897,17665.675786149466,1
5169,28,42583.89542328746,0.29670652999759856,586.7405216824728,18375.024330373813,0
5170,37,38094.18505017031,0.493492625426926,541.7348863505377,15987.493986948028,0
5171,37,28880.672048628563,0.2245560303902141,570.3505558093226,5000.0,0
5172,46,56433.045679563795,0.28535972644999547,601.7760946391315,18835.554478468384,0
5173,33,32030.426888939874,0.18613653063518645,682.2632645940134,11736.913573949832,1
5174,37,26826.89111369827,0.25396467865759936,606.6638028913029,5000.0,1
5175,58,15024.816507332083,0.21479554444257726,735.8547759692141,5000.0,1
5176,37,15095.033364564139,0.3282935708588033,564.1381318400239,5000.0,0
5177,34,40455.25935869293,0.5901291218497184,696.4049348264057,5450.519506952809,1
5178,26,34943.05599473541,0.3194713676192704,519.596193883757,5000.0,0
5179,55,56597.63673719828,0.5262109785550265,571.7896251528183,5000.0,0
5180,34,63904.3153382223,0.49175133515606323,580.4680103187465,10151.057247100423,0
5181,28,32126.87562531828,0.3436093697570001,579.5987178677996,19759.12230559968,0
5182,35,58356.436972138144,0.4942310275848863,605.3748364751084,27562.366086410962,0
5183,47,27421.34335035371,0.38460078239707873,705.0676035183216,16263.976960198775,1
5184,33,33693.326666764995,0.13567251204124753,700.2329479602046,5114.811269873729,1
5185,51,33215.02246663677,0.34416775465897553,579.5190125222384,17088.60287936858,0
5186,55,79979.95126948152,0.3808931152763152,636.2657730800096,43792.81354481731,1
5187,26,19163.38960803246,0.6144452591304673,681.8070219368408,11444.394754262998,0
5188,25,37405.34277223135,0.21025112858010947,637.0496281667345,9304.032217759486,1
5189,42,25641.885899056895,0.4186737583692665,760.3995886299347,5235.062400555213,1
5190,43,31272.441134662702,0.16538098988154984,676.740051901386,8832.927113486601,1
5191,45,30610.816759133482,0.5814373905627659,589.5736979800479,9745.954654532814,0
5192,54,37647.881627535506,0.5335564989818976,596.5362222910396,5000.0,0
5193,46,71215.00014499636,0.17016149870603656,582.3289233593348,13191.109417878717,0
5194,25,93995.31160856971,0.6111723684945413,601.0511675706803,49119.41073585467,0
5195,46,50427.1877892408,0.51156343013886,651.5075731653815,9504.900766066736,1
5196,40,22257.48235452296,0.5397808537471785,633.514578147491,7003.748001136083,0
5197,26,33279.158102598805,0.5854840074613538,617.1297392190123,13152.723266852829,0
5198,26,41369.578269885395,0.5189253363709077,690.7266969227028,22711.23605871562,1
5199,38,29629.87342875649,0.2995573448751507,674.0050522456058,12467.870846330852,1
5200,24,31617.38833201636,0.5753478602861715,539.430090445294,15376.215504797434,0
5201,37,35046.103727925605,0.21601206446144455,560.8186779042726,13547.05041741651,0
5202,34,53428.84702512482,0.23369316777049792,581.0936190884703,19129.18074086004,0
5203,34,47339.05153526156,0.2816983750379488,593.452248792869,22463.05340792452,0
5204,33,26766.788548676526,0.4000377096795994,605.261970546054,5000.0,0
5205,27,48845.47805956411,0.21232198609766592,621.7663120488114,21555.324465087604,1
5206,64,86006.71724342588,0.170335252650051,674.9503316058998,5000.0,1
5207,35,17043.52734594881,0.21259019251475178,571.3228779254342,5000.0,1
5208,39,29182.812522985234,0.2955235858714379,596.4814909466563,13984.964592278426,0
5209,63,28094.311480212058,0.3605729335154864,539.1327188626742,7508.307394657188,0
5210,64,37795.991245251236,0.2358182752772161,585.5123916994078,10807.200969360121,0
5211,55,14589.57358900608,0.16827595218800578,635.4531837786764,5076.9064225297325,1
5212,37,71721.34190045907,0.40847189187264143,587.2040999943221,48150.70979280524,0
5213,55,37175.15278354989,0.6207480087110256,577.7755956118307,5000.0,0
5214,39,42153.23451170865,0.2878020008301734,614.1272141223717,6562.155075327649,1
5215,40,39781.53703775308,0.48379233252514026,666.520680574931,23025.61739905228,0
5216,56,28049.714959289744,0.3503157877059759,585.7382765514228,6998.999986655219,0
5217,55,51499.49355826028,0.4455983746565773,721.5290776764218,13435.882491435064,1
5218,52,36410.592340987285,0.47229617146484026,590.7566385671038,15899.050763116826,0
5219,64,12805.980051261457,0.35072895313154123,620.8471778702743,5000.0,0
5220,60,34403.65825761206,0.20250708427354386,731.0512178769792,16393.886378578616,1
5221,44,31609.52713407546,0.16544548391019978,690.2070711215603,7171.609981551524,1
5222,37,51450.26250793449,0.522518803220938,640.2721943966097,13737.339947900095,0
5223,27,140183.35797369335,0.44458342002543194,676.0008775344655,19241.382359549996,1
5224,63,43863.71146865021,0.49695441559114706,561.2968321871745,17585.69653881999,0
5225,21,104809.45579964452,0.4514469569474502,776.4498696805064,24812.358515429587,1
5226,55,25767.95088838344,0.5108279016429346,564.962777881861,9150.6636728507,0
5227,52,26607.225216989696,0.38329296181532824,664.5930829849639,6003.909632966432,1
5228,56,32105.513162185052,0.122095044212626,728.6133439279193,9356.53785449453,1
5229,33,44918.09818732372,0.3921916742992736,668.4107550210731,8449.682585262672,1
5230,26,26362.522439361666,0.6189862570988283,646.4012214838441,6076.345221265424,0
5231,34,16221.240157450284,0.40267576669347366,728.7871271954416,5000.0,1
5232,57,36736.55525269722,0.16557076254066355,693.4261232870472,5000.0,1
5233,35,20506.61948293747,0.4602164602963013,615.915582931486,13332.041094812435,0
5234,24,63444.101122900574,0.6751683629488473,757.9698289544957,21367.962635105527,1
5235,60,50107.95992470858,0.26625927913922415,597.8898395178608,5000.0,1
5236,36,24840.67285820868,0.39890317393739044,763.7841257147336,6868.734126221934,1
5237,48,45610.62768097161,0.4213038512349062,691.5270101971447,22668.225788816606,1
5238,36,27609.652503282392,0.3805418306588336,622.4544978089388,5000.0,1
5239,24,35380.06953935886,0.46965639525913894,578.5224703919625,14576.917139879393,0
5240,46,35566.67107131689,0.2892237857714838,661.1956387261188,10231.251962028013,1
5241,48,30705.121315513312,0.44401666635128323,606.7662761977831,5000.0,0
5242,52,55013.83283963841,0.52511743709255,657.5509567858011,9480.615526634394,1
5243,22,20752.420063103044,0.3146297833869733,703.4471271660774,5321.0960857535265,1
5244,51,47500.14584076623,0.47083390916129436,711.879009439413,5000.0,1
5245,23,42288.250453561785,0.2932204564051433,747.2089753594549,6202.163061710816,1
5246,28,17992.544635606013,0.1434599944565917,578.2474147117136,6220.6550512227695,0
5247,44,24411.007621338653,0.14303719981768587,666.8944730671775,8476.386954158192,1
5248,35,21016.44248210674,0.41917908816222627,551.0194065885299,8122.0893838780485,0
5249,63,30235.942952927493,0.06857560688292585,650.2753484796012,5000.0,1
5250,51,37205.5502204863,0.3639073723591576,541.2217538001535,19191.831053846578,0
5251,29,22829.45284959608,0.23139552486291395,798.2924226960739,6191.496875777265,1
5252,59,58957.03887019526,0.05,740.6331595758405,12528.231565626485,1
5253,22,61629.21363895139,0.4523677543127576,542.0723524039702,15529.649788355635,0
5254,28,67319.80915889954,0.13952047048839467,606.0605509707665,24884.608592463366,1
5255,27,9329.879748443203,0.6962948335697486,700.6289744733546,5000.0,0
5256,64,96190.33049653686,0.5955783792981738,666.3895375207605,19863.174454228618,1
5257,59,39459.38465337389,0.3400311424638331,651.3430384249717,19197.597667468275,1
5258,62,37184.59184168437,0.05,667.6078884509373,9528.046334309209,1
5259,36,34512.024834987475,0.3943757647242772,709.7182552239195,15013.347664108636,1
5260,55,18758.00079952107,0.6251800613982079,790.6981462805466,10719.242959268067,1
5261,50,43472.291923501165,0.5092501697395857,570.7089128370914,8590.071754523018,0
5262,30,81305.76255978292,0.5187570379508148,635.6639284198706,17971.938670995663,1
5263,58,39222.73799903188,0.5815269802073941,524.0796475853808,5000.0,0
5264,38,20794.663357196427,0.1619775551832638,646.3974749807159,5000.0,1
5265,25,16938.537819188692,0.51296913223302,764.9042336509477,7332.164827716732,1
5266,49,31350.582639470125,0.6411529378449972,683.1464752300026,13510.445348136538,0
5267,59,25033.91009949037,0.2570379611694466,704.0229366567988,5000.0,1
5268,54,51600.53899105565,0.28969018811628605,662.7047764432004,5000.0,1
5269,63,72056.75636521466,0.5829539415183937,599.7399557277664,41450.70028173899,0
5270,43,45927.793842231054,0.5592064982320386,542.5601389720542,5932.176917852751,0
5271,25,34802.827756193336,0.21949741649171658,751.5743076583935,8563.342483131008,1
5272,50,33987.027520916905,0.15589146807719403,618.6799336745415,10438.134501551496,1
5273,26,37629.43209461259,0.3328644674603075,637.2977790810116,12444.530156639428,1
5274,64,20333.594197449238,0.12900928405605622,512.6604381876724,5000.0,0
5275,24,49076.35507315672,0.22115526673923358,604.7448876539099,16235.717875673507,0
5276,49,21154.15046531146,0.24751518370881279,659.2316439631378,5000.0,1
5277,43,63454.881805728975,0.5185442837139611,673.9073692692352,10648.986213767585,1
5278,26,30284.049621611397,0.5591901005743052,762.5933406599239,6877.822126754695,1
5279,52,55017.38748808809,0.5192113367549896,632.3385404157091,5000.0,1
5280,62,17385.039944978256,0.22641022948387202,642.5319079274462,7487.350956748228,1
5281,38,54823.80669761963,0.3371532074531809,756.521989913247,6343.759500243795,1
5282,35,71773.00323573136,0.2821711603096816,732.1458537530584,45502.390371161324,1
5283,60,19133.79209561362,0.381990359891392,551.4523393839365,7287.541320618533,0
5284,52,34311.92345260176,0.4627360258323389,751.3927262599839,8558.093980051377,1
5285,29,42935.01916850876,0.2785338772734641,537.6614923411462,19126.34001800079,0
5286,57,43999.51675751467,0.19780338663407554,682.9430935763646,5000.0,1
5287,30,30644.958996149548,0.5860418500071305,702.6654966351529,10263.733571473225,1
5288,40,28059.49456121639,0.5110452224372746,663.1090124737269,5000.0,1
5289,26,41218.046981432264,0.4009342275762762,623.712716211693,19035.311444675393,0
5290,23,43315.982805436564,0.19045516197108125,618.6663431190342,8990.917335122549,1
5291,62,26537.060473568952,0.47998501787816733,476.9080243821794,5000.0,0
5292,31,24040.111351273845,0.3245831002067782,660.5974169957902,5000.0,1
5293,63,66548.60493195534,0.05,652.2749253062735,19845.077812987143,1
5294,37,38324.10604578716,0.27105627949181244,755.3698593330904,14064.822912961263,1
5295,52,11662.662061414792,0.41876272932725206,630.9550596930425,5000.0,0
5296,24,66753.06742746475,0.3175772406481907,613.1363818228203,5000.0,1
5297,24,26941.644019614425,0.42640898487259704,614.1090837211793,5700.722467255392,1
5298,37,37547.803549680284,0.41997767787829676,591.249771749397,23217.225902268714,0
5299,61,43801.88533285092,0.186002278707344,618.1484360254781,8334.120006027248,1
5300,39,17294.75021873453,0.45260808511099976,577.8716201083015,5915.25248259328,0
5301,25,31432.533877111866,0.46628810871943466,692.9487857793257,5000.0,1
5302,52,70177.78213859546,0.3454235811288897,677.9233385566306,58883.98303431792,0
5303,42,62609.96301387397,0.35222683531631205,548.2179977535766,5000.0,0
5304,26,31408.077265097025,0.3515107820572799,656.6160455609065,9966.962899791872,0
5305,55,51943.761146137025,0.5769094956300816,727.9827954849188,5000.0,1
5306,42,55479.145728371324,0.40738731872870254,724.0362654152051,21106.768057287474,1
5307,21,54081.677084455005,0.3687449284932415,577.2298897335851,9643.039825432948,0
5308,40,20475.560562750197,0.42052444831596686,743.2798725525992,7062.280503204684,1
5309,42,82501.77894992927,0.4173383350796626,612.9367243119101,19691.314251858374,1
5310,31,28798.502555515428,0.3351718041099845,651.5036506130572,11309.582785813529,0
5311,33,38356.083351681715,0.14971624575654036,625.3731225311602,19447.183697232067,1
5312,62,30465.787107771084,0.36630729030791953,565.7728869105695,5000.0,0
5313,23,40736.53213326244,0.4386165421681844,595.409645590538,25704.152754599792,0
5314,29,23573.24833691229,0.3936002009332855,737.149937716919,5000.0,1
5315,32,32449.442338714205,0.2752552531239152,739.0558403847234,12608.43776307761,1
5316,43,39790.30582400921,0.3206843050578783,697.6575621020679,5000.0,1
5317,34,66991.7320906286,0.498940728122383,634.2270621637773,21659.589539833658,0
5318,53,63067.71311353724,0.09715449222261262,776.0862476795737,14055.190647275911,1
5319,38,64684.47573263563,0.23843785089398073,719.1782322013163,44893.46863861441,1
5320,61,56068.3140853025,0.3697693240398762,641.8073127368101,7965.946710069729,1
5321,29,91430.80002642538,0.5059459422056779,513.1889514191784,56588.23783407958,0
5322,43,31411.506335922248,0.6222177624215893,710.2886029573203,5000.0,1
5323,30,33560.86415676271,0.4834259589238188,736.9055161097876,20763.518303666224,1
5324,39,32876.997499838966,0.2610847014969648,680.0062680388028,16254.055526327453,1
5325,25,35222.297773190345,0.08573054409023119,516.285138310857,7898.429382087809,0
5326,43,17710.087017687765,0.6301938458030021,663.8769316482601,5000.0,0
5327,50,41455.68872181854,0.2237588377063534,802.3244024523268,13717.046351061157,1
5328,45,46538.141944793046,0.3718924935735728,639.2477215453549,13970.415337424092,0
5329,48,31929.850699883642,0.3324635526487238,787.4603679913581,12145.74217103337,1
5330,54,15083.092318729887,0.3396358799123644,699.1500042853949,5000.0,1
5331,45,36706.72595163167,0.175080617241243,653.3101179768879,5000.0,1
5332,30,19008.596880159766,0.619412768268137,748.2028517792369,5000.0,1
5333,34,44965.712927000444,0.2187706413988071,607.4318502510188,15978.945153642162,1
5334,62,38547.85814224166,0.3737984916992392,563.4534873224919,5000.0,0
5335,50,40484.96960496411,0.2832287129632184,564.9060105402359,7840.21065507959,0
5336,61,21364.40852469549,0.4420532537671139,664.532839601625,8662.201799163699,1
5337,45,68240.38900973252,0.3186165674273428,681.2110680732162,23748.301122593904,1
5338,34,39541.44328428407,0.3030271521720609,602.2434192561891,9522.112460728187,1
5339,55,22991.53397855583,0.513077118661249,735.3695989715765,11558.793816318372,1
5340,54,48524.34085991178,0.30148490989669413,656.1846445207308,23948.91087318995,1
5341,30,38134.234197723505,0.5616427221708018,708.0592565502233,6927.405483874143,1
5342,55,90985.77941653534,0.1649849655686914,602.2887763220339,39342.002122630685,0
5343,31,27544.62707120595,0.3125922543711951,637.2615355802077,5000.0,1
5344,31,19462.27549720662,0.22104439714073734,526.418980755856,6847.562414290015,0
5345,41,41968.447102817976,0.35462059840398524,630.3228595465117,14679.278089157595,0
5346,41,60241.26939634983,0.14400675162985174,665.7904487537977,18071.529889647743,1
5347,42,116016.13105172169,0.44293043131789733,610.763385076734,28579.48956243017,0
5348,27,200647.73547477458,0.45787343201996755,645.7553809503485,62405.70169208473,0
5349,37,16713.56212390162,0.5759301983460906,666.7329117395342,5000.0,1
5350,22,33941.07399369719,0.4771115739086867,612.5595369464056,5000.0,1
5351,32,19494.616476778006,0.4754131050167353,631.4883943686536,11239.424864524388,0
5352,62,32090.268665210537,0.4521083632103914,598.8259290916753,13638.19496410428,0
5353,38,125319.51452098897,0.3172920425405629,584.1118247612479,26010.175601302908,0
5354,31,24104.271297682764,0.5928326511197632,736.063587491291,11791.633199520673,1
5355,36,35919.09503092097,0.4331487794569036,549.89474312007,7019.115071034591,0
5356,38,27161.867403745888,0.7210715680565373,709.7713912120256,5000.0,1
5357,55,21990.198768590217,0.6130645376031049,554.4904873804845,8077.607847931169,0
5358,46,89000.29836920425,0.4019919475357664,755.8019120332455,5000.0,1
5359,36,16820.796960015163,0.40933937587790337,690.2692751437313,5000.0,1
5360,26,34847.7248798536,0.4748003359367998,623.840503514218,5000.0,1
5361,64,37948.361389966805,0.5875703610698816,716.074503534049,12098.482820646856,1
5362,63,35720.32221886634,0.11976070379395222,726.0987682218406,11894.239464174214,1
5363,62,31012.498484557873,0.5468618238195297,690.5213846091052,15853.581368889038,1
5364,32,81403.32985461893,0.40598347385466144,683.1765471165563,5000.0,1
5365,33,12632.895050059478,0.5120462522309116,665.6629696129709,5000.0,0
5366,24,45171.69134377194,0.2421079785306959,749.1683849695572,25143.24736629644,1
5367,59,46189.12529994544,0.23534174295631066,648.2592000358093,18675.21151158615,0
5368,22,41919.01749918211,0.4009031667252271,658.4044310413841,15156.677601791114,0
5369,46,23970.473273773558,0.49642508852774675,710.3588045325971,7010.998834064478,1
5370,47,66337.82576365165,0.16527295249512777,627.7142016363302,25216.376549421293,1
5371,47,64698.29414940229,0.29019772232681246,727.001439810609,19794.47267298536,1
5372,35,23551.755057375794,0.17034333983682318,712.4380322750649,7531.295358645355,1
5373,28,19951.478982761022,0.4127231064838001,849.2174014534894,7815.393206679712,1
5374,27,18114.150070188698,0.6490365389259228,641.3692069331341,5000.0,0
5375,60,40647.905197492844,0.2997429954312427,691.8917731771738,13723.002613231512,1
5376,32,37174.97205800687,0.46765401110542176,682.6863145578907,5000.0,1
5377,33,30316.458867272224,0.36823357037938365,706.7117928342673,9123.223881478889,1
5378,63,102812.1329676845,0.4053381976087784,645.0376215727327,20520.055256506148,1
5379,37,28838.247328861555,0.260565035018154,682.5299416099361,13353.699765038942,1
5380,37,39884.77474924582,0.44821028787986655,660.1726492880663,5000.0,1
5381,56,32953.31755196713,0.3198181406534327,710.2002327154436,11165.660868229996,1
5382,41,96912.03763673152,0.6187550089482482,515.4872675516335,41045.30285148804,0
5383,28,13428.926383837215,0.273366017114347,633.3025584279216,6026.853991776563,0
5384,25,31102.547790867757,0.4968153320331721,798.4894746996503,5274.026536075741,1
5385,46,49371.457068146905,0.6460404217084963,757.8551465098524,11307.179507347706,1
5386,36,32493.842410862606,0.5283022182551008,671.2336083407253,12450.286518198129,1
5387,56,18917.329598380293,0.2146372781103533,691.4544402632209,5000.0,1
5388,48,39667.93735026867,0.20039765181494973,686.3909266729355,8350.054979276787,1
5389,49,16144.556778608654,0.4179933829462037,694.144752856884,5000.0,1
5390,32,50772.86921330717,0.3592755119080916,588.6428729275608,5000.0,0
5391,57,29536.100518092604,0.42732089424842085,603.4187206792222,17520.451033783484,0
5392,50,27153.57576797827,0.52928623564204,604.4431696772125,8287.554796537479,0
5393,43,61271.98989148466,0.3631086553971606,618.8676193294252,5533.992058391988,0
5394,36,21990.985523731186,0.25567764843008406,760.1821868286216,5000.0,1
5395,34,16793.828083189397,0.38112453071693614,568.3566841396995,6114.168653616067,0
5396,30,23034.738045482594,0.5779006065701441,787.4664826657724,5000.0,1
5397,27,101063.09749006545,0.35535189256369243,678.3636126706585,16788.472807495007,1
5398,57,21985.89100744482,0.672738507593648,568.3076436155379,6386.004760338706,0
5399,49,43597.787589436455,0.4827701734306836,610.1127573858402,5000.0,1
5400,23,55363.54601378161,0.4684817788635221,680.6955392232279,34908.69152503984,1
5401,35,22700.109623437398,0.26819287681107545,559.540268315133,5000.0,0
5402,56,22714.81765704429,0.3312189720009575,625.6196171315958,5000.0,1
5403,39,39738.64096972177,0.4283486201350944,570.4084678961692,13727.219173510599,0
5404,33,40646.21947071002,0.34554292227557704,694.4846810466321,9299.025736385776,1
5405,62,71239.91490369674,0.5391513486187769,571.5131872174053,48875.15872865989,0
5406,41,24720.404823490135,0.38199924520331774,544.4392627095164,14380.019574431788,0
5407,57,30072.70545844445,0.2615285347492577,752.4934211161983,18048.807160029843,1
5408,47,150121.18964312962,0.40294271481036276,628.6471525962131,61542.23828068501,0
5409,49,14819.325482046923,0.30183443144344413,622.4899350603778,6435.525837000166,0
5410,40,13375.17864428685,0.4588007856876838,682.9914022331448,5000.0,0
5411,45,18187.312456557123,0.2792895879225474,648.057834666078,7916.343383332251,1
5412,26,62994.50339204742,0.634834609554854,592.411494756585,10591.408170490655,0
5413,56,29168.876129753993,0.13427934815422396,607.2528282576479,7988.296898359409,1
5414,22,29163.600026543165,0.3088590713992661,700.2915114586106,5000.0,1
5415,42,22412.82603959906,0.3865656458434412,582.5102749506083,5000.0,0
5416,52,57480.96636723303,0.28683990674734877,647.4741298921657,23675.6743785647,1
5417,36,18328.694602961812,0.05,766.7500603759574,9505.39978378963,1
5418,38,27153.168539396247,0.6503794282841007,629.1751207617542,10595.204568343963,0
5419,25,22860.79662323504,0.47477500482611984,736.2740307690681,13139.016951268357,1
5420,56,9545.867343343523,0.17730383333740113,579.3150462192947,5000.0,0
5421,50,28591.951053059078,0.19881368916574937,662.914056947081,11577.293624165355,1
5422,39,35256.68531536069,0.14480612921108096,737.2247235207565,5000.0,1
5423,43,24642.776041191657,0.3437498470155611,610.0575993713944,9459.189265919616,0
5424,54,31756.81056801019,0.5859623311281578,784.2073521381783,5000.0,1
5425,33,32166.697179465646,0.3216150457239064,646.2366783294581,5984.891400727311,1
5426,63,33978.63290309251,0.2966676475464828,568.6164281430374,16000.134160289565,0
5427,49,21439.18823601084,0.5104055808887276,720.2758557888551,7476.888925110043,1
5428,56,20832.201458194668,0.4134358488393199,760.9632116283892,5000.0,1
5429,42,37178.02911252635,0.3567211879787437,562.7073098001002,5000.0,0
5430,56,17360.55887746235,0.4758205693303185,680.9015892451102,5000.0,1
5431,29,32628.371636093776,0.10077139561396109,602.9002631261759,9327.777399638708,1
5432,59,82268.64351426707,0.43653949106507806,578.4966333180593,5000.0,0
5433,39,35617.3535254654,0.5583655997155963,588.2617401955213,12439.446153450124,0
5434,58,14569.952384964892,0.18037803624976806,664.7122168143425,5000.0,1
5435,26,39731.87762823061,0.31020949019962546,740.5432527739396,10391.549352191107,1
5436,35,54679.556671531594,0.07364269573003758,645.7355008455824,19971.522689106776,1
5437,40,24400.074577775173,0.30111787495953424,679.400157452483,5000.0,1
5438,29,31273.4058189861,0.26933516634683885,611.225810689212,16019.145683215587,0
5439,52,23415.54999763481,0.6220714497899744,641.1552657748393,8751.257045075803,1
5440,24,28822.429690539597,0.296934992861394,589.2303084975972,5000.0,0
5441,38,26035.775231146286,0.4105403669523556,523.2598314941573,5000.0,0
5442,25,45154.00500409426,0.5677638211510806,614.1760847975859,27569.83964213227,0
5443,40,83210.69633830292,0.05,729.0502797826745,43251.16538717494,1
5444,43,37369.409654909505,0.3852385053989591,475.3702429504054,8549.592895542537,0
5445,31,16799.90836396855,0.2000890434573347,727.092878155368,6012.208805943027,1
5446,57,128632.74062374739,0.20364457652790674,673.0095489356752,31185.80134918716,1
5447,42,48603.42622556994,0.23686139455673838,640.2994874081944,20916.723765241084,1
5448,24,53811.10941481529,0.291674418665027,613.2269891631448,17913.283500946283,0
5449,49,35176.61959421849,0.21087108855321976,683.5241928834649,5000.0,1
5450,64,40797.03096742163,0.3032790324063654,747.8986423479156,21562.166850718895,1
5451,54,30610.154079476237,0.5103002992155024,668.0593261490742,17451.802001256816,0
5452,33,57059.391155007805,0.4379494284616583,635.2705087382175,11700.055826960686,1
5453,62,28603.89956173781,0.7728616422054989,838.9279650875199,10358.638339879602,1
5454,29,46382.94983717468,0.39299222767746156,656.0307365400273,23981.172600206904,0
5455,62,58965.1492821425,0.45500337178305256,535.3154691950484,57752.59749373554,0
5456,51,67708.52965328272,0.5536258584534745,672.947761388425,27443.235808106827,1
5457,27,60838.089782441646,0.1875996559643969,608.8121073033818,22506.61907875277,0
5458,24,21768.09426559284,0.5501899053354082,625.286839603125,10278.840690758081,0
5459,39,79727.75851463802,0.2179572036906068,739.4917353400067,39212.62589970024,1
5460,62,50621.389275908325,0.42892003410719737,711.4458824513416,20568.96237471062,1
5461,50,42310.75727503065,0.5020728855231978,526.656428107156,5000.0,0
5462,51,44821.283287183236,0.07262136804443883,528.9473627842749,15032.871292533599,0
5463,55,33550.43314487562,0.3026648958914497,659.8753096356261,12040.363342989938,1
5464,41,28758.51189321524,0.3472889914136285,718.0801111957006,5000.0,1
5465,51,30204.536095512278,0.18960017227288659,492.77859591571394,12903.690838636654,0
5466,39,69152.09577304467,0.4075479949574292,718.5737146150084,5121.789622581039,1
5467,51,37817.45032253333,0.6119535281171553,822.6234097570325,21325.3048484971,1
5468,52,41808.66704376454,0.21198545417088085,733.0441643239955,5852.699966257745,1
5469,22,37424.13095203089,0.5355059213376262,594.4841289661653,18293.58006221711,0
5470,30,26004.82911122682,0.43124612026459863,694.9448176653366,5000.0,1
5471,22,12414.11653005722,0.15417666318146012,666.3097912867768,6858.795296769889,1
5472,22,53335.64013273767,0.2949968688219447,774.7263397156345,30773.669270160266,1
5473,44,50583.910230433874,0.396377161547356,729.4677431690851,20887.523804782406,1
5474,37,36108.084136533646,0.5955506758253573,587.0716725265199,6282.907581753477,0
5475,52,21054.743232446053,0.47771233853400097,691.0994475166442,8091.298427455196,1
5476,36,90256.36862343176,0.2545540083653267,592.5759515089912,13917.525157549668,0
5477,36,30620.470894437007,0.4167844257631143,722.6713814593878,5000.0,1
5478,59,41114.89529652235,0.05,632.2355154402912,8110.930975713236,1
5479,51,25550.849280890303,0.4929313104706468,647.2402971946331,7403.0430891049855,0
5480,63,18492.872782498624,0.2425866621672286,661.8599848488562,5000.0,1
5481,44,48767.35827529731,0.1991132097780139,611.4192180498028,12060.835901486598,1
5482,21,17147.295066548057,0.3103044745259122,657.4523087798309,5000.0,1
5483,31,40721.81463732425,0.17065820001289853,682.1219799197924,12331.893876681985,1
5484,41,40781.00173914115,0.32799825295931806,630.3203983403791,10379.865721488039,1
5485,24,20746.200442218462,0.5155396453090066,665.3548015903755,5000.0,0
5486,27,18992.348954877776,0.061357503314244,597.9186191396074,5558.363685252668,1
5487,46,24705.52416392642,0.34668601222825157,563.8588549245769,5000.0,0
5488,32,26534.995888908983,0.33389885501037303,647.6134028905196,5000.0,1
5489,51,16901.0792685917,0.43537982739167225,721.2203481651215,5000.0,1
5490,37,20690.48882822416,0.32961158533784723,718.9381175425657,6929.642265075229,1
5491,53,37720.25710318183,0.5008557039052929,714.5441099450953,14342.138072630074,1
5492,31,98204.92638061687,0.5627839527036345,720.6912726967254,31982.595195839935,1
5493,48,60103.5395897254,0.5129538506783434,662.8906258095818,26786.242924663296,0
5494,52,39350.339511539525,0.2485084919669915,611.6215365446286,11811.538770147274,1
5495,21,63842.27922702284,0.6492125139839491,631.7354973183053,20827.928078787983,0
5496,48,64713.92762566702,0.1856465651565048,641.5242841725767,8354.649091782374,1
5497,62,31179.31049375478,0.4660190533523499,603.9410962255197,12433.557489490035,0
5498,27,41313.637054206774,0.5317239203994274,691.5055495855213,11202.655470370428,1
5499,22,59216.1121097502,0.6711580459203702,607.1573896804306,25177.296153097843,0
5500,62,63401.08572470096,0.5103689480699776,520.5189370742324,17794.895591481294,0
5501,44,63706.145037003735,0.24553072573933815,724.103567371068,19149.515535609928,1
5502,24,21730.990002182203,0.49697301007548056,685.72216730001,5000.0,1
5503,64,65350.85397179669,0.3391759808561506,529.2314147785197,17526.725422168398,0
5504,39,91953.51483156082,0.5248336200301026,604.6441762536906,64977.87757469363,0
5505,46,76627.69737704565,0.3884147629678001,643.2621512145143,5000.0,1
5506,31,21104.445302093165,0.5738010859752695,649.7837928472868,5000.0,1
5507,60,18611.070053317562,0.36377488179576667,797.3332629157826,8497.448975758605,1
5508,63,45826.27251554509,0.500430924777445,582.8540558421425,7193.696890152562,0
5509,31,75918.5994274271,0.26684563583552984,578.5240130040543,24448.794672944503,0
5510,23,40663.41172352265,0.5369869932685046,739.003230126006,11391.893527190787,1
5511,32,32289.942529340726,0.05,637.1720988833596,15177.549578097653,1
5512,23,34714.24845790572,0.46543167837715144,732.1343338312873,8715.46981115532,1
5513,62,60490.77178895966,0.4148027086166774,631.388262420082,5000.0,1
5514,47,30921.16593609955,0.3823272771224485,735.3011090823538,19722.581142646948,1
5515,22,46188.093544415555,0.05,630.5729146904848,12670.306592492672,1
5516,36,34023.89835036332,0.2856054682306685,641.2539201048021,11286.431860375595,1
5517,22,23291.202826489232,0.5403811930582498,577.3987080863931,5000.0,0
5518,50,22396.376069866135,0.23346097013878406,770.9578027147027,7463.40631413406,1
5519,40,47223.86494779168,0.13966021506330342,597.2358228269264,23449.083583369447,0
5520,58,9389.038621673726,0.19852745984469736,560.6029133495581,5000.0,0
5521,48,46149.03672032019,0.5383048803491486,763.4087623613838,6653.912262804797,1
5522,45,33345.89719535752,0.42863830354073545,696.1206777784739,5000.0,1
5523,52,58281.591336666985,0.5732194203683475,760.9107820380801,31175.223574198197,1
5524,30,49056.70235638688,0.4643179546563329,600.0747355463969,10391.434797462856,0
5525,62,37134.82408438061,0.22969114980218766,692.3616595912414,15242.607193899225,1
5526,60,21296.919053725404,0.6337609749510733,748.007310073338,9338.4621746453,1
5527,53,21881.179269080276,0.26838716153694575,570.01943345111,5578.307541894035,0
5528,33,26305.083108354786,0.23580863636279822,672.8613553385721,7478.415727071628,1
5529,61,56066.688257447,0.39758716731024346,618.2781859722962,16951.16341454666,0
5530,62,87934.94525230664,0.4220832812594961,622.4744761321859,40553.24188072405,0
5531,57,42827.923280738076,0.48504397105721,592.5234925425758,5873.111860715524,0
5532,36,27048.600100576918,0.3088876185453706,679.8367019462104,7014.683429075047,1
5533,42,28495.114480498203,0.5708437323174178,633.3714284162244,10217.995896869976,0
5534,40,29158.32181026276,0.2616364612602456,585.2188557520017,10575.4516747273,0
5535,63,61087.17719264713,0.19495096541129622,749.3963170497943,25919.260869907393,1
5536,47,28874.29454275992,0.06556264571750466,653.6013952279426,5000.0,1
5537,61,35530.84909471172,0.32436500896865883,540.2961451679747,8338.148474846652,0
5538,36,71139.58944140113,0.4844464033122779,602.0448773402214,27148.972691021332,0
5539,54,27344.239231481963,0.46641096225873696,546.3799965002363,5000.0,0
5540,52,47979.55616888441,0.4053641470171329,606.1586072665782,31249.88580489313,0
5541,46,56967.002540535526,0.28691681060602536,674.6432296480517,5000.0,1
5542,45,37485.931729218086,0.5445052620431535,693.3442413734539,5000.0,1
5543,22,96476.90192591003,0.3696352824227325,709.1591722078002,15164.314899858226,1
5544,32,83510.41302217821,0.41637130128799943,606.3385122214199,11245.471196589326,1
5545,60,41421.21803723195,0.18144754802448804,625.072405293941,16580.263926810927,1
5546,29,24296.596815398898,0.07801280528664088,680.7830959070135,7703.2521200852825,1
5547,32,24877.54066209151,0.48660913394132693,710.3924797857009,5000.0,1
5548,46,40389.316884309264,0.7350016484373438,640.1858395206591,28876.876721056633,0
5549,29,21056.924196580436,0.4238684802992934,694.9457640480779,9476.83568407982,1
5550,30,41542.446111073485,0.48747598666871267,610.786147569538,14624.07359103266,0
5551,52,84461.21989151946,0.4842486198694186,499.5621628236965,37497.26122477461,0
5552,54,37468.03259948725,0.36845670395489905,713.4318040931829,14231.588817331985,1
5553,40,35973.078346484646,0.12440291602676387,689.4426974201549,12197.786457131593,1
5554,59,55636.59977942059,0.46761172843890075,643.1861468724993,22303.74219900125,0
5555,22,47212.68000827369,0.586808361095478,662.243005710346,13784.882105209084,1
5556,21,20452.176911432056,0.4392877808254859,730.9557129994752,8880.056158696543,1
5557,56,28922.725443758933,0.32669639884813406,649.4091205395255,9136.902653597783,1
5558,44,93617.92605023735,0.4244834802089452,447.5087263366705,22892.72329029707,0
5559,47,42732.823072074796,0.3522171412749316,507.87564594048973,26765.416021704747,0
5560,22,21955.728114922018,0.5593327874715601,743.7115131013475,6953.029701430874,1
5561,51,32993.87140145384,0.3955761039408563,691.5308704856143,8269.360443799553,1
5562,34,14893.890387309048,0.4723161686001953,729.5154826088616,5000.0,1
5563,22,14346.179987034893,0.5340731487306062,754.0491093198303,5000.0,1
5564,49,59345.73987031134,0.473080224337617,749.9915827627343,18319.428253479145,1
5565,35,36234.3979148905,0.3743554078519492,551.3498821241134,8247.594062533026,0
5566,32,47072.226818426614,0.13846378205775403,635.8757304112373,7151.161331047499,1
5567,57,64792.32641405859,0.43104091357416885,588.0432969880886,36201.87678379071,0
5568,48,43033.61910614175,0.50450880667644,661.4317977184764,21876.71851708176,0
5569,40,52394.19233623515,0.12445705887406089,555.1660960957589,5279.696454067006,1
5570,59,41301.51875774922,0.42795602165864916,653.0072633465882,9554.00902562222,0
5571,44,69092.3326167399,0.36660287844109124,529.4247231797972,5000.0,0
5572,41,88143.69590270535,0.05,625.7013855613882,17767.333920251385,1
5573,30,40126.22320225412,0.4151270630548792,752.0889123778508,6582.952916941107,1
5574,34,39293.641176311285,0.5724473511015461,602.2483932015977,10524.36040398706,0
5575,57,42620.04689107755,0.3694231742517937,601.5152715520437,5229.633875116981,1
5576,38,34449.071913156135,0.05346645219219394,658.8120650947415,5000.0,1
5577,44,29728.44945750958,0.41880941659056,662.7443215401829,5642.642555568853,1
5578,34,61338.81059655188,0.5295880976359201,671.9694714355244,33846.466559268236,0
5579,54,29748.53459650205,0.23714795714610942,594.3467679659013,5143.611056958372,1
5580,32,28902.911449384792,0.32896902219626906,607.9033830133473,19882.218209698847,0
5581,42,56907.65396195664,0.30951951055171434,654.7826508702303,7538.11777460059,1
5582,26,59133.613334420435,0.3784290857511029,718.8485594412962,18682.523477627426,1
5583,56,116626.96279180361,0.3048645037518685,598.8785908565593,42524.45495102752,0
5584,56,66824.95886682541,0.562764375139808,636.2028867968718,6123.304525616029,1
5585,42,54913.46164333395,0.5589532775281542,514.5233854553871,5000.0,0
5586,34,59022.38834404487,0.2696732210529207,619.4611349099406,30525.373797106153,0
5587,36,33727.14214216889,0.5626449131833582,664.1101814525047,17502.46974770233,0
5588,56,48103.37011734986,0.1130254886467169,710.9285116287849,27832.295693842985,1
5589,45,49257.69934452545,0.23867990412886853,594.967006537889,6713.7475050651265,1
5590,52,27693.80405222655,0.4538628265358253,662.0185904272446,10352.48542214323,1
5591,53,35437.56868000635,0.3736213845109586,669.013936063682,10906.666282275499,1
5592,56,58465.73897937047,0.3821888064451215,524.5577359166103,16387.935121150105,0
5593,40,35980.96617449831,0.41724215580534396,562.0060114348178,8033.636115925952,0
5594,38,49305.24654452237,0.28798979529907803,685.1701121617866,22438.20344215065,1
5595,58,56862.92018269688,0.5485481054491866,654.2359979221558,46959.36167600418,0
5596,23,55551.82787567673,0.46499271240037277,656.6472609608295,19739.883931120905,0
5597,43,86277.58853685371,0.34552701294231475,584.9302386393877,28959.567909512825,0
5598,52,27156.16167414166,0.5000068123118435,548.6371090880317,5000.0,0
5599,36,82558.243350586,0.42952244983006127,683.5137284931789,35882.19329720996,1
5600,25,46034.12015661934,0.3247696680213754,661.7080076400969,5000.0,1
5601,24,55106.55889356144,0.3183580036054538,514.1605733929551,12867.844435667977,0
5602,41,51455.665916435864,0.18882910698851663,643.0814206709192,19187.65172398244,1
5603,60,50170.21699082663,0.26940842196861436,774.6693568845805,17515.00395091486,1
5604,34,26405.153832634798,0.3334137974979666,691.9820515945077,7415.286471435142,1
5605,59,54102.8871097732,0.37381309349021385,587.3219770849786,5000.0,0
5606,51,17686.9841768862,0.2246174661435727,661.6788078994957,10599.544941708533,1
5607,34,103531.68998146617,0.36729563607472343,635.5948560803122,35815.066625889194,0
5608,26,43954.47749626333,0.2799200727689294,765.2451811758297,12983.532170325832,1
5609,32,64859.93212141425,0.25426881402892576,571.2131665836138,35786.84287692541,0
5610,36,51067.761115094516,0.43893272457909116,740.9661275958795,27668.662314954425,1
5611,37,36985.91725643172,0.3870793510810521,566.4444872491251,9508.710918108045,0
5612,43,27712.122104017042,0.3410666299610667,673.3690745075819,6878.44836976078,1
5613,34,25205.84983813767,0.43778239481939174,695.1576222096885,9946.96457293275,1
5614,27,53620.31343120799,0.16873687510817176,730.7692360514778,29325.77345998218,1
5615,52,52234.37371930891,0.18088174934139925,703.7839597150487,25970.97521227075,1
5616,35,48012.86342154283,0.300469275338406,543.2998220019691,5127.293715369439,0
5617,64,34238.87248924206,0.33449652279219555,650.0808758441742,5000.0,1
5618,37,44650.373777793946,0.4646450403445897,685.7849137781172,5682.3266257774785,1
5619,61,29394.806875287068,0.2558392034391882,726.042413220184,12042.297719646693,1
5620,64,25837.66684164747,0.2590192555858778,570.8622637716516,5766.08249422397,1
5621,54,31613.43973349055,0.513343402919417,584.2622358475251,12625.748576431686,0
5622,25,32316.55240707492,0.1875141108191427,547.552981988587,5000.0,1
5623,47,75516.11193566039,0.5023767300475983,649.9751244657474,10162.838995844808,1
5624,43,18351.8373410528,0.35130321937574555,668.9339029602422,7308.379606155415,1
5625,60,35720.66120175808,0.2332755897975233,674.817050186625,5000.0,1
5626,34,49820.06987533313,0.18558912363631025,631.3894742288194,32681.718722314316,1
5627,35,98004.36073093655,0.3219779275172332,642.0830284857739,51172.535545218,1
5628,63,26803.36952018006,0.44789416340492777,642.6288236882131,15466.211507652613,0
5629,53,20786.128545771353,0.3479420937132103,633.718181271354,9431.761234793448,1
5630,51,52130.17991434103,0.48759582421001135,521.5386482614036,5000.0,0
5631,55,39435.7878956764,0.4832876582106223,583.0386789832594,20696.183625767757,0
5632,37,32519.687639473035,0.4708049152431106,687.6368263573246,14486.125461841388,1
5633,48,45198.263498116634,0.4771835741678877,618.882324236923,10524.722998459081,0
5634,39,55877.78105814779,0.2699792382216485,614.9416109696216,11715.549051620541,1
5635,43,52497.45571423587,0.4671937093295544,738.6410846628231,23951.313638787822,1
5636,52,42229.036499011134,0.6696621921366905,725.2727306631506,5000.0,1
5637,60,70150.81729515703,0.49660204377213557,598.8707340735396,33940.390915242555,0
5638,33,40082.600549848925,0.2918434130372568,754.3781496699111,6860.448735334137,1
5639,40,37106.98265033694,0.26300148470644025,636.3061501653812,12351.556112793925,0
5640,55,51893.345906821865,0.36708811157976984,705.9949137232791,17643.09223659582,1
5641,25,19336.217843401344,0.4656106246628721,647.5801552025065,5000.0,0
5642,29,49408.494647610176,0.37679912490943607,605.2130092836908,5000.0,0
5643,49,31206.776137560035,0.18392105671920359,706.130344379698,10921.02709989164,1
5644,26,18676.238091386178,0.46370102552502057,586.8492094816755,5412.8853300800065,0
5645,45,44917.926142163196,0.49073166473901086,638.9920222272029,15991.063314345036,0
5646,51,28878.82037273442,0.2183336197697131,649.8002480379895,5000.0,1
5647,42,16199.859618933948,0.49412362603836996,623.021041951421,7697.707819199292,0
5648,22,23492.34789128649,0.3682185666326629,554.820663796837,12743.337595602507,0
5649,25,84526.94671987052,0.42310707219722493,685.4634042609185,20685.383873296647,1
5650,47,27492.053150922406,0.4256603362012698,714.4461590468719,5000.0,1
5651,45,42679.93543034078,0.3932084458379639,661.4940740078705,7974.24150559718,1
5652,28,21119.154759832974,0.29012990006445005,596.749791852991,7566.114055938992,0
5653,21,103825.23154318675,0.42499854360222816,801.7348580719288,40446.394874638434,1
5654,40,37596.58137009258,0.3569102706531316,633.8240480056152,25953.031960054435,0
5655,64,25795.95845091004,0.3994245768414761,632.6263223470946,11985.946777694586,0
5656,43,56531.15380432901,0.30907551808618566,445.2351153687612,14103.541691065057,0
5657,52,101224.86386508378,0.4092695689736955,563.1310808047298,41132.904591361796,0
5658,31,29610.085973876296,0.3499292441877602,731.2363138719747,10837.623535843457,1
5659,59,25539.399527390204,0.19966195360752084,850.0,7910.1867774031425,1
5660,44,114414.18397374972,0.43053752382818233,740.0081937267789,72377.12123765203,1
5661,31,34154.887662826935,0.5120520847588828,577.0604763601357,5963.836154336786,0
5662,49,32263.72451679566,0.4116012678713396,683.3263339758471,13554.321944772844,1
5663,46,12429.275852929313,0.3244191649371675,622.7784175786987,5175.99828408969,1
5664,36,35709.36034465026,0.41126378115753975,624.9178634669667,23691.052639028054,0
5665,55,18435.3829061566,0.2510196263398533,558.8697971240209,5000.0,0
5666,40,27445.38863608021,0.47041849789038864,686.3639694501873,14906.660854639733,1
5667,23,13264.534625749577,0.4841125485332863,561.2007815897417,5000.0,0
5668,21,67344.34727201746,0.3462330429000366,488.94847847541473,5000.0,0
5669,21,17443.016094850012,0.3703004614533999,621.3454524035266,5000.0,0
5670,37,13761.425158537386,0.19998974788165008,470.85093904120987,5000.0,0
5671,22,23060.844205574253,0.4392160368709327,593.4377994810329,12390.017545088023,0
5672,49,67755.99576491433,0.3181498851281684,691.9735373327089,42212.79909669604,1
5673,40,29071.20517066781,0.05,729.2241955684003,5000.0,1
5674,26,31081.57853238773,0.36965884440214253,694.6328459398331,8027.600647081004,1
5675,28,46130.260804201374,0.3362192405127158,633.8466715922648,24270.164069194743,1
5676,49,33663.54968287415,0.2012291968189066,611.9118254067822,21349.042025529783,0
5677,53,67439.0435678698,0.49874025578129,585.1407909483065,22262.416080734318,0
5678,23,32214.91800042843,0.2880132044795915,754.0478613788121,6837.790913100751,1
5679,55,32479.872785027626,0.2433314685331917,561.8887209947234,5000.0,0
5680,25,112656.27433532864,0.5184595650376228,658.6968860260122,6797.677276968245,1
5681,47,37331.12468373464,0.413472780946934,691.5460394174894,23360.43260394886,1
5682,64,40753.02385241681,0.20632742469369297,511.02552440464245,5000.0,0
5683,32,32688.77861007238,0.3511451208826819,480.9254377147207,12367.698229325617,0
5684,40,10784.68940222306,0.2353501446679151,691.3888151826645,5000.0,1
5685,40,56186.68985263519,0.164401771073019,548.1430055033082,12979.936696547138,0
5686,29,83305.2014601207,0.1534842175121585,671.6683539251368,5000.0,1
5687,59,68040.44987928716,0.45559393290456257,588.7072926971299,17392.039953756983,0
5688,24,27473.005897613228,0.23389379744512934,668.7328071107531,17210.306373371397,1
5689,39,33302.78773030887,0.20550592169633114,678.2226598383938,9913.85043236775,1
5690,58,43243.128188761635,0.31909121329062073,720.3478340310468,17869.70960859393,1
5691,47,42487.605304477445,0.7380692929000587,681.0134614544867,5000.0,1
5692,63,51046.12314883725,0.4230831798554909,665.7161364674598,14164.815591058243,1
5693,33,40196.317962845336,0.476143332857553,771.7654033906404,10569.05431553841,1
5694,33,30313.12522110809,0.2108906148619201,581.6022453661493,8355.272798277712,0
5695,42,38889.23687559335,0.4171970238944669,653.6660740598418,15017.481445904461,1
5696,48,59837.786648935995,0.3523042702406811,713.7304623427644,20874.679873887882,1
5697,42,156082.38129585664,0.2475008270724249,463.81384877142955,16093.513601474839,0
5698,63,28297.518216460263,0.3203578897445761,756.7445273168115,5000.0,1
5699,39,40664.15541954033,0.25662413309529597,638.3658275238431,12204.999870152635,1
5700,28,30283.53322532955,0.37277771269744225,680.0285612237802,21933.66441636062,0
5701,28,42352.20670857369,0.3205137178681492,615.4769074868649,6342.065916067408,1
5702,62,59149.67171767278,0.2569864788105092,680.815180528555,12250.191835901474,1
5703,46,32726.42492224832,0.31601631236652106,668.5790094054756,7654.058265474205,1
5704,46,13055.748740186205,0.48295908463926696,571.3040809661153,5000.0,0
5705,43,60735.695088178785,0.1794302073581802,619.2120200578607,29921.178646204648,1
5706,63,38762.53838830395,0.27047184612889913,685.1997852631514,14637.743893956069,1
5707,33,30606.998969097607,0.40138944426161116,752.9467718653276,5000.0,1
5708,48,27374.199842475697,0.26175973957834026,623.6820688340318,11656.453384982584,1
5709,29,42429.63798989019,0.5398996859563691,559.6208325484957,25606.241618106065,0
5710,40,25643.963062447438,0.5235120243918288,674.7224014862344,7917.022161237811,1
5711,39,27187.062073747635,0.531478929646936,628.9329318329751,6736.720467523369,0
5712,59,19451.71814595126,0.4484244785949628,706.1780485380724,12649.330026871383,1
5713,32,25817.773779485342,0.4965478397558496,597.7960014108328,5000.0,0
5714,35,49783.1513478341,0.3535822613573805,554.7414348112003,16263.32160717569,0
5715,51,18204.333889602633,0.26520534553069397,759.8538399375698,6738.348226399454,1
5716,34,64604.1333626664,0.27386858884448323,616.863528642596,23190.37202555883,1
5717,31,20141.21261167523,0.11732951737238818,586.6030329063507,8626.939304138874,1
5718,46,39142.64853506348,0.2975943260888624,602.123376567653,5000.0,1
5719,62,46280.426818949185,0.30650231122521476,748.7234885181258,11402.154974909965,1
5720,47,54847.99862015623,0.32443205405459813,810.5290603890198,12273.572467948643,1
5721,31,54854.854359610246,0.7283621216456257,594.7228534236099,5000.0,0
5722,58,34821.3704791446,0.241177858471513,636.3658116326877,5000.0,1
5723,54,33330.36693779165,0.3170998022498701,672.5270315955343,18437.073774947174,1
5724,63,48935.929768251575,0.6731872353229531,519.5812844654437,16267.222817257642,0
5725,39,41731.589028703616,0.2467863787376236,614.2436260520825,5000.0,1
5726,26,30549.06285844172,0.1955899940514387,782.3048403681905,5000.0,1
5727,58,43716.735853041486,0.3213772139371329,627.2289624277162,12805.947062003577,0
5728,62,33404.17176193501,0.24632646952000267,738.4640121359087,16104.090077589612,1
5729,48,26895.98493881053,0.5138520711666154,645.2570711640736,5000.0,0
5730,21,30056.365258366448,0.3725758275315834,501.04835859502856,12370.06551424017,0
5731,55,46314.455998158955,0.1859581810225235,719.4436315723361,27290.441032597075,1
5732,60,22832.86427040806,0.39789222467079394,625.6199639783646,9332.303032164238,0
5733,28,63143.66756995817,0.37908527055722097,750.224067232513,8773.160795201462,1
5734,27,27484.107480984698,0.14401809328959086,664.1478945131988,7637.964996558169,1
5735,31,11731.747564681382,0.41690854162638,650.4448155229104,5000.0,0
5736,59,47871.286578388674,0.42490544179070305,682.9733727365851,9814.475224042002,1
5737,24,9407.568525658318,0.14808244557244807,676.5939123719997,5000.0,1
5738,45,21895.58873985151,0.1682442210711095,528.6067065718335,5000.0,0
5739,32,121933.14862761949,0.29749078414550795,724.2603089981324,13677.653575224067,1
5740,46,61697.36853930179,0.25668924133901033,647.691905413599,24223.246825160644,1
5741,58,59200.654661202214,0.4394632621570023,651.8992384422763,28911.147134881536,1
5742,32,20755.99413659248,0.2850889207016903,679.2708544416222,10511.279029411602,1
5743,63,33080.019941648985,0.3236017714151578,713.2880735283258,5000.0,1
5744,57,67556.19006237212,0.1912256285606714,723.8566675501721,33888.91747589225,1
5745,44,50002.02517338144,0.4922767703329085,696.6093696404711,30932.50916752495,1
5746,36,64082.62033266111,0.23607230733172188,527.7774607953755,5779.739072674925,0
5747,33,88500.8615174262,0.19523197037142445,645.032911979653,10735.090730224245,1
5748,45,50516.48197969311,0.3577561772287635,584.4783735740765,5000.0,1
5749,24,19626.933477609648,0.5110462231065219,662.5463076482812,5000.0,1
5750,31,48981.156347395045,0.4179461982568309,636.0915838293532,28697.138623535717,0
5751,52,32281.015583049317,0.2653112910662386,792.5202444758633,5000.0,1
5752,27,19045.19435119575,0.2892344608566019,554.574250185433,8438.393313599285,0
5753,31,56799.27745628356,0.14758665382775457,650.7079833941131,5000.0,1
5754,48,66239.7769986256,0.6387191891399135,657.9197337666448,5000.0,0
5755,61,34649.90362442818,0.5827583716903927,617.3503647919937,5000.0,0
5756,43,42626.78438567906,0.39325923957355247,648.3878904172215,17747.489200307475,0
5757,43,12883.021038619334,0.3481813178859307,799.9096897689916,5000.0,1
5758,48,63696.60568395275,0.18108079524948953,675.3732990605341,18231.784929834255,1
5759,63,53994.13291190077,0.3281221677929071,755.8204478781698,7696.882652156688,1
5760,46,41155.463064394986,0.4836764239842405,617.1027108473977,7845.799553756321,0
5761,45,19414.49462912595,0.4593961468780392,704.0618703325754,5000.0,1
5762,49,15959.55166400425,0.2824100245017697,593.244091918888,6977.679183701033,0
5763,39,100036.23074529026,0.4701108540711719,588.9581951007476,36956.09454754954,0
5764,53,22031.196350930473,0.5235628638540791,525.2961560623621,5280.621652837848,0
5765,56,38835.57826876813,0.3551868922293927,575.3791437185254,9057.509637244822,0
5766,34,22373.977217090043,0.4972800108329977,653.9182752016061,7924.936500719285,1
5767,34,11562.769107046766,0.5975492370800497,758.2222325729043,5664.987843297498,1
5768,55,45433.43196059683,0.6372924158701991,641.8487988972171,7810.103964263,0
5769,50,49115.51734614282,0.2599372666842643,666.2512637130997,21366.303328931386,1
5770,48,15765.850021852448,0.4165065566476334,730.1964382121106,5000.0,1
5771,37,63205.247719372725,0.4555073927905175,627.345524125814,16042.031860767775,0
5772,23,27908.850391948676,0.3471631427697557,581.6718430240642,7278.991408419031,0
5773,36,21135.4033265847,0.5365453012103978,589.6508661036224,11053.526794414982,0
5774,50,20453.500794722073,0.3583792521504871,728.4890113128037,5000.0,1
5775,49,56140.51924871,0.32707516228895195,660.1171837179803,5000.0,1
5776,35,13878.983061702424,0.1528304510052822,660.1229089658804,5000.0,1
5777,45,19514.518115986513,0.09649181718834755,587.605287792926,13443.72634131349,0
5778,58,45062.23532829118,0.2974760121770389,744.0317992278774,5000.0,1
5779,62,42164.70479347323,0.05,779.3130915873517,5000.0,1
5780,58,21785.702202312328,0.5366749624708897,662.1244354580651,10060.407727578842,0
5781,43,69090.35069045892,0.48329942296555595,714.2718955464363,30259.856177404527,1
5782,45,20815.782551503213,0.45347484065276894,604.8593400662076,5000.0,0
5783,62,32719.49362771032,0.5169299416492426,739.2085822082336,13271.503655070515,1
5784,27,30623.88555923665,0.30867720174503077,690.2902553736328,6491.207054566373,1
5785,42,30683.109013430432,0.3831893411521262,563.8743329597096,5000.0,0
5786,37,32936.430891933895,0.29432212210124414,681.6467114811818,21080.07136400807,1
5787,38,32448.216124320723,0.5163692425844392,681.2935570780409,5386.526435622426,1
5788,61,32249.019417587075,0.05,662.7157240104308,5000.0,1
5789,30,33157.90475122533,0.5163266165772752,685.5949249270587,5000.0,1
5790,30,62484.79725125389,0.07685472413454028,646.7228569745683,35121.268034506786,1
5791,27,32331.368338722445,0.3190885988504484,637.1654517119713,10812.482957213715,1
5792,58,51327.04134028919,0.19256268526514198,667.481835530924,24017.200609259467,1
5793,47,39118.911353597636,0.3295814254728874,625.519828615845,26285.496992324897,0
5794,53,43613.20471031412,0.2670809542845402,604.6526396107577,8645.373017258446,0
5795,21,53581.31136552864,0.2922864920360842,727.7266812133556,38795.2580362343,1
5796,64,20534.547793685586,0.43209690108000814,609.858483082202,5661.527447084237,0
5797,54,49697.00573477201,0.38371488907105206,638.7420960053967,15645.48950695488,1
5798,24,32660.541960191335,0.4998763519954642,616.4194547833232,18927.05902049575,0
5799,37,22460.129642761076,0.4127531695233977,589.0749412171912,6922.822994573707,0
5800,24,53524.24537257761,0.1116293592548388,757.9262188879076,25012.64840199986,1
5801,63,29357.46126226684,0.7027315502076042,549.1303071815599,5982.642766595494,0
5802,46,43859.533356669344,0.0521409878036528,677.8093711722416,16663.1433345541,1
5803,24,9356.024087094083,0.3971827220890077,640.8443499426932,5428.440282524554,0
5804,21,52210.628597767914,0.46038287014193907,683.5101544091993,21930.464455672613,1
5805,27,132593.86502412017,0.3939036954443251,638.070548798731,28852.736577363023,1
5806,50,36176.59325340673,0.31999009328906114,684.4727860238714,11431.153577528781,1
5807,29,31831.845714557374,0.5729842890225416,669.8148354646548,6964.814935623097,1
5808,55,28835.267674547176,0.5184830763457787,691.2038840944812,8201.575161349945,1
5809,28,47944.43934394382,0.3468121133078026,772.0526738325336,28834.936410934923,1
5810,44,31192.940045157953,0.2826408124965382,519.3194796412862,10187.1246325298,0
5811,39,50200.44685814177,0.22739315264171794,655.688356788505,23683.55313120661,1
5812,56,85924.47858460351,0.23936360711599297,580.4365918906838,34390.71395410492,0
5813,63,55299.51849192964,0.3410137626705727,599.2774502474874,30967.501897690778,0
5814,47,33278.501126701674,0.10163268538312979,583.3519051181728,5000.0,1
5815,52,20790.724917160787,0.3489966603723576,629.5497755940878,7099.822495462192,0
5816,34,29610.6856637877,0.47048481539370174,728.5516838263413,19878.556673664116,1
5817,38,33511.92810118691,0.2655494917430461,623.5461369942253,5654.359735467174,1
5818,48,18782.865426967186,0.3465779820233368,674.2134839844132,13856.262044505032,1
5819,49,62534.12013457094,0.3961108750218901,712.7742276282231,8180.8713360399415,1
5820,36,48268.91954077706,0.42266572867964636,590.3862265285156,11838.284977115514,0
5821,55,21497.76709899914,0.3199821136713406,594.1653905492772,9922.480924493982,0
5822,51,14919.02176612604,0.61410018640478,650.0222784039711,5000.0,0
5823,24,51996.20194192515,0.3505141435174618,523.8748029452787,5000.0,0
5824,57,15967.785178015685,0.15058998017626543,790.6458527697332,6097.1315507234585,1
5825,37,37871.95897605972,0.2921717267281504,650.3952054126256,12387.873542398806,1
5826,59,29591.43574805247,0.5447214237022125,689.170985644566,5673.254372019758,1
5827,46,54175.753446894494,0.5329590200970854,636.3215197519099,13522.73423880488,0
5828,59,54490.55211055,0.09203433230592968,694.5257922953749,5000.0,1
5829,61,24085.423199242345,0.30535238684363813,637.7989091214226,5000.0,1
5830,24,56612.39458487786,0.2708668358034295,689.0818997367459,25242.444667537064,1
5831,50,31422.109217742225,0.4668650184988638,740.7710130668092,10512.150364651377,1
5832,50,36661.48284227584,0.1792891370993589,495.85032306263645,18415.29976166564,0
5833,42,37039.11658310975,0.5839979132620171,696.6400472041767,24881.25040933895,0
5834,31,111757.1486556692,0.12951763433765032,612.9440960888504,15102.928828738286,1
5835,22,34210.96401749215,0.32897581016768995,572.6703815872258,5000.0,0
5836,64,15741.385350548911,0.1692853129477159,548.9524177447273,7715.453904313169,0
5837,32,25403.52567380616,0.4485257725936727,656.8338316114314,6831.967612665948,0
5838,50,52523.830753074646,0.05,669.738819568384,13844.122611584613,1
5839,56,31507.031430445997,0.3242895922555806,606.1980940873046,26493.90262522424,0
5840,38,36588.09050564328,0.32133690133719406,561.9171491034913,20112.936327096206,0
5841,46,29261.3872631764,0.21559959471867074,658.0271959579475,9709.838187957037,1
5842,27,8881.233328974513,0.5327929017247237,654.8584993891617,5000.0,0
5843,21,24612.175675414706,0.6055550957575684,692.091648483773,8433.031688150113,1
5844,46,34938.82295312368,0.28956973332979113,698.1176656047904,5000.0,1
5845,43,14991.859167961908,0.3694024207504232,731.520476428086,5556.913946766968,1
5846,46,20142.326084864133,0.25740751890852887,697.1797737162202,5482.189845986306,1
5847,26,30638.070913151587,0.1605439814465102,535.7473540753359,5180.001287881075,0
5848,26,30771.444450595238,0.18234819963342971,649.3501542996557,6887.763042562807,1
5849,64,44232.31632427439,0.18631162082886454,720.0006370054134,5000.0,1
5850,28,31620.832981004296,0.5373644974811015,709.364139645934,5000.0,1
5851,44,43426.1419044925,0.414507070795254,820.081601114958,7008.182740894852,1
5852,42,25590.57893712699,0.20703343625644957,712.2409882059678,5000.0,1
5853,39,40367.647955739216,0.22043494340658554,555.7285087961258,27625.774436737385,0
5854,57,75777.56670095431,0.20044205654304817,539.3865881535241,44011.819929340425,0
5855,38,41960.473646029466,0.06822080095893576,653.916610041301,8771.909545007395,1
5856,51,32289.32907118974,0.4278723747410617,660.5631616454114,13108.119651390894,0
5857,57,22666.241521431017,0.3309122327673897,611.6124377799556,6771.7132541089595,0
5858,50,37929.623367512344,0.6064646707184193,703.7689863207488,7346.05090340494,1
5859,62,32565.30394860887,0.05,474.00198395682804,5000.0,0
5860,53,48098.16597869726,0.4772317159508348,617.5231003167813,11364.76986050919,0
5861,30,14603.881965188966,0.4905427614047225,490.19590444015927,5000.0,0
5862,57,33055.60703986917,0.5102551197937566,597.3597452597959,8889.064764807075,0
5863,32,44785.53285715069,0.3868467755310112,625.6941360490978,31837.04982423773,0
5864,50,38742.451527063,0.48841094893320336,723.5870941076878,10901.024690673112,1
5865,47,30752.919062272413,0.3958643016169927,564.4739658508951,5000.0,0
5866,59,30540.943987587332,0.23771984224959605,640.4339490777273,7929.945406821359,1
5867,29,20964.306644531676,0.28981815880810524,613.3225823460072,11172.998342215127,0
5868,41,43889.74369027429,0.2858134542191556,641.4689247129667,31063.9514113652,1
5869,32,44911.20744919898,0.5245705584459279,622.8339324017123,5000.0,0
5870,49,17915.963411530596,0.541913266939527,632.2605496651955,5530.152011050961,0
5871,53,53226.87706854711,0.4721819035898063,604.380479183995,19797.953879277466,0
5872,63,26178.549465798704,0.35919560204222295,675.8846223839159,13120.428642517887,1
5873,35,30091.659195576038,0.05,727.1657923115077,7980.380747994747,1
5874,22,91761.51139547475,0.47354065722733385,652.9305835015136,27678.52054657812,1
5875,59,80899.25827962435,0.46724820019409335,790.581862160409,17492.154293254327,1
5876,64,17618.438491849505,0.392728937510224,655.4981739551329,5000.0,1
5877,38,19158.49562659666,0.4219014188805985,706.4238315705599,9367.611446737688,1
5878,23,21471.995140459087,0.2282445067393453,596.8177417632215,5000.0,1
5879,27,80266.87233873314,0.29849559169477546,641.9430391954327,5000.0,1
5880,63,26806.389846919174,0.2269064745065654,628.2720478964719,5533.818281559068,1
5881,38,17377.291143348662,0.32669839304492304,564.414196835918,5000.0,0
5882,64,67253.42829200985,0.4815569546730767,596.209528369243,14739.80397575305,0
5883,58,48872.50941007929,0.41580938660680716,675.014894740463,10169.457561240833,1
5884,57,111912.1149458999,0.1933452880147674,739.8737222381204,31524.932568682485,1
5885,53,48823.43501070958,0.6248077555823786,689.3056953743903,9982.248182911102,1
5886,64,35741.171019086105,0.37595944236358075,673.5355716713184,11120.077819755343,1
5887,51,41206.467636052505,0.24889212270263195,589.9525806270735,27815.564166896373,0
5888,31,28955.130028581818,0.30483834123274794,683.9860406962194,5000.0,1
5889,24,69755.24773430699,0.26677104655096356,605.723651985954,42256.98631373415,0
5890,38,71620.58900857302,0.38392420252454185,567.937015007428,5000.0,0
5891,24,16457.550206928845,0.1515821985170364,587.0578932097364,6423.031681062732,0
5892,54,58178.0586635105,0.3941515591683031,641.596183675984,32235.385459360434,0
5893,49,21257.512284067136,0.4760115705171442,612.2027268105198,5558.5936166182855,0
5894,44,121402.65991826414,0.4489512271537498,670.1307333881932,41339.45174683586,1
5895,42,77537.85463376655,0.3897294074057184,623.5551475252531,34659.531580257484,0
5896,22,20557.609968749442,0.43634660464458397,669.4494061438904,10470.467909202644,1
5897,64,40925.12162935061,0.40885142251264817,628.2252378198109,5000.0,1
5898,26,59667.52558713846,0.5069982908166433,646.6078395940269,22899.891613454987,0
5899,62,26586.36298093399,0.3140726126258054,581.3350193932096,7650.577359064431,0
5900,45,18339.794121265975,0.21296915815770093,750.4659815972058,7320.132198641537,1
5901,41,38211.55226159215,0.4048516349164404,535.8587696525143,15207.765219956924,0
5902,36,33534.09484114748,0.5125696364366444,824.2618996781123,9651.463700341412,1
5903,51,22991.036647971254,0.29141428924429114,683.1677442874274,6947.872159914984,1
5904,34,67376.1249965579,0.5896388863395832,540.6116630878106,27508.94612421722,0
5905,59,19063.3463062242,0.4072393974890416,656.9275387331272,5000.0,1
5906,48,34408.79573858596,0.4892523385266741,665.566202148807,15540.327719251434,0
5907,52,39771.7899125281,0.1757451760556881,754.4836363815267,6057.880236467845,1
5908,48,42382.30417572672,0.4686350714805202,555.579105589289,29528.104068473775,0
5909,29,63916.74175412855,0.42019427864906306,555.6625769433791,25429.270409502133,0
5910,42,32208.376646422388,0.6667925478571082,674.137355297461,11299.208195951069,0
5911,52,9880.203826229694,0.4273957218739402,663.5307847814441,5000.0,0
5912,25,29929.843996819716,0.4480767744117872,752.7071539343333,8271.154871199917,1
5913,43,52199.67946464434,0.22698882080050775,580.1287172565071,20146.855265385686,0
5914,25,33790.15287580807,0.3976058764556598,574.3867943929872,18522.10669330286,0
5915,62,33915.43427422095,0.5218665885897721,780.9121841218898,5000.0,1
5916,52,47245.21513396426,0.29800439542975304,646.8103123985286,5000.0,1
5917,30,50464.31240352834,0.24321921350032724,597.8180141486391,10482.930799442833,1
5918,59,14865.622241956204,0.6513187080585843,699.4017299612433,5000.0,1
5919,35,35977.820651557326,0.3083551922887193,506.4419593038237,7608.156776742519,0
5920,27,32938.34927590763,0.4857537409680731,676.4800291063482,13029.240550610217,1
5921,49,37705.44105282522,0.2783223371232827,605.763891448678,13069.938042428497,0
5922,23,13563.286669794075,0.28431389412706615,614.852069103312,5000.0,0
5923,39,70371.42933088876,0.3315785237943939,740.6758222433706,40276.69287574982,1
5924,30,36437.797803941656,0.43595661589845197,680.042635870356,27696.998196561377,1
5925,48,44913.61108618075,0.5252198709517601,571.0574035746932,18392.456959263174,0
5926,49,87815.39509357765,0.2658792818257183,653.6026527308969,34147.04779899828,1
5927,35,45131.07888522422,0.5180945391126961,658.1900562191926,14223.630277432949,1
5928,55,16815.335031163497,0.37075143819990825,631.6509113265538,5000.0,1
5929,26,34779.31750540078,0.32360066838076296,582.781042277142,17322.663924081175,0
5930,32,50891.136227329254,0.43392153281524004,665.8756723983745,12878.100076517892,1
5931,58,37358.44826914066,0.5643676570770374,699.0561771452357,10775.99016747542,1
5932,33,85255.74093097894,0.42733220040511116,681.7609060181675,27910.387665560138,1
5933,49,23671.307049201983,0.24101715269517934,600.1017134916451,5000.0,1
5934,39,67681.03325907202,0.3719281010251414,638.9566142759234,38128.75857708932,0
5935,23,55245.03463490524,0.4343266289037513,495.43195784337104,25859.443836978116,0
5936,28,37963.60979574507,0.26100824732691197,761.8841854976973,5161.910041674949,1
5937,28,42858.72951997206,0.39213632396540893,607.8861790762248,5000.0,1
5938,40,22273.562832952244,0.24225126690742782,613.5876137027732,5000.0,1
5939,24,31143.83939626443,0.44513204466317474,557.9844969376546,5000.0,0
5940,41,48463.138296031444,0.5696846540746947,710.2638038109004,5000.0,1
5941,23,33706.346713714694,0.33786109824735755,721.9653000887861,12230.742762264796,1
5942,28,37425.94107661313,0.4618103404404824,610.1203859918483,13498.971509393625,0
5943,43,59648.342993919054,0.5037475830197322,570.3519695100844,5000.0,0
5944,36,13993.918314898507,0.28564794324632736,651.432371295911,9915.243898696901,0
5945,33,43682.043686403595,0.4134975599460732,626.9455439945845,5000.0,1
5946,23,88280.03503357539,0.5207729219814288,702.1019550865125,5000.0,1
5947,29,30078.523024229093,0.5955244401716164,640.8098038753699,12881.48335193775,0
5948,34,19493.970436796215,0.30825612122633556,635.8234889081657,5798.962005165775,1
5949,33,29895.203352606186,0.1809383093680775,696.9310808930292,6653.025331985282,1
5950,27,17008.3327177523,0.4375451216395081,539.680565164914,5567.979106389792,0
5951,35,40653.59448857977,0.38432376464417706,628.2111795826464,11807.350283979169,0
5952,27,35001.73756740908,0.35455212870740355,663.4521807984112,15390.77094460731,1
5953,58,42589.62363954947,0.2720984939621412,620.054652924197,11063.247633884992,1
5954,54,34009.05852527115,0.48262257378235185,669.6508313522298,6838.909844012747,1
5955,61,40052.54751835285,0.26170369815472155,665.5122681936427,13745.8170297784,1
5956,42,45489.73442158995,0.2487042178512366,711.5370003853299,20864.934367711914,1
5957,44,19953.827147923283,0.3301563195276138,630.7952951117619,5597.10971764354,1
5958,57,43176.10556798765,0.48933233022159267,507.7099939160322,12530.3768540178,0
5959,64,74914.55947266558,0.14654009656230016,541.6683353460479,41865.030971120366,0
5960,21,22452.08722601756,0.19777435607164276,682.4497816942685,6942.835485244398,1
5961,30,42368.61866515005,0.22706290903790796,662.6998458896076,5000.0,1
5962,63,69379.68801932491,0.6474862721332847,634.1892005089342,21909.343138060067,0
5963,36,20383.425156383335,0.39237970206417433,639.2694993401935,6145.877292826352,1
5964,28,54118.28090476175,0.1935812434356084,604.6374194550149,19016.434189822336,0
5965,45,32499.75824010234,0.3303574015436522,604.8798092826027,11247.63780826096,0
5966,32,60214.53080933356,0.46597575274674796,611.7067490657316,18253.492605109488,0
5967,45,24047.141188189322,0.6499926221568109,630.4530967190808,8788.914045712625,0
5968,37,36151.452128463694,0.11924484720522961,658.5417223074023,5000.0,1
5969,46,16996.376893898763,0.1888008410941375,644.6375686370122,12785.727957335044,0
5970,34,45190.60343423572,0.2992514797844289,627.0747496788049,14208.28747985451,1
5971,61,45450.0120218637,0.3045391650926252,698.699428902026,5000.0,1
5972,56,47591.10772173841,0.30213147093645665,710.8352154811032,5000.0,1
5973,43,46434.58491563598,0.3331625526185752,743.7099870083911,18231.808309121825,1
5974,63,34698.86736918713,0.6543070750275335,636.804476451869,7657.04768761222,0
5975,26,17347.178861456923,0.16014098023850368,613.5648629585123,6240.595631333962,1
5976,25,59637.44301681094,0.3739734488163184,645.5448638963137,43163.717949569786,0
5977,63,35624.285817096265,0.4341463275816743,611.5998489152319,10872.775365564416,0
5978,45,44211.57911126563,0.1322524922399032,648.8897154808195,22879.99591529472,1
5979,38,33103.42883374381,0.5651308528481511,678.4913548347243,5000.0,1
5980,33,96701.11254364648,0.32647685355770906,657.4548383166416,34072.98147732527,1
5981,63,27341.902065248756,0.18744529294445123,638.6956812074123,5000.0,1
5982,34,26821.113325584196,0.5820151846440846,694.7058234416894,5000.0,1
5983,48,16633.5674770348,0.4521918351988156,767.3518380019498,5619.147865076423,1
5984,38,38424.73991984082,0.26860151462290893,600.4628454576352,22923.859167090814,0
5985,48,91968.69554103863,0.4587506125612714,673.4013886252023,45375.49585799945,1
5986,47,38658.37956147956,0.4081563809541475,636.6552880341989,32628.11864060308,0
5987,52,40682.67853978022,0.11952931946818525,590.9260651943792,11782.975682930812,1
5988,29,59077.59646308822,0.1341875145454596,599.6282257070854,21733.40639935827,0
5989,60,39381.37538806218,0.40051157403994647,621.5488821818684,17052.762320548063,0
5990,52,66147.6604475332,0.08428105607901822,760.1276456079358,21357.96574299811,1
5991,40,71244.3805141404,0.5008154272261709,716.7204077304245,34017.11524570179,1
5992,48,26997.620270605097,0.1428697682462517,587.4718632586295,5184.022174940715,1
5993,53,17761.436795183894,0.48809811630617245,688.1204796059909,5000.0,1
5994,24,51266.60492126304,0.5635297292982726,582.0441735809517,10117.67495916118,0
5995,54,42672.744777600215,0.4234487657884353,606.1582593811935,5000.0,1
5996,23,21527.14323285662,0.05,741.9094204681792,5000.0,1
5997,46,25873.666748266674,0.5180484590295836,788.8397611603073,6961.186592554588,1
5998,28,25833.526239390354,0.28451690029676446,517.4504712084212,5000.0,0
5999,26,39094.190320859445,0.3413613512151738,652.1535113975203,8589.693084347471,1
6000,36,59795.908841220335,0.23850585039509434,678.5342194095552,5000.0,1
6001,44,61493.48846371474,0.6023178118070243,630.7816625078624,38141.036122670965,0
6002,59,53928.34827321393,0.37661313823569514,659.8428401608335,11863.11030065951,1
6003,50,31380.949154000427,0.28908200022510305,621.6073886058915,5000.0,1
6004,33,110200.44816596773,0.5509137603949341,693.9180275451288,33738.6981095832,1
6005,25,36923.74920571701,0.4819275272351856,626.0781204273613,13038.682546600703,0
6006,45,29899.448952944756,0.18013673757120077,689.1507485697315,5374.1332480699,1
6007,40,18342.329406254292,0.40010378448376355,718.978481490412,11420.083341197316,1
6008,38,30522.827840294787,0.3830445578293091,709.1417311634519,12754.436057831756,1
6009,38,45224.15854532882,0.1291880159735654,637.1205499766335,11338.87679077445,1
6010,22,16430.265566505986,0.474065032785631,492.0173211144835,6660.56058790088,0
6011,30,22537.691630122434,0.3456441266213017,684.290905569874,13744.596636440776,1
6012,32,28748.16985053162,0.6726707385852627,548.8031428102419,5000.0,0
6013,33,24644.402384760084,0.5614650712061855,682.3639585366275,5000.0,1
6014,31,23648.71362126885,0.3833159425706255,676.7885368579879,7213.811689433803,1
6015,39,63723.39583066371,0.33689027820067613,635.4899813753735,5000.0,1
6016,55,15909.317782522829,0.05,654.6775433302689,5681.756918427015,1
6017,59,39643.6054211508,0.4763508509516631,751.8356504860367,24952.036161183038,1
6018,46,47076.973724552954,0.3397425659428976,740.6799454553907,12933.224802042072,1
6019,34,28508.445453673226,0.279885855784653,625.4018080027597,5000.0,1
6020,64,32419.827199877076,0.35322656733343744,517.7250846871444,14926.404772302361,0
6021,44,35586.67397158651,0.5829305945837651,759.9661713302514,22374.624564348516,1
6022,61,49868.91457256111,0.5546970250990216,539.5397367810391,5000.0,0
6023,21,78068.78557960417,0.5542833879603046,656.3843495934003,31727.098547926642,0
6024,63,19105.8884192603,0.19426506230603424,644.8620000810828,8205.329491411796,1
6025,42,22968.29803444821,0.5869464300118439,680.4746070119088,9084.536478432165,1
6026,43,23553.874674439077,0.276483526185547,740.9514773077622,8172.384262173994,1
6027,39,36088.037125966475,0.4619351443322876,654.2423097015085,11689.137053794253,0
6028,38,29735.881216619542,0.44412469650787195,614.6690482784657,7366.942330394952,0
6029,32,50676.22961960671,0.32885922476241614,669.9250177405938,30206.70228240505,1
6030,48,26153.913485568428,0.3821320873952493,554.5885251338942,8317.677861812721,0
6031,48,23292.224399777904,0.10351958434117046,602.1168550219435,18213.69963949654,0
6032,53,24795.841934598586,0.3588474082336063,635.1892739246842,12133.756737375166,0
6033,39,38478.09540938609,0.31468567225418004,688.0155665914784,12396.340671777538,1
6034,48,58803.78824482895,0.6794632549173287,747.0464077767356,6847.250361427869,1
6035,57,35517.55650679817,0.35433558732035264,725.6894531152501,14653.943729794397,1
6036,46,27471.907404833782,0.24280755308883772,714.4444828954147,5000.0,1
6037,55,21687.285948308534,0.3672780466410131,726.4471409147249,5000.0,1
6038,54,75419.18085198638,0.2492212989841486,691.2393346134012,17149.77355420181,1
6039,55,15055.784321845238,0.13716580791874744,655.4263831105056,5000.0,1
6040,60,33089.23922902719,0.4118048730124483,579.9933720139295,21574.013101708013,0
6041,36,52567.978425581845,0.3511537565180871,652.2264289809447,5000.0,1
6042,58,32861.93940270862,0.49897636037276283,535.0259835038537,11647.138203086366,0
6043,33,27360.045655978407,0.5684017681397869,613.4556305458033,5000.0,0
6044,43,47468.84630347493,0.6333996921355363,654.5409447296386,5000.0,1
6045,42,21017.46574661869,0.3844585267226321,654.1770093478247,5351.725790519903,1
6046,36,15208.424484278057,0.4537309720737423,605.9523656977216,5000.0,0
6047,48,43329.204152488266,0.39223386475130634,529.3354806244697,26162.30916205531,0
6048,55,22079.584908777906,0.05,610.7368873742527,8463.10385354233,1
6049,28,38787.73566129685,0.5353993092480047,632.1420356870287,13303.888932038855,0
6050,64,34144.85013660267,0.4318723981136642,663.2458820837841,15445.450183395777,0
6051,42,41378.7481011441,0.4338875579035032,698.4520670624116,10091.085061586378,1
6052,41,32417.705901016303,0.2731136580353266,628.4532492278805,5765.416739306973,1
6053,46,47846.790875978164,0.25355510347503357,623.0650004836643,8051.145600550052,1
6054,60,25545.740300248955,0.3398015408491758,605.2132533369758,5000.0,0
6055,41,53670.52226825272,0.43368876258119654,645.0778834051714,19282.595658919872,1
6056,45,19755.521060293067,0.05715440121061279,715.4056168384689,5000.0,1
6057,61,65271.57952908982,0.3803284461999827,576.6980438250763,16571.140135645997,0
6058,21,101298.11637090248,0.603273916304683,512.657338683691,57234.77114001515,0
6059,26,38332.58916938324,0.33029962606039104,664.6442617949748,13845.772189397912,1
6060,43,79585.46933512323,0.05306588488651272,732.3008147831636,22296.300248046336,1
6061,43,90599.52337717058,0.32169595441204046,671.4297398863188,17689.95319953494,1
6062,63,30931.57589135215,0.3942256821220652,580.600078487572,5000.0,0
6063,63,37195.10510934412,0.4064131722246576,642.6324623126785,20525.78682144488,0
6064,43,24171.783155122623,0.37321073245732017,653.8879027688727,7743.117286017707,0
6065,52,24964.149687534857,0.6404295795262737,700.102135997512,5000.0,1
6066,50,40799.90456001438,0.3711321748673296,589.2493511623462,9763.164521787803,1
6067,33,16027.89587428521,0.3787892177710342,760.1502212088341,5000.0,1
6068,63,55126.821033601605,0.2646327459127714,621.0962787659469,17775.946367757635,1
6069,38,39483.667469764136,0.4916489620805008,603.8466231005057,12689.959539669426,0
6070,43,51055.365918288786,0.6045617173235158,670.1727325156139,21564.025755056206,0
6071,35,33156.179688498654,0.2557815278174164,552.4343965208514,5000.0,0
6072,53,50831.09129385574,0.33370369270496597,794.0112275830796,16608.157145830635,1
6073,41,41102.43453285731,0.05,682.6167849639044,16954.429051024013,1
6074,59,46798.78365400201,0.224508864453382,630.5199908468361,12532.21055556313,1
6075,43,57002.82509143691,0.6453985623379741,581.0235001305374,32464.432054096116,0
6076,47,19293.53902025427,0.3054161186374326,636.7797148587752,8294.688000752647,1
6077,64,25551.79049890736,0.38404775238953165,718.0410182928812,13218.805761614842,1
6078,38,115544.47455255174,0.24070617230038766,623.2231285024034,9908.932690147969,1
6079,44,40281.04471904564,0.417172791455011,597.149664746773,5000.0,0
6080,60,15391.971401276483,0.3238199613390255,699.3012590550957,5492.47845045726,1
6081,62,15434.781403301726,0.41163968666433914,576.5401506576857,5000.0,0
6082,27,34979.041589875655,0.3656949953797426,666.380214481586,6324.511525609809,1
6083,40,27958.64033794068,0.5665015773006076,678.835171307563,8227.52443274649,1
6084,47,24265.57790533193,0.3752753685577082,676.8765861190643,10911.311866184615,1
6085,26,89016.1031976003,0.22485387140354696,680.1988185456738,28343.730600857285,1
6086,47,30195.358214366126,0.25456769024726683,583.4617830740032,17835.86573504789,0
6087,29,54747.46778468554,0.06971206369583034,636.8572231368303,8804.570025292582,1
6088,51,41153.423524037746,0.3688105040838567,632.3895643186897,5000.0,1
6089,41,31337.017411917634,0.3404651622899066,659.625831990968,23595.639651022768,0
6090,46,20519.63984756705,0.5769975349484308,524.0538131402789,5530.657919990347,0
6091,60,53349.280861594176,0.1740745553567914,552.0616572615485,17395.226782316768,0
6092,33,11246.573082872994,0.24535749692672032,801.230313509452,5000.0,1
6093,43,56125.11856096247,0.246929529747014,700.7839721962062,6930.677424947223,1
6094,40,39169.07333690775,0.3119627429447629,635.1018688672755,10520.80833915285,1
6095,57,49478.24619790342,0.16085702904696847,655.3189455255109,25232.5346073584,1
6096,48,36456.73552362466,0.30822226433563704,791.2610536450607,9320.3521480482,1
6097,37,19591.046609316443,0.35280579692008474,518.8171952504633,5000.0,0
6098,48,44390.17155181209,0.3573171857446643,657.9813647570124,5000.0,1
6099,61,55517.29971647226,0.5410054167898493,626.0927960613577,37598.31499373191,0
6100,22,28578.94659959017,0.345542707689268,736.9826601715615,5000.0,1
6101,45,50447.881052467725,0.34196659339173074,690.1673271231427,7779.5264131581,1
6102,61,42119.909459785624,0.5217708190431313,801.4893972534085,16340.403617431391,1
6103,26,45491.286227069686,0.34966247923774446,706.9991125410896,17870.253965342607,1
6104,31,23629.061451248606,0.16762843276239778,619.0347796726409,9389.074913309274,1
6105,58,68946.1709510467,0.1883747641668173,633.5233552105946,33008.48671734371,0
6106,26,42108.94584852508,0.18980443583023354,697.9391135822453,10784.648305177092,1
6107,31,55042.168980268354,0.1671901377431419,751.6977298080324,5270.457666158822,1
6108,34,29909.308846404296,0.6497417530998814,600.4089519022225,7661.420890611492,0
6109,22,59346.320957259944,0.1891731268833161,667.9193759713738,31975.587954598068,1
6110,60,29408.200916167658,0.34374975289752413,512.8427928240819,5000.0,0
6111,23,23251.429137464787,0.35824503411865616,629.4839344010594,5000.0,1
6112,55,88072.99266766653,0.3234756653850577,770.7919550322868,26756.55709347621,1
6113,53,11088.537979520705,0.23303796534048826,756.3165053935987,5000.0,1
6114,44,161934.0887494689,0.4182803275453875,702.4520279603764,31597.907170972194,1
6115,39,51579.010713159114,0.12140902409340042,774.5395896477656,19668.49201733394,1
6116,38,31026.456370499804,0.19012951241509585,631.6876276210306,10133.745001337256,1
6117,44,42746.30010725077,0.5182758758171946,645.4219596578334,20927.84684836777,0
6118,55,51594.26121983511,0.18538256353603735,630.4232889530764,21194.219155359213,1
6119,21,30753.98661565255,0.5446316956947298,695.8191538467223,15596.175293375527,1
6120,56,100470.70255216744,0.5574403890960017,850.0,17140.95052912997,1
6121,45,75946.33436559123,0.5604139009248869,675.6674992815656,62363.25701024928,0
6122,63,141976.01265241703,0.4765824687438578,570.1277188192713,5000.0,0
6123,54,19717.845287593016,0.14309959418066523,572.7851279019727,9084.901896370127,1
6124,45,40443.14920059803,0.11926838144994287,589.0222896142833,5000.0,1
6125,36,18151.23366821248,0.18204980831464992,593.1821281822697,5000.0,0
6126,54,21041.749843279864,0.20714341344361906,586.9519939444097,13342.068761808407,0
6127,49,30849.2052226914,0.15498406964454656,665.3297288839567,6962.220194072234,1
6128,39,31129.48593077088,0.2474169780510688,550.1395058221324,5000.0,1
6129,43,43693.37859801288,0.4654345054181134,684.2966604935857,9580.682773376295,1
6130,39,34360.775354403326,0.44764147537725113,719.1569089213839,5625.648432075517,1
6131,45,54175.67474572928,0.39435498175764083,606.5271345338009,14505.688020868554,0
6132,36,42593.311840247945,0.31778177710039124,674.1312395125739,9982.594421065267,1
6133,29,82765.49897120407,0.33975762532166615,696.5904290913155,5000.0,1
6134,21,54962.24533593147,0.3951609792284007,711.4839890202132,17186.588284823116,1
6135,62,20141.138822956367,0.2790132857557817,657.7140342135356,5989.958392738721,1
6136,39,33767.56490884351,0.4966005985613096,583.657283279939,21093.3486800247,0
6137,53,34926.26937699647,0.15279947320262896,657.5438215366926,20576.60912535119,1
6138,54,45249.74763047542,0.233473666954866,639.0419020158871,13628.536945855518,1
6139,36,62170.72743393686,0.2111552740272854,659.7891197334303,24378.29472694291,1
6140,64,41827.19852631595,0.41864017831584194,580.5972058463789,5000.0,0
6141,60,48488.452371483196,0.1699635021762131,543.7427995427785,20938.972704051048,0
6142,38,20596.70735652929,0.21243813563071456,508.87888831506314,17436.40163398707,0
6143,54,28865.407008397175,0.41365686049724015,527.2217540638974,5000.0,0
6144,45,13959.827137694754,0.2196744547161165,522.4310254209632,5000.0,0
6145,26,45296.02982440313,0.47573279918092387,721.7238768683804,15813.999908202004,1
6146,41,55312.20968531679,0.47220362409218225,667.5789291915207,18638.22393899692,1
6147,26,18779.25627517573,0.26932182438952373,652.7916239140795,6063.393209593078,1
6148,52,39309.595783979006,0.369142882714421,626.0059467168406,6398.31091944925,1
6149,61,34505.05335564221,0.6589012860056804,516.0653982657201,5000.0,0
6150,63,84475.76240477781,0.4808110476031894,676.950397504037,10870.869880265502,1
6151,59,23221.060817781978,0.42412030681975005,665.8478881600169,10821.988218099,1
6152,51,57473.46877792227,0.5827762376852879,653.20734824659,40618.15150291258,0
6153,62,64314.230304747,0.20544956329374525,596.2353907751606,26203.140384126185,0
6154,30,32942.67982113479,0.5383750352356185,601.5491285176605,7660.979931789546,0
6155,50,42034.604119524374,0.4033416424285314,686.6182878576315,19563.905966537146,1
6156,38,62238.463999275,0.5685705217129351,596.278701184413,5000.0,0
6157,44,20957.42895036108,0.2716796352174742,724.4025637972983,6154.666125760964,1
6158,29,29331.720575758536,0.5588740030904078,761.9668418688041,5302.911547244537,1
6159,51,39859.63175996335,0.08865513994153625,728.3218150075238,9701.051135368802,1
6160,35,101927.04369141372,0.29361618158750935,656.6694018013426,19065.61776836549,1
6161,24,29736.02572151767,0.39088979468549606,643.4893126248552,5000.0,1
6162,60,31750.785352817154,0.44852298191303375,656.8843802154294,20322.455731030914,0
6163,29,78711.47340389615,0.05,697.5599473684391,13815.389751605562,1
6164,29,50589.00398182068,0.1631455665574425,751.8442380930385,8835.849068091671,1
6165,46,108149.78396413615,0.18745839170047957,688.7246662035088,31195.912756385085,1
6166,24,62731.731105549065,0.20965093112471936,531.0684326705857,21416.966824981606,0
6167,37,33758.81243995564,0.2374271818988395,585.0691469579637,21027.545777145202,0
6168,36,31441.119864324657,0.3747095289555497,639.4133289037271,10504.079128511145,0
6169,35,24045.491644386326,0.5714377772742625,719.0306040358419,9876.759443192544,1
6170,55,18910.78564233274,0.2937084159593493,810.4144058525184,5000.0,1
6171,25,43062.49934245051,0.5818711874099735,655.0516834683342,15543.356337508701,0
6172,25,49685.68198775397,0.36272826326713326,696.7626518737941,7358.406408025891,1
6173,40,52770.130397904395,0.31787430187123766,541.6665728676611,8006.029321629465,0
6174,35,34141.24142861667,0.5067795265237706,600.7521023143835,5000.0,0
6175,38,95325.95004730532,0.3265815778329556,674.8823471657495,22194.57987602661,1
6176,22,18412.36061632372,0.23269376518603843,506.3318412372288,6934.107212418666,0
6177,49,17398.953297245822,0.5489135032148504,667.2411871428317,6722.821235852277,1
6178,33,24105.35280068887,0.3442553405033299,623.4812562984232,8188.842979951694,0
6179,24,36423.775371133655,0.6186635243172263,653.177431951693,6388.391423358606,0
6180,62,20982.456158139026,0.29676633951865194,599.9543360041118,5000.0,1
6181,30,71215.76070019827,0.1502875602614119,686.6262501507881,15417.262549783014,1
6182,51,25097.34401507902,0.2345839758266754,724.088891680461,8067.910796299888,1
6183,61,22953.600652984424,0.24939424913860442,702.1975099451306,5000.0,1
6184,28,61545.95823790254,0.3356527768539342,700.0739381584825,15296.667657777216,1
6185,23,40284.33257085892,0.23086020503576984,689.8399805969967,9086.996759977796,1
6186,29,53763.52943008716,0.16205928173372455,648.7896051900688,19931.115812707547,1
6187,50,35461.54397312231,0.3015584175883094,619.3419704205116,30711.731562370136,0
6188,31,41600.88135237157,0.36372135679582535,714.6716705517405,12384.16796007264,1
6189,55,17733.756938129074,0.411755005617036,588.0689139203172,5362.049278912083,0
6190,57,33727.87309979853,0.34747726160002773,685.052987124581,14569.736556112985,1
6191,62,21503.519866397593,0.554928910075986,683.1862154991564,5580.876449852922,1
6192,33,96490.10468615759,0.35921273956038796,576.5050674793963,37250.184173919835,0
6193,56,69314.59036561582,0.05,583.912343235905,38916.616327285614,0
6194,33,26187.517757026762,0.3875778023198879,685.7239664966174,6324.764543789745,1
6195,32,32735.7229455704,0.35111030581475183,664.7619722492931,19797.046332880436,1
6196,57,33516.40987833899,0.46028578241218343,675.1550696799678,11351.38817716385,1
6197,30,106614.87091705657,0.1820929337034456,634.9415746337185,48979.6870518679,1
6198,29,44276.04881089673,0.5092173000008513,757.259091821046,22387.97777861861,1
6199,27,29321.203425672556,0.3900386855449011,691.2295011902258,16557.850875777684,1
6200,22,39079.08093196913,0.3703404842582761,744.1289672031543,20606.405698870032,1
6201,43,16839.86938199664,0.4907707368940361,631.5617921613368,9739.876719163522,0
6202,59,35002.10022244019,0.5239353315394549,719.9066409334487,11699.19109039019,1
6203,60,21153.337169876115,0.5093065272978283,627.9279638775023,5000.0,1
6204,59,14417.052523720531,0.05,626.956457443195,5000.0,1
6205,41,98055.31748503506,0.1366307889017394,564.3968635220062,8322.850074987038,1
6206,43,35828.663215947374,0.28403337884344354,681.8422890358839,8385.146782160273,1
6207,49,24691.311922218534,0.171673562485425,578.3427650203591,5000.0,1
6208,34,15543.694935445565,0.2457033116652387,606.8352950265312,5000.0,1
6209,46,32514.519349261143,0.3423166337292597,555.2384555096714,15740.58746779914,0
6210,25,33705.34381763335,0.27949915926586155,517.2311845963959,19108.33007832257,0
6211,51,53237.901015644755,0.34638875246278594,644.1974309461051,8209.009251244723,1
6212,45,22540.813907065964,0.5539565089992045,600.0354864409413,9646.407708415858,0
6213,51,27809.16520940814,0.617107230168399,673.1219288995076,23128.73728561073,0
6214,40,22872.811948122202,0.40599619875570253,646.4055584028102,12312.944469454793,1
6215,64,32564.40218241013,0.5502503157981502,723.1621149459942,5000.0,1
6216,37,13406.608270873816,0.29016710864872586,784.8438379625138,6425.968140027243,1
6217,22,24291.932120238558,0.25628268747011557,730.3943601507788,6457.137898290585,1
6218,45,49754.59531594118,0.338737383808018,652.1027946463424,23604.156653888393,0
6219,33,19678.415847988643,0.30313892632973616,697.1029666494558,15005.005595862927,1
6220,59,59859.35150979286,0.4513489028448471,741.9151145787387,17146.18231598437,1
6221,48,56200.49624438906,0.35216727657071545,614.7789280989128,32726.304647293695,0
6222,62,58601.27376420691,0.5763855634551995,712.654655985789,8756.658113610893,1
6223,26,36233.46541511042,0.36793780139863536,741.4460405955041,7378.772567931844,1
6224,23,34641.23107730017,0.24394407481355326,655.7650506855068,5000.0,1
6225,55,42608.31272435104,0.2790672439281476,682.8070133110097,26635.239887019972,1
6226,38,70272.33200698401,0.26089034460402605,793.2053772033952,5000.0,1
6227,31,67146.93487247385,0.4596645646064501,606.2478208308821,5000.0,0
6228,40,15817.660753886112,0.33422701290570017,631.1585390573822,5463.101993178386,0
6229,25,23455.203407395096,0.36774060824893673,688.9181665722585,16652.21285437777,1
6230,39,21440.355332794097,0.41276400312123435,587.975286094981,5000.0,0
6231,42,52228.650797063405,0.4308765786071289,644.8505151658167,19526.146960139104,1
6232,39,25857.536284970833,0.5086841308468889,564.6807312885762,5000.0,0
6233,36,32803.96474917954,0.40039381443508504,517.4917501379693,20845.011445565375,0
6234,44,85303.7994573593,0.20609436881825002,666.8237853916282,28499.2363846822,1
6235,61,63604.562943438046,0.2770531192856635,556.6722243225194,38868.53294892681,0
6236,24,72265.30888616761,0.2769030632548969,585.4890957219541,10653.248079531179,1
6237,35,25375.08282530073,0.24083279262181417,721.6696878406018,5298.419195956904,1
6238,45,9084.18638281047,0.5056905672193385,661.8848170695289,5000.0,0
6239,64,29799.224515734953,0.3277355871960349,647.4124704176064,17574.286401621488,0
6240,55,17677.104996383656,0.376774880127771,623.9488888976098,10331.680575767368,0
6241,34,13738.74586192027,0.4001353230915225,757.7096065327878,5000.0,1
6242,39,63852.84471022517,0.38136349164926625,806.6913921827264,31615.34444409396,1
6243,58,23250.35416112728,0.39649967950272325,692.4567466948904,6498.306219200387,1
6244,56,24263.266043030402,0.7111988832417157,465.7215714399159,5000.0,0
6245,27,30245.965822982937,0.4514615787164215,647.5824758729676,12117.754925267207,0
6246,50,82722.5271161682,0.2119027384617314,576.042778187686,38977.01627286456,0
6247,39,33496.387281213596,0.3974594751613968,618.5754454831392,17434.280365604285,0
6248,45,58442.27495277789,0.36586102887751437,683.6755664019618,18378.05026379437,1
6249,36,31018.12674685867,0.14166696411331187,657.4020195440223,7187.438397265136,1
6250,60,16477.79604387305,0.05,554.0782474987418,5000.0,0
6251,28,20031.913802894655,0.37125594719460936,601.5435662169813,9633.240384009965,0
6252,38,36246.81218949679,0.3079972640508921,730.3690891621292,13923.777731748305,1
6253,48,38323.46998200727,0.1776635072314914,761.2545396160708,6617.113032972105,1
6254,36,47636.519651325376,0.26886955918974204,745.5496855259266,16989.25549233099,1
6255,39,47646.402502088094,0.3111009282300509,555.427601007142,21181.545593876595,0
6256,62,56958.67971875011,0.26256319363247066,625.369453249407,25569.585395528888,1
6257,37,24721.386488550423,0.3907512274457765,599.0695831253579,7411.223890639232,0
6258,33,90545.64460887466,0.37631627437895293,696.6655612230754,49686.76431858081,1
6259,27,94786.1671880324,0.4698115162606043,629.3920516586758,13497.380747196305,0
6260,47,27993.62722815304,0.5235694685089821,579.0038028473278,8669.656056861804,0
6261,30,24417.133533186363,0.4466277534518883,753.5545121290945,11880.585773682587,1
6262,54,14877.349595969736,0.24770090334541695,609.5279202299791,5388.8873147764125,0
6263,56,39554.88830169988,0.3752510621700492,720.778796366438,12528.013985123367,1
6264,45,45534.1794368022,0.10923326583287653,607.288506037706,6872.673222966255,1
6265,26,27182.715590277356,0.27875481556731835,705.1057975218247,5000.0,1
6266,44,41830.55294762929,0.05,627.3537721476223,6819.256281224502,1
6267,38,18143.964402870795,0.2971021101102285,577.2263665497896,9698.376377141183,0
6268,43,58914.16821189103,0.26969808950627655,730.6157749253689,9988.216161584334,1
6269,26,27847.850692962587,0.4536607211657171,600.475827583339,8360.621892960862,0
6270,49,41956.12996707344,0.20492103005948978,657.6696704312038,29283.701847733962,1
6271,45,40339.18159126034,0.37564412348227016,559.0483925319127,20393.286399580902,0
6272,37,13626.600592569426,0.29323589363976926,553.5317823673117,5000.0,0
6273,44,55106.129554458654,0.2862370345595322,757.6904382008298,13821.088048057518,1
6274,31,24533.095788479543,0.23467594019115945,659.7852128278662,14427.314905680469,1
6275,46,40185.131310903744,0.3950428724626139,642.5957367078178,9305.393781287361,1
6276,54,17944.87445949151,0.32584709716152743,620.4142581192192,5412.560660175378,0
6277,48,28575.683449772223,0.20638168430090867,595.5381070304919,7494.74368659668,0
6278,23,43548.23413490142,0.3697797406746119,690.8116291501565,27342.5626005107,0
6279,31,21170.174488245902,0.3959525702470225,749.4281699831527,6317.775996291347,1
6280,58,21758.00311642724,0.5791608584999139,707.2270415403012,5117.211271948913,1
6281,34,38658.96796063936,0.2628260352027143,692.7480210266069,16966.583034518244,1
6282,46,33397.71530577093,0.2918485488281268,628.0290779584379,23027.59630868634,0
6283,41,43245.66635764311,0.15632007002434486,694.4503133580918,5000.0,1
6284,59,30215.077664646535,0.28287257292845647,786.4273802630127,11150.929215382914,1
6285,50,50048.57382159915,0.19094152739228176,631.3845414775891,6717.899554645096,1
6286,28,27351.380663010932,0.5156065904072821,675.138484937847,16058.855809021577,1
6287,40,48948.90573098562,0.42712940873327976,745.2167509862226,5000.0,1
6288,52,23077.401043911334,0.18848782038202785,786.5193179164352,10665.522099450736,1
6289,42,26755.745716274105,0.2034383097072731,659.7875322001917,5000.0,1
6290,27,52330.54181011308,0.26717629841759427,709.3751061524902,32892.78332571332,1
6291,29,28079.91129864407,0.544743320513943,632.2086239483747,22001.665760750362,0
6292,21,20219.137411757456,0.2584704965492343,672.7090686401066,11043.54375652877,1
6293,49,86254.53702388563,0.3237136795332702,632.9813325567233,25141.063992839976,1
6294,28,35683.13091453266,0.5799866826923156,732.2450400355547,5000.0,1
6295,24,45969.1610456727,0.4123058244371696,767.3449493246726,15555.823802882147,1
6296,55,11718.919330226177,0.13281480355875966,565.5577721446106,5000.0,0
6297,23,70679.03616722996,0.07533448948623298,642.6515591988884,54132.89484708794,1
6298,60,136368.41849633065,0.3641209468335937,612.1220960746708,44559.4752192819,1
6299,27,67581.61292262268,0.6951986614051772,627.675201148701,10660.384315245039,0
6300,47,72573.22647798642,0.5533613648370731,633.0663102909892,24745.953141424496,0
6301,21,29602.528514385565,0.40650803211157344,589.2416787564949,6611.32018921824,0
6302,47,41188.38208449389,0.4677696973617607,669.5503326045741,11580.276554098507,1
6303,36,46352.874033178305,0.47907615565009687,568.4281315168137,33956.29921683274,0
6304,58,25621.70135191039,0.10466694024108662,711.7975594618097,5000.0,1
6305,27,34131.305287665935,0.38115287732256153,670.5659281208533,16802.862216024514,0
6306,64,22015.53142845566,0.5469996327105229,575.7191177974926,5221.1783494883075,0
6307,43,29799.499734967707,0.6637053584325473,572.0169946385442,8732.872786418111,0
6308,61,55295.44333961951,0.42587280210370754,704.7390490334867,16450.224590241694,1
6309,31,15019.712248437178,0.14617980717634654,600.7344719680007,5000.0,1
6310,62,58486.53313095725,0.43567658855238645,758.3136102873536,24429.532181723844,1
6311,53,16503.36694597159,0.43320997859814275,501.3587720032489,5000.0,0
6312,56,37280.59144451662,0.48037353442917363,576.3505657593317,8942.333926228313,0
6313,57,39015.628222708096,0.4109503252103879,623.0923739516388,14007.102792414427,0
6314,61,48359.02343893668,0.629034049318934,647.8114884274071,20096.15618592369,0
6315,37,33180.906484958425,0.378527981516879,696.4411380204166,13477.892925226854,1
6316,55,21539.694322478692,0.35890370151354745,635.8660424767141,5000.0,1
6317,25,39825.182732361296,0.3106696187803713,627.5153447182101,8628.656643704026,1
6318,52,107608.27130150876,0.36461376725100003,602.8873587057562,35318.78936058032,0
6319,23,36054.80499039516,0.39192310779936,594.6129220226579,5402.681940888906,1
6320,55,23372.41401998927,0.36835148262296225,600.0963346495247,7840.748235850562,0
6321,34,28751.012927495507,0.4673981077060488,644.5531821624749,11734.002853205026,1
6322,51,39148.56257462087,0.05,520.7629303397373,7501.448475871498,0
6323,51,31751.31299608625,0.32958004936573665,687.5669283750236,13605.44380842078,1
6324,37,29620.124356267617,0.4276399222124788,654.8564565714363,7380.414045333876,1
6325,44,70524.54319660612,0.3922668812354633,641.7824461479856,9643.429182546333,1
6326,43,47034.69774644466,0.1589213028418729,729.6446437867017,26537.422421588934,1
6327,38,34225.98117390035,0.42953565656738835,691.6448782116368,6953.718010882298,1
6328,34,34357.331520178916,0.35741339494005514,658.9334498619394,5000.0,1
6329,35,39600.198734076206,0.4646649537621068,695.7513366523691,7831.9310201195285,1
6330,35,48057.67699312963,0.4364565041752952,606.4158892564999,16785.641619678143,0
6331,26,68951.42004144487,0.398695105622177,691.5410361922986,25329.92446312499,1
6332,47,29556.053454271045,0.3505313078452985,707.4680721904405,5000.0,1
6333,35,22087.99256707757,0.39291783193398666,478.70405380220603,9375.813545285724,0
6334,56,27500.133994730124,0.39321978569171945,773.8945943795933,8016.376723040786,1
6335,28,23440.109019002215,0.5491175269581412,673.3866016627863,5000.0,1
6336,35,16932.603996957514,0.7985493251076312,692.7424106993963,5000.0,1
6337,23,73519.04064196514,0.18888444744467514,725.8106741401169,25171.834761193342,1
6338,33,55675.36581048838,0.05,640.4258255323955,13125.348906424815,1
6339,61,11593.982917018147,0.2708321566416635,620.865329066788,5000.0,0
6340,54,40496.60546812448,0.208828838513636,670.9836225823678,7124.677440547593,1
6341,44,30080.50872412799,0.47616803225767146,843.1559540650643,8432.674061458672,1
6342,60,28340.462566513477,0.5738178642842113,642.9602450525613,7807.563791709619,0
6343,52,10474.921635760857,0.4723151266702024,605.1496324272226,5000.0,0
6344,52,35860.019465060665,0.3028984368289468,743.9476444441337,9694.11338958517,1
6345,50,37739.60285209372,0.4598487864144479,503.9114281050996,26206.531401758075,0
6346,33,20161.945624263433,0.5322326936188777,642.348244549011,5000.0,1
6347,21,81746.07513248982,0.4498192688867828,605.4915174006875,36447.926275536214,0
6348,54,53942.53355133616,0.4327219493285976,694.022381704563,22743.647255834476,1
6349,35,21307.872088510598,0.33274830117132387,659.5359060496563,5000.0,1
6350,64,60568.19423897584,0.1672407072587603,572.9861738760791,5000.0,0
6351,34,28773.871238350333,0.514485849932127,695.300490139724,6216.248227466098,1
6352,49,61546.86279920032,0.6041697993288951,592.5571595395297,5000.0,0
6353,54,17651.06195249917,0.14335257171602753,646.6817463276567,5000.0,1
6354,38,39538.52773685939,0.4649004795691447,620.0999959945179,7837.79349495838,0
6355,27,19768.89419438685,0.2296917521182882,707.0205223338965,6244.444705046668,1
6356,49,23892.353962121222,0.4199858514135681,617.8815549886974,6144.103077170437,0
6357,51,13824.08596868304,0.1400875100449709,433.6201711144555,5000.0,0
6358,45,19589.952935051555,0.46710366821869037,571.9336716984504,5000.0,0
6359,58,19532.828553140003,0.4141287568680387,654.422365768442,6447.851071039373,1
6360,34,18348.895009797474,0.4740646845973493,603.827429351232,7779.191614287526,0
6361,28,39907.0120527107,0.44710958728834016,733.4525603883319,5313.107105727439,1
6362,47,15016.503764761483,0.37799637566889555,578.540810865871,5000.0,0
6363,22,42167.50495211376,0.46824086366085066,690.3693415218202,14388.17745064448,1
6364,37,60050.76194183931,0.2831440042303789,706.55407335239,38755.3285540624,1
6365,57,23282.850592304298,0.43634277238959734,662.331043098482,14347.868161516342,0
6366,34,34805.34546744071,0.26709663042910303,678.630683050112,14588.38126444601,1
6367,45,30704.914673773248,0.44375205657420835,640.5623477051878,5000.0,0
6368,50,29561.936313856833,0.32130837313806376,669.2869313120442,17609.348692843807,1
6369,49,10119.848467496864,0.4233427286109201,615.9748180348327,5000.0,0
6370,40,20673.24256126533,0.306957624558235,665.8413015911927,5000.0,1
6371,41,75411.34895307636,0.30985327484440134,629.8541341844243,52351.00584788519,0
6372,42,42698.619210610246,0.3165072552661409,629.8348905472341,10113.358397390099,1
6373,55,32186.82266559177,0.15033981286568215,603.4453051702275,23499.253101051494,0
6374,57,13221.940142639996,0.47983184502986775,634.8150305850689,5000.0,0
6375,36,48853.64340860298,0.3569497215326866,755.6137176875291,10475.187802166676,1
6376,63,23021.26035806491,0.15661755031941488,633.1044376954626,5000.0,1
6377,37,19560.466420829373,0.268555015840668,715.8005540028628,5000.0,1
6378,36,20565.8699000951,0.26017584337680155,686.6685497841037,11124.562112600328,1
6379,22,46878.93488839435,0.4099460516650306,667.2866810239084,8836.689105370053,1
6380,24,35049.588876397655,0.31857781778744215,670.0120858492938,5000.0,1
6381,41,55954.75005569233,0.4860524278552975,651.4742083265724,30786.51186150257,0
6382,59,63758.68053875192,0.17075027028571005,609.2572752501025,21137.900684446195,1
6383,54,25091.040563120583,0.4150256119964499,770.2645000587365,8212.617972218482,1
6384,50,35548.46962186348,0.4031384047412423,724.0578382108345,5000.0,1
6385,26,31209.93867706842,0.28696943195447455,653.0169726797964,5000.0,1
6386,37,18381.51957816361,0.38819800745000604,654.8377933999237,5000.0,1
6387,59,19752.600464178817,0.3444832623986244,689.6107010346499,5000.0,1
6388,45,33453.57882865307,0.5312221341897575,575.9340584867925,15394.437768538928,0
6389,25,35293.961801024045,0.3627391531014309,595.2053162043287,14907.278672799883,0
6390,25,35332.49689637669,0.5206521030008664,518.6195420471629,13550.894544955741,0
6391,40,35360.20839054692,0.4751031067208313,635.1939728064768,5000.0,1
6392,36,24149.111165355433,0.16315665534360393,733.4068359375827,10645.727536971888,1
6393,61,104895.40984829453,0.3374829686464668,630.2588529072374,13556.136493271264,1
6394,57,40778.148973833704,0.47480617777201856,803.3546048651522,22353.417115128155,1
6395,60,27234.40698922284,0.38664501949069646,619.5069098212912,6505.874614120281,0
6396,29,44407.25865174395,0.3622972494971337,662.458945904284,14014.89421376542,1
6397,25,23727.44749363081,0.37155216697031934,630.5177175581051,10112.12878974096,1
6398,62,36804.22945920759,0.4409946210473127,493.2701515748967,13251.890694283386,0
6399,22,44371.28872833388,0.29194096892487975,630.7315952462952,5000.0,1
6400,29,47832.86932286481,0.30704639713625254,591.1134645565355,5000.0,0
6401,63,19367.31417130638,0.475803171746865,666.4209789223322,5000.0,1
6402,56,165139.60659832187,0.3812346719425193,739.3075633493954,62960.80764899481,1
6403,42,65571.79659616287,0.3235707670574218,625.3014414450718,42221.750755756046,0
6404,42,100333.25652294607,0.35543813176195377,675.995879975004,23944.862034021564,1
6405,42,31950.464553011967,0.4267678250668748,635.0629991682512,14768.698784120774,0
6406,54,41084.90461117419,0.3473320612314537,712.8199374221492,17899.34287691751,1
6407,49,36983.59439282429,0.37395344635296085,809.6444728999585,5000.0,1
6408,58,27624.832106432143,0.09284836049141264,753.9474629477382,8258.279400461672,1
6409,53,53040.15035023266,0.3865892993522236,606.862133752819,9527.717147887042,1
6410,38,23345.845858234094,0.33052445740804925,746.6704435692222,5000.0,1
6411,27,51489.10281581012,0.4880353561547652,671.0159489456704,32968.84992789518,0
6412,21,28309.546182525268,0.3424718864258496,736.2238671563932,10655.913797317326,1
6413,53,44334.29843591669,0.5724028895986426,578.1571353581668,5901.7546462180135,0
6414,21,75419.1163092837,0.44176243743979066,643.7936103114101,13630.285837721616,1
6415,44,33978.83868624788,0.23837165988171052,662.5052844127904,11073.877011273975,1
6416,24,53643.301904206164,0.16485219304182763,646.2259299379259,20080.17034125928,1
6417,24,28156.906730032937,0.337595672166406,670.2892400008469,5000.0,1
6418,38,20117.25150240292,0.3542684263672233,642.306490542723,11390.67706811895,1
6419,47,83355.05757922638,0.09537204812998736,625.0503478889027,28408.74527531624,1
6420,63,52778.25646610591,0.3422033933863939,617.9862834014247,6084.485397135055,1
6421,52,33954.942770921465,0.30063959095187065,592.6907855531406,26597.550909439222,0
6422,53,51441.69600670662,0.3801725246731754,671.5833048430057,19916.058348920462,1
6423,48,21846.642145799295,0.652601384857793,640.0241033153243,13321.63143885721,0
6424,62,45302.60302566845,0.09952467801638219,612.2317596010328,24862.42043385356,0
6425,61,40477.53869455679,0.491719040731503,545.0855993832081,28484.180286846986,0
6426,56,50275.44541732504,0.4228500763198519,687.6975301734456,25726.22177702908,0
6427,26,82525.73266416084,0.27546051039466,697.2967048663552,40351.504660493425,1
6428,36,74916.01819224487,0.3536285305819104,584.3666275998297,33937.52759200227,0
6429,54,18134.661515021315,0.48703727872186925,657.211889812589,10662.440869571816,0
6430,43,13391.516768334328,0.36669056551734475,611.8400092632734,5000.0,0
6431,62,41062.680408352535,0.05959197465974395,700.2798802599433,15732.149558623356,1
6432,44,39524.22377418791,0.4046884622750953,615.3010468115592,7514.2520843815355,1
6433,33,20576.817534195325,0.45828342754781565,615.594495375301,10007.358695922685,0
6434,38,22462.779908558983,0.287994300469395,659.1709619142481,5397.604056181833,1
6435,33,24706.54116707588,0.4795662891487611,620.5949189942967,6304.906991401192,0
6436,57,70792.92410282878,0.49140205988651536,615.798248730216,5000.0,0
6437,63,28674.164925480054,0.5458476760988547,606.9686627992933,20032.02653330382,0
6438,59,17120.982658447916,0.5004652050730732,619.039507780983,5000.0,0
6439,62,35164.21329379664,0.7317834150975842,623.7541172386025,13559.25486417195,0
6440,37,36265.99399520534,0.5248965600397928,650.9007671402684,15330.627242450197,0
6441,35,21675.6098119309,0.3754978368563287,638.6631575738484,12615.351600274167,0
6442,38,48785.79173510809,0.47018202732690806,684.6200188736555,9828.845076217192,1
6443,43,64126.91980137987,0.3697536836577539,569.258813505451,5000.0,0
6444,50,30403.483017791594,0.31274831051961693,796.2441544269383,14964.69308353132,1
6445,54,17120.722650426953,0.1938552352989853,651.5502377826176,9117.128344778906,0
6446,24,31670.072183747263,0.3321062584320636,717.9917829028959,11833.41761675098,1
6447,23,42227.90893585255,0.4843552334550925,683.8067004420819,13073.094239586922,1
6448,27,12345.480017647831,0.22970418622513222,658.4473221838858,5000.0,1
6449,38,46201.0810958442,0.4128786961639933,681.5830285779709,5000.0,1
6450,62,30106.64455621403,0.29962097791378617,673.77410089428,5000.0,1
6451,27,37118.05269287238,0.3578238346310073,637.701597164628,23434.797845842873,0
6452,60,31419.641015560916,0.34941134167850896,817.5618014947303,9503.9308452998,1
6453,26,24916.365225205154,0.38712012678868923,728.0319250561282,11569.191158078716,1
6454,42,34355.04584857128,0.6981057887066108,538.4031093967219,7886.824424969865,0
6455,21,28156.6789731602,0.28054969358203663,723.5638863779332,6466.405859232665,1
6456,24,30369.96824775969,0.3532763945648343,654.9570406440109,6282.747601573937,1
6457,63,23383.618545092424,0.3266801152079829,764.5647219904731,6098.234734553017,1
6458,49,47495.369114415626,0.1338010191075429,627.1557825708865,24959.11786703396,1
6459,41,67399.93083253827,0.4878713618506299,486.50922950400457,22017.32987647004,0
6460,46,23467.25299710292,0.23394983521439516,625.4143592819864,14931.979437996726,0
6461,34,34255.15955457505,0.5647886892281898,537.8544506773052,5000.0,0
6462,29,21002.631827208264,0.24129461097044747,602.3491496181525,5558.146896753638,0
6463,32,44091.259484988994,0.41646487025277007,610.0467893034663,12761.531381730689,1
6464,62,40624.29308665848,0.6187833172427277,676.4381560221619,18114.715210938655,0
6465,26,27187.665882255795,0.4270166038027043,667.8398161832437,5000.0,1
6466,40,34843.62623583317,0.27058725415686175,694.8034850111109,18487.10068437127,1
6467,44,55973.732780282466,0.22470467666251132,688.8244838507705,23912.988783966484,1
6468,47,16257.574704849376,0.05,785.8944120856708,10080.315432055071,1
6469,58,19036.022370006336,0.3025255370328299,650.1116413437783,5000.0,1
6470,28,48577.575813168216,0.1455116049768052,685.9940538349786,5000.0,1
6471,21,37318.2933180116,0.35380637074168747,711.9241468879433,18398.511187951997,1
6472,44,35063.52341951336,0.2941440256008074,604.7894357867837,18186.621311760955,0
6473,27,58191.40505306429,0.37290163360995604,561.5105037724705,5000.0,0
6474,39,51648.52863257391,0.18523710782658995,675.7890561054859,21340.66685714979,1
6475,42,85609.54193938876,0.2788774314154756,622.0333637661317,31015.3822432442,1
6476,55,56810.03718932836,0.4358954159720927,704.6151078708109,10865.480040904515,1
6477,50,47233.69322714499,0.40147932269634806,701.405344828099,28871.427691226858,1
6478,49,35348.79744672256,0.08189056737730618,719.2376031571986,7613.144763556179,1
6479,42,33789.93795227776,0.4733093984205396,594.9901299988934,21643.081643332927,0
6480,31,36256.717403062736,0.19516562960865919,609.7891295036297,17681.82148725178,0
6481,40,40598.64325460323,0.12224966010974665,657.4889988436327,18001.263053152303,1
6482,49,19863.407706252885,0.31840187360518574,637.5296018207905,7893.155362913253,1
6483,61,41431.51243761371,0.7143892938261575,681.9604597320597,18501.28351217765,0
6484,62,32155.434569535446,0.30139952163593586,745.2108178959505,5823.378079747779,1
6485,54,43413.48593349074,0.36620785899079417,643.0187095530803,5000.0,1
6486,21,27205.171066184543,0.4543508490930669,555.1105443125034,17413.011052997677,0
6487,51,26115.583139945687,0.22091048762358456,513.2546429025708,5000.0,0
6488,50,40755.95167029646,0.39747673625047814,559.5581688532762,10497.648039352789,0
6489,38,46103.088350071695,0.2273288931024416,557.2528654824396,5000.0,0
6490,37,26850.31828354671,0.4342446206241723,696.70616635054,11375.39742721135,1
6491,58,70235.10890608685,0.4107906078701508,646.6436676128652,6159.089654222183,1
6492,34,69994.69340619647,0.3973658714361609,655.2322142660794,26804.828557462337,0
6493,43,16462.443078044504,0.37620660749850554,700.5149758599356,5000.0,1
6494,45,24624.238090293296,0.6522445115754103,745.4047662791855,8527.724057996442,1
6495,35,38488.076162270096,0.38564216602665996,636.3654287889674,24554.464387570428,0
6496,42,43712.337920147416,0.42982241557367545,701.9915629856544,5000.0,1
6497,23,105468.75071805225,0.4053988424669717,674.6532807038575,20747.873447115282,1
6498,39,38966.09312976392,0.19984611451075235,540.9854932431485,5691.001775943354,0
6499,64,34262.138951615416,0.23469626723219553,546.0974609124879,13666.841217014233,0
6500,54,20557.525262307856,0.1874411857600371,626.2129175906848,7868.106601612865,1
6501,55,16437.215852988924,0.2326114925861192,663.7837792937565,5000.0,1
6502,21,33967.649894149974,0.2740115041143265,683.640739599563,18166.269122678084,1
6503,41,101589.208810181,0.31971709815021715,636.1626390941265,31040.27404698498,1
6504,49,32666.835483131093,0.3179575841676545,531.2651173133447,5812.381636097887,0
6505,26,24677.17931352799,0.43644189238082476,624.2517165570085,13915.22002141549,0
6506,57,45525.81008613461,0.5525803477334291,521.3698872878886,11486.199850373168,0
6507,21,13322.6034079894,0.521453515437269,635.6726249579534,5000.0,1
6508,21,37784.155183054536,0.39174560761561766,689.2347236288616,10690.401645182932,1
6509,47,54840.765485970536,0.2254052684502258,680.0199351230241,18911.580826887555,1
6510,41,22611.64685402891,0.5073934127447765,614.8426333646978,12151.486359512417,0
6511,36,72000.97103698626,0.267399073855435,678.3158179007955,34449.057805852375,1
6512,64,50505.6896221827,0.41516657102330706,571.6134783974055,21424.40195034613,0
6513,60,72327.56671164937,0.39219406646133614,605.0713059736447,7685.631050744814,1
6514,46,18248.600841461703,0.1907862925408924,534.0269012856331,5388.923628162636,0
6515,36,33178.2544543273,0.27111873864087227,612.8056396460463,9019.247940467247,1
6516,48,57587.64253038736,0.42696823611985735,595.7277598606453,23730.225398525854,0
6517,21,17172.604879531995,0.3270806344929807,621.3797685181935,5000.0,1
6518,56,58310.40583893055,0.7868421719873518,630.9784016887519,34260.339560939094,0
6519,30,33192.41132954494,0.2832241232766366,667.4555937314011,14239.310951302034,1
6520,63,58093.81155384704,0.1987834196249165,512.5499425508243,24289.068418276518,0
6521,37,40486.95209512742,0.36092770920106587,589.8052815618091,5000.0,1
6522,43,73527.38559381556,0.3016663482368248,718.4889229841017,11505.448491889909,1
6523,27,19035.1966590169,0.09272028114923517,719.6939639131556,5000.0,1
6524,64,42810.34874561588,0.47531572889649126,653.9000131331946,12915.205033012391,1
6525,27,17055.318350954272,0.4986925000063968,655.4080046848416,9179.64240485309,0
6526,64,44791.29747364081,0.47806655757421,571.0925813674075,6621.109255060275,0
6527,35,42783.59265674548,0.3980640784913608,623.8615260264664,5000.0,1
6528,54,31491.067672186782,0.3297513607299063,707.5479059946011,18475.941931230955,0
6529,24,24541.0225858646,0.37589156213624514,562.8847374757685,5099.88678942002,0
6530,34,30863.11305410796,0.331634821644642,660.1277993126257,8867.552607348489,1
6531,34,38132.657071746464,0.2549650205532034,688.9833963079677,19124.49073780703,1
6532,36,41860.30947845873,0.5810828575771417,653.3155122850092,22363.391857323244,0
6533,27,95430.92709362604,0.539745634105144,639.5827034565373,11208.477627248087,0
6534,52,56202.034779757865,0.4490319813576125,638.8628008356047,19877.17849698204,0
6535,39,27080.023358914415,0.2860242020511741,685.0404859368317,15669.876278848345,1
6536,22,48517.88756888931,0.43771581865046316,663.6216238057299,14967.563020919082,1
6537,30,56424.54507835769,0.31426326832639495,684.6134005850125,29420.774621853467,1
6538,37,26160.778279442486,0.3083699935737507,624.321156596962,8714.317062007225,0
6539,57,51589.73606791748,0.3475853527205337,627.5449914602871,26842.777596016283,0
6540,32,17268.390711777967,0.416151861406656,688.4238952797491,9778.68701895913,1
6541,26,25688.600989338636,0.2898916482185828,587.5687946570424,16618.904453335832,0
6542,42,17816.578238703063,0.3291400407653415,570.9918162084576,7034.425113076686,0
6543,52,32678.461900543196,0.5475909809521619,809.0976693123944,7242.626605242631,1
6544,61,28657.694601532272,0.09892062135634568,679.5898284835279,10173.736452993144,1
6545,40,29777.909269187123,0.5025514471072179,632.8051169428925,10913.82026731178,0
6546,21,54597.205404121116,0.33025577194681577,601.3757391255714,16501.84189614489,0
6547,26,37998.09147507962,0.28095916670234367,585.6773987362902,16993.7606798316,0
6548,39,54185.11660248874,0.3045840544296305,646.6290368174382,22397.511689411553,1
6549,38,81893.51910672564,0.3517007372804993,643.3221027255297,29211.11847247449,1
6550,26,103500.62831206697,0.48924754058181846,680.7139049725959,76610.11291558084,0
6551,53,33863.666746047675,0.376319579602672,559.0548818073934,5000.0,0
6552,43,47447.193755028726,0.27623990647779606,561.907757015836,17717.99641064072,0
6553,43,33611.3973355988,0.4536259176393039,668.2016319895702,10148.736902247902,1
6554,46,60300.74319602451,0.33559788722352063,677.0547098210586,5000.0,1
6555,33,54712.36728659771,0.42906248976337963,713.2567030979766,9530.092850583684,1
6556,27,26101.042305600397,0.3907225948120842,766.3139778991458,5000.0,1
6557,35,28094.096024945073,0.19071231022283905,631.1461964080455,13123.916583741344,1
6558,64,72621.99952303781,0.4357612078699432,696.9624327133449,5000.0,1
6559,47,27595.691752953167,0.10336890829478675,577.1566768424717,5000.0,0
6560,46,34341.242883222025,0.3349745574625753,469.01009192746204,8893.669040533532,0
6561,53,50895.02486882585,0.198532525462083,581.4551696943396,11733.138054526427,0
6562,35,33430.10730519235,0.05410130614808589,616.459176199119,7369.430184254762,1
6563,56,78196.6893155642,0.3869550671914701,800.5419721281608,6435.001623350176,1
6564,47,60873.48681362647,0.4749763390897317,533.5889590785181,29166.689572977983,0
6565,25,23339.79912077745,0.3452939759472804,701.8748854947358,6188.912439223807,1
6566,22,27098.85335204946,0.5426828884470187,608.5929209758852,13400.291898870128,0
6567,53,48716.87559998017,0.35008012418642326,684.8364299284635,5023.9376994724635,1
6568,36,35383.045623587364,0.3766004899676111,652.9614119716157,6090.954921986914,1
6569,43,13762.743826698617,0.22364761234107652,585.9689268954891,5000.0,0
6570,58,22349.485148790296,0.43732481929031786,721.7128046678575,6591.434294189838,1
6571,36,40824.90735784677,0.4306085843279108,681.4116475536964,6723.464119079235,1
6572,34,56685.53802281203,0.2873089069152094,648.9775575859566,29227.721456454245,1
6573,49,57092.24194749618,0.15768382006414633,670.5624344785939,5000.0,1
6574,46,96898.41857323941,0.1259532699720594,620.284048052881,61801.40764188177,0
6575,55,25700.596190218555,0.5011305444924463,514.6995328758893,6159.332032634913,0
6576,35,26322.593297013434,0.1751087623208538,657.8474014337758,5000.0,1
6577,23,35858.50027689829,0.5783842545587661,805.8647861561938,23969.537818337758,1
6578,43,15709.379115991642,0.23240061053989874,709.1699970711546,5000.0,1
6579,49,36259.70637824934,0.30525234712728005,670.5208306177974,8721.761919259166,1
6580,54,32933.563189843335,0.7747325527099325,676.980476111458,5814.137705061479,0
6581,53,53952.47952217193,0.2793689639791456,649.917049030058,13333.850351790496,1
6582,61,58733.19210711387,0.20537339359397375,493.1683390378952,23335.38930831168,0
6583,61,43418.32131056342,0.29912639998251284,576.3902353918371,17525.33658102351,0
6584,43,36367.73230816239,0.12243491346551875,645.5529265430035,5000.0,1
6585,27,43564.92881774932,0.3076611238330685,714.6354715865058,5000.0,1
6586,23,24430.461759341575,0.36083098087064075,778.1516732638556,12352.158131804215,1
6587,52,34844.882284246,0.49905047619144305,574.6655295473224,6775.094257660953,0
6588,51,36621.21548219459,0.4264495952869064,695.9529944613287,10561.333618288761,1
6589,38,34977.39919135656,0.3718592441315151,493.8876729516499,11343.57330954925,0
6590,63,33339.12846311029,0.6724913224974118,626.8009312982662,19787.540976274562,0
6591,27,26618.59754296535,0.4400113055303928,648.0331402663531,15029.535363862382,0
6592,61,21746.295395740362,0.5652713353371966,767.9700989750546,8010.108817971793,1
6593,21,32776.10004663664,0.48366929595239744,592.8691052165558,5408.634709599121,0
6594,34,48882.50452033893,0.5594539916572006,625.6336630132805,37293.08961893824,0
6595,52,15234.189954654616,0.5221285583900579,719.4649089527306,6705.430285899671,1
6596,26,28321.00893120042,0.4751504303149762,598.6585221575717,16239.529899912659,0
6597,59,102185.80236027061,0.44146185979201297,612.9556049355117,25783.830290433685,1
6598,30,32975.21890667957,0.5728614643237655,549.0980786009638,5000.0,0
6599,27,39170.330970910116,0.2621142197896518,693.6308139666373,15738.112909754194,1
6600,46,91068.24111591779,0.23989495525396465,549.6910230983385,27625.524008215372,0
6601,54,42604.60548799831,0.1105421992646215,723.6653723273178,26856.988482636152,1
6602,50,43093.79345922981,0.42863665561313286,562.6264044942524,12054.583231902632,0
6603,56,23038.607231750182,0.5242858871424655,596.9866377273066,5000.0,0
6604,41,42463.98963834619,0.19407314856489558,567.9312186336491,23638.94554071383,0
6605,37,36047.812370067186,0.24133307209046043,630.1958938179997,7797.754988943894,1
6606,53,57667.94470972377,0.566148936813936,725.3622172683203,14122.226192479555,1
6607,30,68779.52530635515,0.45413329839245054,601.1037147835162,5000.0,0
6608,62,36870.09084025429,0.4476083171146206,581.3635774285681,19375.92265960633,0
6609,32,43960.552474044314,0.41224038652609846,648.764058738372,11626.395448309122,0
6610,36,14115.98079636387,0.3182009452228926,645.3569893254243,5000.0,1
6611,61,11874.803544334378,0.11679603754459333,697.4851239333611,6314.173500964228,1
6612,52,62730.063595958774,0.438818170333504,557.941507611028,15478.620040615633,0
6613,35,10431.147309749384,0.669746028741005,666.6583312806544,6922.292701171681,0
6614,47,42773.247754469834,0.3948919519091908,736.7912576263494,23753.97472584022,1
6615,48,33295.32956090461,0.17847276091279357,578.9556955872511,5000.0,0
6616,37,67216.65444504301,0.31995940665649053,663.3400792197706,29879.281796109044,1
6617,22,35682.38283110632,0.4925031207642718,578.8055638188912,18205.394425323317,0
6618,56,89422.4306135689,0.510337287404495,726.668118887194,5000.0,1
6619,27,32795.63768384029,0.583634343157039,768.4548283729524,8141.980921138029,1
6620,33,64419.67970982338,0.5090577898467769,566.648716598058,12406.153983769073,0
6621,35,17169.361826251232,0.050369462230140404,670.4122674778329,8883.746684260474,1
6622,45,11487.114104510081,0.38441345795492937,675.0006603510272,5000.0,1
6623,43,35806.82941099853,0.1337085467779727,659.3453608884839,12638.815202786764,1
6624,42,18028.368334936982,0.44517238339248505,634.1546995174887,12384.80618705469,0
6625,46,35243.512586299854,0.4598303507308097,610.0088515295322,5000.0,0
6626,53,29537.09493728558,0.22691315302025172,540.4074830766315,9425.376923733991,0
6627,31,49147.02722278246,0.3049284345196479,638.640618780879,16014.228516783378,1
6628,30,21328.78859057513,0.2535557952383624,710.4904445394866,5000.0,1
6629,45,44906.012983786146,0.4731171691376353,727.2526698866576,5000.0,1
6630,57,55936.62701732392,0.33818606827414854,662.5751629855748,26480.96564879952,1
6631,63,32766.027138768444,0.25365634707857054,580.8040823826932,9459.86216946894,0
6632,58,46125.23785399634,0.46780110536265995,560.3644615323462,15642.282977256807,0
6633,61,22263.76053667508,0.44144409094093084,606.7273156697822,6029.527227695153,0
6634,44,29991.59021755894,0.47277610575267365,516.2929815934407,16464.433781336782,0
6635,60,18563.72684219294,0.11877386076249984,473.3930917700184,14491.748256288025,0
6636,53,116936.49229630918,0.26291119919327116,555.8423088768925,61146.14447975726,0
6637,37,67130.7130937202,0.45196315271794485,671.833453441214,5000.0,1
6638,44,83287.98989096939,0.10066447367760883,535.3061984732019,24383.642509451252,0
6639,57,66650.60949381726,0.10478502352988239,673.0233971739109,38832.919782734294,1
6640,22,26066.86847085049,0.23989900949478996,592.114727219801,5583.430942039349,1
6641,52,16860.676145606063,0.4659951384082026,734.1950476996078,9848.371975192678,1
6642,44,29376.88576064111,0.351697313219845,607.9420277575568,6833.0872163058975,1
6643,29,46057.847373570534,0.4260363473161219,617.6672493576643,5000.0,0
6644,24,31409.7496490793,0.2024296849996323,597.4779120073124,13951.767210955562,0
6645,37,11879.900258412597,0.20091289253260383,598.939874652238,5000.0,0
6646,37,52761.52327325635,0.5587722745561593,656.1534257334313,9484.153230378237,0
6647,50,16332.218735104323,0.413693610527831,670.0800021549426,9148.599561462059,0
6648,60,29402.354152601063,0.18876418749016907,646.7997388540394,5000.0,1
6649,31,86846.04028937922,0.05331540347221116,560.8797909589082,44326.353693285455,0
6650,41,37217.463126518385,0.13887070758024894,678.4722413918189,7097.148065135543,1
6651,41,62213.63816427222,0.19152345621918446,565.3046963395948,40547.56637128163,0
6652,38,43191.974076707884,0.1595217333220466,573.8494637463781,20020.16537065806,0
6653,49,21928.639607737783,0.3449466533081207,610.3261766423468,5063.1918285312395,0
6654,44,52295.1214346339,0.45072670260849934,704.2593937095271,5583.9691863309945,1
6655,30,35185.42560015178,0.3364780566668311,570.2963472100282,5000.0,0
6656,37,17276.194036548135,0.2817418051999378,675.7265511139033,5000.0,1
6657,38,15885.605112329122,0.4015174048950719,470.2045897013529,5000.0,0
6658,62,43986.349549884624,0.29923814833901935,685.3874552074755,22457.561608191416,1
6659,40,105944.69789046087,0.09291566784463388,723.1647359544351,16494.89422349184,1
6660,57,21202.474073762045,0.38041222087458737,692.5421597748068,7905.976965132853,1
6661,38,22505.48462754762,0.40888100131998434,646.4783960333657,5147.831434958372,1
6662,37,44307.00980632395,0.5305254417075518,601.3038884605909,26570.946305170848,0
6663,29,18826.790799303784,0.4882108881508429,584.1139142821821,5165.053037819162,0
6664,34,117833.08577857864,0.2660441582761538,590.7632413206204,18117.263644952203,0
6665,49,23556.67573893677,0.3174531413652172,607.9144942439925,5000.0,1
6666,51,28297.502646296212,0.35528397648358917,715.4480818591699,5927.036898382713,1
6667,24,24287.79544107503,0.3820400672738945,641.5462076361683,6151.906964202124,0
6668,38,57952.58319176804,0.5741476412988914,704.8688946901308,15089.474063715332,1
6669,40,107057.86639329857,0.3400638558166475,850.0,41235.26944423643,1
6670,63,25549.62345371773,0.2719268083390975,765.6866308541431,5965.552345674514,1
6671,64,56010.17868793825,0.5362842969833623,648.9099925117848,7485.737006816679,0
6672,29,18902.445035855755,0.5326365922821403,610.8125274315536,5000.0,0
6673,33,58667.25183251104,0.48500042894685746,708.3295632537036,15036.397340536047,1
6674,35,87481.30182648773,0.10948260861592053,708.2226862276685,16332.843851042375,1
6675,47,75070.14338627181,0.3621181373102875,687.6521243870977,5000.0,1
6676,35,38809.18083851029,0.31487434574047624,753.2624172433596,5000.0,1
6677,48,21668.03210587997,0.41547452674180557,583.8910190369536,5000.0,0
6678,57,36329.50924534626,0.2193613667903532,670.046448032707,12130.58694198353,1
6679,39,31087.32150543516,0.47299573848805637,647.4111302327626,12131.721361347121,0
6680,46,29046.529258342573,0.40364534046886613,697.7503450729271,5000.0,1
6681,46,40266.49151897556,0.4812933890932011,617.7396509068262,15988.153458261899,0
6682,45,35127.05041042935,0.23780747599643853,675.7789328091881,7837.191678306152,1
6683,46,51736.66150020977,0.389761579235265,524.8406985508702,14002.967199915021,0
6684,46,51905.1014095769,0.46827970865872276,648.6185841167,5000.0,1
6685,48,35192.93805271327,0.05,769.8356905962947,19333.581167875218,1
6686,38,45077.05520671539,0.4500306084556292,613.6368700257649,27902.44332243889,0
6687,52,70311.63891071144,0.29592113293097233,642.8783126627197,25642.112929878997,1
6688,23,27839.181749692576,0.34645061811166833,724.8588402903285,5000.0,1
6689,22,36605.226911189595,0.5378825999875483,682.9683591050683,11676.472479895045,1
6690,53,21716.38644092546,0.5137341909523487,530.1961308785462,5000.0,0
6691,62,46162.9157732056,0.26313867392961804,640.1704249321539,5000.0,1
6692,39,40104.90402274718,0.0968361951706604,676.831825995937,17674.175506592197,1
6693,37,45726.56952642334,0.338503691174561,745.682986338862,5000.0,1
6694,64,22149.504360868043,0.5093804809797442,732.542850602369,5000.0,1
6695,53,53251.58455066086,0.547165300299405,645.5018752325234,5000.0,1
6696,32,38216.071862499906,0.05,694.4743558537003,19593.06143517639,1
6697,23,60763.764669677206,0.4396267431552156,644.5237402096703,36550.91592572689,0
6698,63,29176.91327265793,0.4192921130926078,614.7720898145043,13048.20809701098,0
6699,46,51082.91000340088,0.46580131104342387,726.7120881522762,23616.173199299355,1
6700,55,45365.88728796502,0.3519621879358168,722.0158156681372,5000.0,1
6701,28,77833.36175981839,0.08451845316393598,668.8359576473205,19283.95083400795,1
6702,56,34263.81263933627,0.281280419837269,604.273890424466,15266.134443444844,0
6703,27,27517.070404136346,0.21204656836689526,648.1257708350323,5000.0,1
6704,56,28370.545906691495,0.1949129679028824,652.7214536572185,6198.174378247558,1
6705,36,20865.24193048095,0.46757001525413844,714.5641889917135,5000.0,1
6706,44,28239.135665900292,0.32440673696878436,628.6182837055269,6763.348171466775,0
6707,21,11267.79333644022,0.40905862179936936,651.9855550295043,5000.0,0
6708,45,71997.24546218618,0.5084309529619753,663.091088067562,28833.624366183132,1
6709,30,95513.60000112187,0.09121825346758439,631.1261320738288,5000.0,1
6710,36,33732.17301898707,0.5905007982897189,667.9321966119536,5000.0,1
6711,36,45208.96548764096,0.6179807632368487,657.8045409742333,24695.896594607086,0
6712,28,39419.05289541927,0.08362233752016228,592.8871695951993,20284.48436757942,1
6713,49,18834.966458212442,0.45389800649332884,611.0870364904314,5000.0,0
6714,59,60665.45870430302,0.6484118573861118,551.4056789604723,36722.96888949859,0
6715,48,65363.89000861974,0.1405164743896503,598.2740017487885,21782.96344033932,1
6716,26,21579.696494766373,0.17409562251691282,749.8612561711892,11383.233201998326,1
6717,36,42827.88594536851,0.472036067968622,696.3129786424503,10360.595494383593,1
6718,40,31844.480875487,0.418780858124225,593.7929001826033,11540.854383943786,0
6719,36,65838.56258175342,0.38273896806369795,636.5835388112029,15262.17285643639,0
6720,27,34841.42119407652,0.312459235719062,589.1217299619826,22094.951958837817,0
6721,61,35316.42770483374,0.3732890020629122,700.8297919600531,9443.617517214665,1
6722,34,90259.07360730798,0.05,667.6248308237142,25522.726973420995,1
6723,63,19097.107821247126,0.17004390678167255,697.7656569540028,5000.0,1
6724,46,41110.76200152216,0.33319550900780587,627.9073183300741,11333.935249975715,1
6725,46,37961.410736179125,0.05,720.0574664857114,24611.553676499367,1
6726,34,26854.614377587604,0.32894021974291954,566.5845056922293,15330.38283110676,0
6727,27,100700.96565752201,0.34742563089412837,608.4925669766549,26531.601792548354,1
6728,53,42970.724829390136,0.2394094117295669,622.136659251507,12101.949050621819,1
6729,46,50811.935019776465,0.2482086327169241,706.1445331450842,5000.0,1
6730,40,54573.40699194353,0.193145314499068,611.9657147299187,20176.73524130193,0
6731,23,30932.81378708459,0.27736956871457297,582.3685567427058,11293.48955170595,0
6732,24,67567.48294674071,0.4040079203239778,650.650486044546,27409.523211128846,1
6733,46,61100.0047338504,0.4143985126181395,820.5955361376535,5000.0,1
6734,31,34164.753934991495,0.5036839955651324,581.6617184283092,18175.190280370334,0
6735,22,58054.2620541181,0.32644644353002017,736.7144385189437,14750.819250828497,1
6736,34,67505.74287136798,0.41857244072920435,649.4614082207851,36843.00029394373,1
6737,64,54043.66094439249,0.1323066380297169,650.3982844087172,18416.702881174017,1
6738,50,23918.08639531258,0.38119373982513943,607.8105995065075,14012.509458584163,0
6739,32,34676.67802364681,0.31659122527524197,693.768444747698,14904.868874824402,1
6740,46,46059.31111116213,0.4249092700425783,722.6907319915894,6096.916761074196,1
6741,64,41194.50904407427,0.30767113480347763,755.3513668740503,19117.526984230353,1
6742,53,25019.569999379557,0.2935696888222555,669.9980267332664,12596.751561558664,1
6743,33,31467.743486029067,0.22651399426126942,601.5625895719102,10763.347871705566,0
6744,34,43301.09966060445,0.5011335773778447,775.1188820715842,10555.775052319652,1
6745,44,17075.376043667122,0.2580185593471253,618.2962805492413,8277.530675546268,0
6746,54,36668.1972091826,0.6296674402961707,595.9477230369226,19459.55527091208,0
6747,64,51447.76820167277,0.1532860898662912,670.245251084011,5000.0,1
6748,46,41834.18125525763,0.5256842082318975,582.532471882502,13678.672779360653,0
6749,41,23653.3644841018,0.05,615.0350883750142,6165.377050184279,1
6750,48,25828.760058788,0.32461015007172556,693.8590869664077,17542.28953433097,1
6751,56,76381.63879276068,0.2618082495791314,850.0,11996.219302180267,1
6752,60,22723.99283329818,0.4159205639890482,689.5819488677023,9340.6808621387,1
6753,22,65698.66731463933,0.4725157044437403,732.9398697296223,28811.162426657353,1
6754,62,26617.98402287329,0.6401314827230771,614.5039633957759,8314.938104425542,0
6755,29,63900.79317351271,0.27019218409284385,668.6944681583527,36823.24632746027,1
6756,43,47598.28383319168,0.23953761677435598,515.7463369379077,13378.271985282814,0
6757,35,30515.1486642278,0.4823313932944002,556.7259456631101,5000.0,0
6758,33,15013.9475215967,0.3296110548846651,660.9529475364732,8913.825851429658,0
6759,43,44324.101078279265,0.25472107511622905,674.7606363333615,9337.911427148529,1
6760,37,39766.55726473044,0.28318096973717566,709.1374669075179,12682.3459232882,1
6761,22,44665.487445800725,0.24341572057934505,636.726378170134,12005.620243136398,1
6762,40,47557.783483674415,0.09962502602543735,755.6246045295421,5282.011693741139,1
6763,40,18824.91371194658,0.584452683928919,688.5238416759295,5000.0,1
6764,23,44206.88846095609,0.42325697170405885,523.0759557525508,5000.0,0
6765,32,52642.040960849394,0.10839826816808647,523.2084888434221,21256.278465887335,0
6766,60,52332.42003329334,0.5749531669619551,658.9998351012397,23233.070293113822,0
6767,22,19408.602761576894,0.3765669980229921,633.396503637927,6787.168463455364,1
6768,56,64676.252538407454,0.3182459507209214,665.5085882460239,27288.09022533946,0
6769,34,44996.939013054,0.429452588273936,626.474119010954,12319.581066591958,1
6770,36,47943.28296636212,0.284692107002087,607.9737073178777,16317.92160438254,0
6771,39,23205.62464679751,0.15266418645878146,598.5732211468677,6831.339240678004,1
6772,54,53026.44827820713,0.26914883961953084,646.0009006387152,15145.536113231357,1
6773,64,15337.298881690544,0.33902514212767043,708.7775370629168,5000.0,1
6774,26,23763.392952146074,0.2150247784649476,574.6653987220412,13387.683684287922,0
6775,33,68411.22109596682,0.4262954797032916,640.2932346096445,16563.94422328973,1
6776,56,51756.0813890997,0.5419286283254511,749.7273162048969,10731.363711441587,1
6777,42,42013.826448608845,0.2952044643643717,528.1145966438788,7880.709408064563,0
6778,38,58212.59030642116,0.05,694.9766005027882,12981.162965502377,1
6779,32,60270.397210531926,0.32507759084749066,635.4089086836191,13564.274362735945,0
6780,50,53048.2729870413,0.22247499035472124,595.3842825095941,17995.391403397727,0
6781,60,32574.53174161224,0.31786304336612414,611.1971949038857,5000.0,1
6782,27,23411.361782502845,0.31589708397518024,722.3007441709026,5000.0,1
6783,52,26063.562311641246,0.22080783667889706,640.8836486893765,15571.740700123059,1
6784,39,73518.61074130717,0.14491919857761063,574.6970408873747,42909.413672002556,0
6785,26,19192.036214388,0.3518611761507559,589.3430469477149,5000.0,0
6786,40,46416.56607961037,0.23481457953702453,615.0675501837676,37088.53909487237,0
6787,47,46452.22121063398,0.6115651514362421,710.7492800191965,20447.284237769112,1
6788,63,75661.79077191702,0.3869535659189348,614.8195540115181,44972.96170745888,0
6789,57,46387.23397887385,0.2399550206941154,648.2657497123655,14763.356669905044,1
6790,27,29389.364424716958,0.27889181029489024,601.6016143887097,7344.950509903243,1
6791,25,29621.69189797072,0.32727745592062296,622.1053952310036,14529.98673235898,0
6792,31,36210.691201393565,0.3646943074526357,638.6680027693541,18957.755779438725,1
6793,35,63980.5638685583,0.4424587135792483,584.8734121589881,15714.522297225809,0
6794,23,54353.26309940686,0.52174082997429,595.3196166633484,21095.489830082643,0
6795,25,21102.448376953977,0.33934579810115145,613.4974301975819,5000.0,1
6796,43,41744.85180652851,0.4182835314283846,755.115714433394,7095.937541249489,1
6797,57,54865.04474587922,0.41396570771838637,654.2503360831874,32124.476294076878,0
6798,29,32254.482577151524,0.36481529777430494,587.318286229245,6225.930182089568,0
6799,35,12332.739912638503,0.31885190570780125,709.0657487452771,5000.0,1
6800,23,32917.622825216364,0.37122502057884116,712.7909172868136,9063.02073011245,1
6801,49,17282.075582424004,0.25202072859933045,585.8651296196673,5000.0,0
6802,26,15966.890732795766,0.1798478587729047,763.7515117055497,5000.0,1
6803,37,61857.148522370335,0.5666068594278697,676.8257583933021,15977.197033777087,0
6804,46,128093.44466682337,0.3823435881081298,679.3859513901388,14962.951360797484,1
6805,41,71836.12246144324,0.3909835412833159,675.2725797464467,19477.869368379852,1
6806,28,9844.847477670915,0.31752452843663587,673.6357857141273,5000.0,0
6807,41,33306.027137990655,0.4247296590791693,641.9263954591243,9666.027918227725,1
6808,31,27042.25161715507,0.32301876684961034,695.4738064594139,7713.29706835899,1
6809,58,17405.45313746568,0.12242656869499881,626.8798854587875,12088.953855066151,0
6810,28,45817.86554962668,0.26981047467356317,760.1405320835973,6413.171038386605,1
6811,62,33110.4137770111,0.4396406748432492,510.48875244431395,15306.835403360446,0
6812,44,20291.45631407099,0.26096132894463436,586.3022584662976,5000.0,0
6813,55,12988.600642422107,0.07509208728142829,674.8741506725347,10294.064959965002,1
6814,34,26783.516873449,0.30599418209157275,644.434674235143,10158.354917471304,1
6815,34,36459.36101326591,0.0903980478500536,614.8068858354536,12683.00637012292,1
6816,30,34227.73661598235,0.30374098982984715,662.2489826256668,14460.556464524427,1
6817,32,61783.472203476085,0.5278078766274397,564.9813494447537,19333.3002810964,0
6818,58,43001.574770144376,0.15924047196395522,577.4610733998899,9341.976349084853,1
6819,64,30567.286432509478,0.4471965875353679,641.1015028732737,5000.0,1
6820,54,24134.22425019655,0.6072245253388648,676.8728645908625,8218.265969983388,1
6821,61,14980.980682211293,0.5409519498351059,599.8404321893223,8250.124891540796,0
6822,30,21043.817066762895,0.3158567322886396,524.1151357082025,5000.0,0
6823,37,71622.20320766346,0.21271802248844027,666.0802653412063,53196.286337578786,1
6824,37,55956.8694995505,0.3762328052370576,683.9942955173789,7141.789961336824,1
6825,23,41956.30996329999,0.3783087627792906,573.6047051211999,15180.854000457954,0
6826,51,28366.53415444268,0.4882449820732129,622.5197850765545,5000.0,0
6827,21,67542.33694819144,0.3576751338717658,713.6923515328303,19480.212882383927,1
6828,32,21904.378124456507,0.4104039766532609,568.8817538930801,8005.077459866255,0
6829,59,22029.995012451003,0.213656961967875,647.7247691750084,5825.417869193128,1
6830,24,34657.21665618027,0.46095031848923457,603.4566769929037,11633.829615751209,0
6831,62,12190.722751536528,0.15859316970170811,802.9144261485422,5000.0,1
6832,33,21595.961728699374,0.2558722856129488,564.1031828862795,8911.759749096276,0
6833,54,32269.75372123196,0.44012814835341335,522.3032875800383,12878.286336594505,0
6834,62,28836.089877196413,0.5436421150910491,692.4374668176475,5000.0,1
6835,41,22156.196751883585,0.4525775507378718,627.2037346511902,5166.057989240392,1
6836,42,100478.44105480333,0.3451411592006541,577.8624265018873,57044.297351928624,0
6837,24,71799.30821682159,0.3465284934626429,615.5832575653204,33670.02755866069,0
6838,38,85588.03649304106,0.21382238534032263,756.1138603438337,6584.339245726598,1
6839,25,34560.885802082405,0.2945860852161711,650.2100449245908,7798.607758599185,1
6840,39,28444.412009375905,0.06262887551275118,752.5304929512129,7234.9607929046715,1
6841,22,80888.88718957428,0.5988452801679909,563.2386445675969,20310.994717663525,0
6842,32,37896.088539341305,0.682431594578198,726.0988804515331,10145.849006572034,1
6843,37,21370.252318208542,0.058578538716957576,582.2071589291555,5000.0,1
6844,30,22125.466910140534,0.13487352966931562,735.8789358818652,5000.0,1
6845,54,30877.59582573431,0.5543572493297955,730.1628870003448,22398.06700355667,0
6846,26,35917.85288857856,0.2322913113517879,580.3612642016875,12084.781490568705,0
6847,28,37825.18819666144,0.557766800237492,679.564121016899,9714.00519569421,1
6848,31,33130.43603412567,0.46308523798777274,664.4828345148609,14920.731488097954,0
6849,32,116985.12586370303,0.3018670343578316,715.5280482302284,5000.0,1
6850,29,18461.43980583924,0.49170520778312565,570.7171434498766,7557.711725806491,0
6851,22,50835.775620678396,0.34450626394130607,621.541976288938,5000.0,0
6852,28,28603.193070145342,0.34189372740796864,653.3607422336044,10653.748503715919,0
6853,31,35618.03022105494,0.42929303333276597,755.3284784781796,5000.0,1
6854,56,58118.98851373736,0.4688142995543912,654.1791453249084,25581.159428785006,1
6855,30,14892.687624919354,0.5003508385583028,582.0331330529888,12383.156922198632,0
6856,41,22630.74996270056,0.7032602191005504,672.4724644010079,7486.323756136096,1
6857,40,33967.868318736386,0.40469464309456976,578.9406929177458,5000.0,1
6858,28,75972.4373790997,0.5439309652896475,531.9582540604807,12903.728681623359,0
6859,56,75772.43525904123,0.5397593873995599,638.6839303816878,27932.89010138944,0
6860,49,68778.79189080202,0.45275474840044677,669.4437662387774,38077.66587452103,1
6861,62,12128.412212395104,0.27087220996565003,663.4950780149913,5000.0,1
6862,32,21485.109985268762,0.5145378294989602,653.7433059335157,14494.428972460537,0
6863,34,21931.57009972608,0.4168761544306179,774.9964617273499,9355.514443798702,1
6864,41,35326.27772257937,0.15669396720709106,758.5920132709496,10521.831000746559,1
6865,42,14378.46289592375,0.502052158449923,592.3011522825618,6797.57077790852,0
6866,41,62877.78925751729,0.10607039436951982,716.0316529199405,5000.0,1
6867,64,13397.26971450073,0.44713749375980033,808.3346813905474,5000.0,1
6868,50,60855.83415848752,0.26718386886673196,773.0777545023101,5000.0,1
6869,59,56129.64597375742,0.37448952284268805,720.5576049796229,42000.17035036943,1
6870,40,21011.128382326275,0.14088156428770668,640.6213012058814,6358.707352631724,1
6871,44,68253.04239070401,0.24141159114983432,558.6810487091072,22976.133500534797,0
6872,43,30742.2949988087,0.27147867263093073,582.7028576911254,16185.75496739166,0
6873,27,27001.575753246147,0.3271569176700644,686.9825833972625,5000.0,1
6874,29,29415.4770510219,0.2607895373067534,670.6101471820707,5000.0,1
6875,21,30704.32287746809,0.40217633434525535,654.8060735349105,11382.563743598881,0
6876,46,32149.84850275816,0.42154566567297697,713.7055073176051,20489.882048924756,1
6877,58,32516.838408141135,0.28302055508617585,731.8944755592056,15525.092563872655,1
6878,58,23268.180063440723,0.3558574014720005,731.7953992386304,8638.197682760992,1
6879,64,26131.636119098806,0.4297331515041181,701.5439559036249,9189.080495903294,1
6880,42,27287.902788856485,0.05,686.212697580784,14331.377413120445,1
6881,64,83814.82315735077,0.4163244609688838,613.1405809710852,8974.272384876616,1
6882,30,27294.042749198954,0.2537422734787355,655.9772476340896,9821.364116667686,1
6883,26,26431.658563754165,0.05,675.1707518857083,10411.490576129494,1
6884,37,77510.16768548905,0.29122667714288103,646.2637442607054,19163.10704348826,1
6885,58,30914.96257990196,0.19883134188683918,538.6582606570717,8459.438691562087,0
6886,44,23269.15950566791,0.2796106782388313,672.4414198191348,5000.0,1
6887,30,20879.463917329344,0.4200583348213708,645.961199267975,5000.0,1
6888,28,17852.87399569616,0.4775735677837299,640.3321187058136,5000.0,1
6889,41,47600.211677966276,0.543441892150968,690.1564926457928,20683.431269301695,1
6890,26,14732.697383577624,0.5526062905381577,688.7154708267565,5000.0,1
6891,41,71194.35803477328,0.19451986226537446,733.5605840797672,19447.936321374593,1
6892,59,34694.42639698303,0.5314981805416165,691.3911914513739,12203.637324181762,1
6893,44,29186.536659082012,0.16650132963265887,623.1226357958061,10514.745463242027,1
6894,53,32397.036471158877,0.5087043369716534,742.6380194780248,7487.134646768211,1
6895,38,45776.60022723199,0.43565822515095876,755.2676376346411,5000.0,1
6896,48,28712.288565584728,0.37560099474645825,648.5298267698903,11473.683273430708,0
6897,52,32995.093383789215,0.21705932736766193,737.4409943903933,5000.0,1
6898,32,61484.47032065861,0.5296321854610369,661.4384320010242,22752.764792609003,0
6899,62,43193.82480567453,0.1988559285138531,730.4731775559212,24276.831297016124,1
6900,47,19438.658536357714,0.3466130846654584,742.6496177270762,12722.633391704954,1
6901,30,25492.14980047854,0.3601917251729756,605.6953851136057,9585.950015528475,1
6902,62,14902.610456089535,0.09532560790657926,747.9906161262414,5000.0,1
6903,52,49395.92869775171,0.37234938377381277,653.1691611016985,10138.073115281537,1
6904,62,52104.152178508404,0.1856935614440597,677.2899505496456,19162.95325831483,1
6905,46,22761.305592508248,0.5661245898237316,727.8370651536924,5000.0,1
6906,45,114969.96161884598,0.7555780292074437,631.9804537731194,15991.524835809245,0
6907,31,122877.47854354829,0.2399296392735158,719.4466178241802,18132.547625746727,1
6908,43,36732.043266580964,0.29105119119158157,661.6853231926476,14036.236878552767,1
6909,54,24375.07138433768,0.3749546651998364,618.2001186902062,7041.120089987779,1
6910,60,41643.500904697095,0.05,695.0397400153939,13776.635784104514,1
6911,43,24088.360355913806,0.5965166162302686,737.6800500447436,6631.693166562889,1
6912,49,58396.78687759887,0.30219421333546115,657.3878927225952,14953.39112956521,1
6913,51,39465.400408849506,0.2900330581076886,579.0459918767807,14249.575566473433,0
6914,27,40910.28729434376,0.45345185862683374,627.4457090322989,17981.07596817633,0
6915,60,87516.52421916105,0.362745739712193,600.5298656269355,44946.197549889665,0
6916,53,26648.50517130253,0.3746746139683067,809.2593755389042,7851.191437462702,1
6917,41,27187.28158305822,0.476535210824104,588.8166855977986,13877.381557694687,0
6918,22,55780.81263831193,0.3312435353041017,490.75918091980634,34475.75698557175,0
6919,38,29407.390863050063,0.18148106854193194,623.0582367610963,5243.923548724954,1
6920,53,80976.61683515461,0.5336008433875411,663.0449335878033,37114.19930810257,0
6921,57,59889.01140313718,0.26217583052652677,652.3044660823704,11147.790752709981,1
6922,54,30161.436384464294,0.2703878799426776,662.5899975273826,16457.289933504646,1
6923,40,14679.637143136913,0.38461203714452025,560.4183266252494,5000.0,0
6924,55,17568.7709483927,0.1540796807592033,654.3146776903882,5000.0,1
6925,38,28541.57197934099,0.3858899211744002,580.6629046437972,5000.0,0
6926,44,44460.433343802775,0.4921335743093846,713.3688389471678,8246.456456454922,1
6927,28,63015.66051908247,0.5869855405553762,569.9729463035512,16943.833902642502,0
6928,50,32576.81767813178,0.46102222003743537,643.9598398801855,17097.269336004894,0
6929,64,23284.7953506938,0.5109534267244483,594.3813985375199,5601.795714275041,0
6930,30,33847.793773681675,0.2540704687215806,716.6720150777772,7103.919328500966,1
6931,43,36687.25415732526,0.4738053932798,617.0850890808872,24026.313251024098,0
6932,31,69736.04853627797,0.3213325517221509,576.4834495450394,15313.962088338687,0
6933,22,67826.76064938575,0.5239163003803989,723.8147222500678,5000.0,1
6934,46,22005.526637302348,0.3653832924990779,510.48826982035206,5000.0,0
6935,56,45571.86908628672,0.5116349575409096,698.45175157585,6955.93422324146,1
6936,53,23696.365531902316,0.37419484861043395,673.5809587985658,7095.252377443482,1
6937,33,24033.382209473257,0.2348893624527583,826.5748559136238,7340.877947561296,1
6938,60,61043.24073563241,0.35593674274804665,695.547161470497,10760.02630594838,1
6939,45,32871.00574562079,0.30038741097076355,685.0420936004514,5000.0,1
6940,24,50007.62972591663,0.5445835309992406,590.3896711980302,6141.478430961558,0
6941,62,47446.94071151078,0.14658662522046395,634.640683263101,5000.0,1
6942,39,34900.53060286156,0.09840763383838198,668.3500713660898,5000.0,1
6943,38,42894.28444224315,0.3938289004638248,749.5456255168071,5000.0,1
6944,57,40212.23993918402,0.3015010997240134,596.1640271817714,14446.743634020935,0
6945,50,20430.315009989943,0.17814692444511232,521.3179447752881,5000.0,0
6946,39,46335.45870820947,0.3447248560661041,655.0610969602069,19348.19776659885,0
6947,43,25514.475775979146,0.389938994369893,538.4630605866156,5000.0,0
6948,36,21278.503950235532,0.5342809685535351,706.6639961860758,5000.0,1
6949,21,55676.96085490689,0.07208802061546271,756.1485463551469,7135.689600299592,1
6950,32,27020.209008273927,0.377817786523659,722.159109379721,5000.0,1
6951,44,63281.231590029194,0.5961885339582081,614.7537273808016,9386.764299195262,0
6952,54,62892.353811067245,0.5890985269883097,763.4284189185221,40642.35542520696,1
6953,28,28613.23004845322,0.36385769866525375,596.247771503768,7950.619629949559,0
6954,38,61955.426063586216,0.26136133349148283,581.2149089329362,8764.459601008974,0
6955,25,29891.738289628338,0.3095741253711727,750.0706028359397,14709.725843298282,1
6956,46,35094.690113919685,0.20227941678014422,625.1139483647581,10348.5540049387,1
6957,50,46485.37380876662,0.2837865914883735,661.1348112702389,23995.00682444736,1
6958,33,100679.5728609053,0.3617424085680717,721.0237614931026,40219.135196981966,1
6959,39,58130.66340642621,0.42058699500877667,573.0367138671501,19034.488109341226,0
6960,49,35281.18942508645,0.4780101692838059,612.5950212386788,12697.375320598381,0
6961,23,38240.52813320003,0.33341061359551327,608.8620970580861,14367.554631304052,0
6962,46,16455.890605939017,0.3223178348003844,633.6848076958931,5000.0,1
6963,60,60018.05727144359,0.4814651525233618,600.2682797107157,19426.10273223806,0
6964,32,56878.2542871792,0.2985328599142803,676.0331825273346,20261.81167463195,1
6965,22,41845.77659677643,0.4548053589805351,675.1483892166505,15977.898264367484,0
6966,31,51993.71214004962,0.10221811006045453,650.085740337852,10520.715275353601,1
6967,64,13192.532116046717,0.42006219196759975,666.0197123755653,7141.250870493005,0
6968,48,21144.121269532017,0.6669809868931182,604.1722677464896,7298.612091321339,0
6969,38,89387.56050994452,0.2110263494896484,651.480076379993,19430.23611028329,1
6970,33,31924.733519404672,0.5649654162715946,532.0419356327926,12153.425402019504,0
6971,57,53035.48430617656,0.45409115245860027,719.300128789859,26952.782338961013,1
6972,42,25001.22791318066,0.48119314170568067,610.7379690423596,5000.0,0
6973,32,29112.303582593853,0.4504348775691925,613.7386680171438,5000.0,1
6974,22,91797.59614359928,0.254713850332482,584.5750185631964,42541.69199254145,0
6975,57,33566.17325601089,0.1544787701480038,659.8030699309729,16540.66615124727,1
6976,27,47182.58007616515,0.4211733007272981,612.6339047469226,13130.974917943397,1
6977,46,38763.24937707887,0.3315810399309387,694.0715365243504,10179.528193739628,1
6978,46,41077.20347226422,0.1411842805614328,576.5097377777346,19627.458965267728,0
6979,44,40380.95725710186,0.2819129325621258,659.6715959053904,5676.533670525659,1
6980,32,13510.174738069154,0.1919017997069452,679.7941585345786,5000.0,1
6981,36,46098.37290129626,0.6376739736953982,705.7811201425425,14863.179285687245,1
6982,43,27755.38910375802,0.47627046601800826,696.6713554406126,8953.377602722227,1
6983,60,88413.82131582989,0.20331332744150932,586.5116634513997,43013.648942113185,0
6984,29,24678.30701339117,0.4252203686024893,654.7578342629034,11364.640505669277,0
6985,52,28686.999592193428,0.1762257867786656,642.7098808745831,18157.454993258765,1
6986,35,123384.03397708753,0.07730255132507878,576.6608209016208,43584.329365378595,0
6987,57,52140.76908107595,0.24523972155920876,648.1360481679496,38705.21316998098,0
6988,33,22209.8351876021,0.32740351619385377,552.4165237181941,11865.283300106375,0
6989,25,39664.25089190156,0.4073921524758301,666.4670308281259,12781.530549265646,1
6990,31,19728.171808227402,0.48048002402857715,734.41718860051,10136.061031523941,1
6991,30,41307.25159979021,0.2963162926168542,719.9118551122792,5019.631477268069,1
6992,33,24289.775480522323,0.451057690791692,677.3945095547616,5936.0067736434075,1
6993,61,92265.37666106381,0.11036636307291704,668.0960223144765,24913.145153586665,1
6994,35,44821.45620801798,0.5699245206478549,641.9661449453619,11751.015915330294,0
6995,62,47276.85313273309,0.11559943328982134,801.2305341262385,22254.69544862991,1
6996,27,58388.58360192289,0.2759205258661867,635.0203465642912,30400.090343619984,0
6997,60,61747.67324886223,0.24433836089398783,557.8319232447652,28202.388263573455,0
6998,48,25731.341278103682,0.13441215391273517,703.407937384096,5000.0,1
6999,52,38081.51864630887,0.39966649309400365,682.2719843974035,16600.567646629745,1
7000,55,29064.14167419593,0.606062766174399,572.7117114458194,15774.316946535226,0
7001,35,103469.95378287541,0.0779086372374967,622.2125266732387,46065.20582778739,0
7002,56,11583.853746217328,0.05,661.8344976393234,5000.0,1
7003,41,27240.08802234577,0.21878476782452244,610.4764236290271,5000.0,1
7004,26,34892.224596799235,0.31471904173196735,714.2263864398535,14365.453683375385,1
7005,21,38889.048194513154,0.4650066923648944,595.5404658797572,20715.609385204683,0
7006,24,38494.06684919367,0.2780071470802435,632.402829707147,5000.0,1
7007,31,35487.08366655911,0.07350229973772805,620.5145785610395,10610.376740746235,1
7008,64,33482.92905232537,0.5424664575968072,681.5406053589927,10341.099716303475,1
7009,46,40972.17612771239,0.2127952091042025,694.2866201145177,5000.0,1
7010,57,45741.05350397587,0.4445857261789683,681.4340061055179,16311.110294395905,1
7011,43,88907.73617241967,0.179270272931483,520.7252141384511,33676.24924578314,0
7012,49,88515.25170303787,0.3224935563030618,661.4204781861542,29569.23629024306,0
7013,41,42213.629847785196,0.40336498266801996,683.409261831975,21084.8512287638,1
7014,47,28348.437884444098,0.2215826243885629,691.4559541638444,8278.748050522112,1
7015,59,29357.58925628277,0.41372994116656797,637.5768454344143,12962.94395489514,0
7016,60,18825.246882764364,0.29621605977039395,651.6503724362324,7264.065597630911,0
7017,33,58490.35907401094,0.28150467551737024,610.1944952556307,25286.58839499503,0
7018,43,35512.23842611106,0.5762868270863198,739.4575499224937,7333.15576838401,1
7019,36,45189.98615787828,0.40325272563419573,556.0964441096216,18407.733823393082,0
7020,50,42910.5784566767,0.4232995048731455,681.615318845273,22862.630025320686,1
7021,24,25621.568482591454,0.46047606308496736,580.3397835488904,12492.610390978953,0
7022,60,24087.75566690954,0.43638016328615775,616.4300974957546,13152.518843615246,0
7023,36,28956.319620991497,0.40350864206578885,647.2467405377411,9805.069083570754,1
7024,51,46298.42227678998,0.536070663228709,510.991537579109,28728.556947161516,0
7025,62,34878.440435187935,0.20940310971497533,552.4781829311826,8482.023183928202,0
7026,45,15023.108147663559,0.3722239195606697,537.9087774069857,5000.0,0
7027,64,21762.13875270837,0.3035405400549113,679.820037582533,14166.71132475876,0
7028,32,31771.15488179744,0.3711571740588884,721.649741274875,12500.267164848026,1
7029,46,35767.4955985992,0.24524308286334823,538.2869949500952,17263.464125808066,0
7030,57,46992.330333497324,0.1065985486408734,637.5421243202359,5000.0,1
7031,53,37035.43679587955,0.47001717470404303,669.2171206014009,13812.562757590633,1
7032,48,30292.148902889243,0.7119082289047596,668.9231667151004,10780.33517133615,1
7033,29,29775.965985011648,0.5114350294303656,790.6026347788872,12386.575532453864,1
7034,32,40164.19764441538,0.4800849309870508,660.7510077092535,16521.109759363688,1
7035,25,44757.955489784246,0.3882625335191302,585.0353414934676,10420.188156238484,0
7036,48,30794.724163680483,0.3267665324661276,702.4133486221851,24331.732885042107,1
7037,55,21187.209549547162,0.33566942077397344,761.3882096238988,5000.0,1
7038,25,34568.4707597286,0.33378464519834206,558.8802850184555,8745.421470733076,0
7039,54,26240.760114086195,0.2528200641196248,687.3897371696534,12802.875374472676,1
7040,54,41931.39669115941,0.10177689435932176,651.9964153618258,5000.0,1
7041,33,76143.41217070403,0.3798256272575633,583.297752032674,22125.337254627848,0
7042,59,18475.81524070887,0.30820292700745144,605.3038139576348,8446.57953669344,0
7043,62,64559.87381143344,0.5208911669134219,761.4139175176779,13510.832420407887,1
7044,34,45913.744548447794,0.4609178888922781,704.0836814647037,7650.487993293695,1
7045,31,63033.42091117213,0.05,679.7612063303939,24549.359222874096,1
7046,62,29205.951858872482,0.6070650567814171,545.5671507162883,9799.83712748743,0
7047,58,17623.45815044165,0.27259687667061566,697.1983407901052,5000.0,1
7048,24,39729.445196270935,0.2958449612493207,728.1407640074791,13188.609209418104,1
7049,53,73118.93407594085,0.09841519923697144,554.3885290339545,21898.84569081706,0
7050,27,21369.911172486634,0.3899750899400467,651.5224660879443,10695.320070411311,0
7051,61,23036.70073818283,0.41167504825178347,720.5701198570862,5000.0,1
7052,28,48708.03790871467,0.6070918040795827,711.131539015031,6634.052678285713,1
7053,57,28110.446712574307,0.4776468033734745,694.7979497399075,7138.975883946616,1
7054,30,83536.79909615134,0.2744454795909429,653.107644616924,20796.237310877736,1
7055,63,50313.9599593289,0.08407491785436937,725.9963389942521,24782.031348735232,1
7056,35,25346.307610143656,0.2635805326567737,661.2882551167921,8439.687051566852,0
7057,58,27382.977090304263,0.5065909455107757,688.6762400236859,11870.221188432648,0
7058,35,27929.727241755325,0.29038061789259645,674.0302805527256,16446.3402735138,1
7059,25,35544.468374935044,0.18591104606693307,575.5795321411852,5000.0,1
7060,49,42286.60611306516,0.3753788754171386,585.4860972310572,24986.495412570504,0
7061,39,40770.55565864376,0.29981674700912186,548.3600543737039,12507.476154901353,0
7062,30,20695.010168572455,0.2815294361139853,623.234139180138,5000.0,1
7063,32,57007.48263314157,0.23775270239667282,706.8293045348196,19853.663092866605,1
7064,24,31412.44611051594,0.36635010847434596,673.727967959074,5000.0,1
7065,51,22839.167088481747,0.5038537311211899,647.7257758530484,5000.0,0
7066,38,28809.988235741723,0.42713093945128866,745.1224853008769,5000.0,1
7067,36,60304.01119336263,0.060903440179910596,628.7696761929575,17260.916422551854,1
7068,60,39941.120598819434,0.5826645545423987,689.1242703081437,5000.0,0
7069,56,41721.871490211284,0.4627134424859967,626.1355179014269,23117.51947925892,0
7070,45,20231.699714878338,0.39558109416045806,545.1817604190369,10609.345366449652,0
7071,43,38797.71298849314,0.41367020160199225,597.3216814131036,31844.12043488116,0
7072,32,59800.29571131605,0.4376903758089213,595.4579957785255,17018.28315845931,0
7073,54,14742.799301104136,0.4083776059121087,550.4947314368818,5000.0,0
7074,56,29897.351561213734,0.2058043248284153,639.3503003412429,10281.819714368969,1
7075,57,49592.2825506574,0.4261294695569793,598.0537820140779,23491.97761011738,0
7076,23,39305.59325506619,0.37444802315181036,754.8249577992848,21979.24121828412,1
7077,29,21820.332712815714,0.4126903025875768,633.6020354027511,5000.0,0
7078,38,44317.34576556558,0.2546302946779413,591.4055446316657,22245.574651669216,0
7079,63,20257.785609443574,0.5137536802124925,573.8443385422815,10145.257811432255,0
7080,55,23534.58882306963,0.2658733449327179,571.4828033038192,20999.737174062182,0
7081,54,24803.02940801604,0.3427652301997485,711.4344466336739,14469.471242222084,1
7082,61,78565.9811437852,0.27382541292879037,717.5542749023165,53084.179629574704,1
7083,34,15758.6544707849,0.2003648899240936,510.20785003520933,11007.229891940664,0
7084,24,16351.130009906374,0.45734954948807716,801.411555856546,5000.0,1
7085,49,41842.20758510162,0.2748504189762324,655.3872800466064,6193.7918684504375,1
7086,61,38269.229436852525,0.3719457522489664,721.5559631026907,19143.02527711317,1
7087,35,28710.930733613015,0.14152777252146898,593.8287328930072,6576.058328867595,1
7088,48,36567.406712099044,0.07732054043799604,581.1024885097713,16716.646009372056,0
7089,62,21327.016927032324,0.609563123504339,632.6141608153165,6102.459103329157,0
7090,36,38027.44086660102,0.587966552085695,676.2634627435077,14562.783051906586,0
7091,32,40327.736270389134,0.25933929818354484,665.3268164712646,14813.316932584969,1
7092,25,66659.31389154644,0.41833448981525,731.858643120378,29698.461335918448,1
7093,54,94243.77785012647,0.28311717754608956,526.2110568358106,6061.055949075658,0
7094,62,31767.27870257648,0.45012438322584364,713.4955571283452,5000.0,1
7095,21,19213.023779280396,0.18773484772925028,685.9733842483631,5410.387765512156,1
7096,59,44023.86656246324,0.17338168600174977,671.8493081113545,14257.761782012285,1
7097,52,33965.36513648316,0.353246105554354,555.7046632142004,21589.673690931417,0
7098,46,33221.64453127413,0.4073461012976931,594.1070852055655,12838.796506528379,0
7099,37,16227.510708987338,0.24526694269301355,694.6519761830721,5659.73700617439,1
7100,47,38151.01994327653,0.15432203598629984,478.0708488915087,9539.164668452857,0
7101,44,44865.72844574983,0.5387609926389135,517.2414571422405,18134.3945864265,0
7102,55,59677.02531223327,0.2803489441506505,682.1664541586367,15167.141438796101,1
7103,62,28205.067289692048,0.2818764759504838,689.362717881953,5000.0,1
7104,59,24036.015525832747,0.5348944205304411,597.8400481689036,12356.910321810605,0
7105,46,28092.729008523416,0.6862363308864375,597.6396141809703,5646.476022777113,0
7106,58,57921.251593069246,0.3991363493198695,716.5977262090282,12456.67612416834,1
7107,43,72624.24642960174,0.48194048795948746,712.0788911781219,5000.0,1
7108,42,63608.04021862486,0.17927380637730972,626.2181765824661,23938.875078388548,1
7109,24,50203.71711880641,0.45962807413503554,564.0240925696003,32234.520945662185,0
7110,29,35735.85036029523,0.4781631581264228,753.2574808021141,5000.0,1
7111,24,38633.207344642484,0.20639025336292433,559.9125723151487,5000.0,0
7112,27,41554.90064413105,0.2697971738967866,697.3172815276266,15830.96378032733,1
7113,43,32014.40525673438,0.5334813842331693,734.0250717185419,11308.112726457293,1
7114,22,56646.78315291375,0.3085763176689222,649.5286356720713,11629.321313180919,1
7115,44,15892.701539122821,0.5635984458151394,608.7910687122884,5000.0,0
7116,60,17433.31133162446,0.35290490170941735,537.0064798520358,6247.7444651793185,0
7117,51,15878.723119447735,0.3456218636934813,654.3663071131783,5000.0,1
7118,51,24316.352045397023,0.49644436647888085,547.6011358767995,5000.0,0
7119,60,71189.14978151844,0.657898150462659,671.4743040998729,6986.094595631747,1
7120,63,20040.726972042812,0.4489630922047183,508.19675233522696,5000.0,0
7121,54,20413.057214786328,0.3762202254094257,532.6260876547566,5000.0,0
7122,44,24036.20028165517,0.5399756021464431,659.2046166419296,5000.0,0
7123,46,63180.868550053805,0.5503595014077567,708.7766020822773,5000.0,1
7124,36,74432.20073451164,0.4301949361317841,630.0970009758028,30909.099705723092,0
7125,33,60326.57343210907,0.4067568888117877,723.5497550134849,24220.597139458594,1
7126,35,62225.569045575874,0.4551890845041379,610.7312804777099,29431.07345644075,0
7127,47,82946.49683048927,0.13548648260519966,802.4384628275855,33574.46479145483,1
7128,24,14790.653569550208,0.19295440470498013,556.8439733760732,5000.0,0
7129,36,19683.894522768453,0.38611633414924534,600.0935489678787,5000.0,0
7130,50,25581.69715357532,0.23445714777830254,744.5892176705854,5000.0,1
7131,64,38248.672502716756,0.3554535577217431,631.91755977842,5000.0,1
7132,50,38186.75562974537,0.38052842081325966,716.4743409856819,17741.81299212758,1
7133,56,38485.78895780144,0.20270591241657893,557.4544487639719,15613.696550355355,0
7134,23,55111.27584350683,0.4394516001190612,583.3245885324312,5886.774072905975,0
7135,42,13919.927641746655,0.06453634401603818,691.8582589800822,5229.87042252822,1
7136,42,33854.73026607079,0.30174764472252835,549.3600108995158,14405.021040146848,0
7137,32,41473.27825908457,0.12008224724506479,565.0707754717737,16691.696005447193,0
7138,41,30860.954828696584,0.30166504638891045,642.2126260714666,14781.160578785075,1
7139,24,39917.42443595186,0.49343683114403586,742.2442508675701,12374.805875406322,1
7140,51,60542.784224088726,0.2387164669581136,675.7032239029477,14970.018265393523,1
7141,64,37463.069935218824,0.05,635.4215473949557,11790.084691645074,1
7142,51,105756.27891683354,0.31487439158300023,661.5217253062971,53199.89952588716,1
7143,43,58421.75502038605,0.22543221240674358,528.2055467267404,26391.877761680436,0
7144,40,41484.007468120595,0.3502434297321896,609.4113026733552,13229.2132259399,0
7145,35,46717.076691654,0.3146658783568923,680.8646044371804,24740.256395533263,1
7146,43,52662.51388571023,0.37632577839190934,666.5970723175355,35360.2108098752,0
7147,48,84348.38714307819,0.5259030871751765,692.8171883763664,68476.36704377923,0
7148,36,65325.943807140255,0.29344147214107436,699.1042174243811,52849.986925922254,0
7149,57,46962.41489115546,0.3629789137013515,665.8550100529573,44287.21986000614,0
7150,41,25227.076142923877,0.3015378862602313,474.0188130736271,14375.02817843565,0
7151,35,44688.15661904314,0.5015077750817252,673.5523712366219,5000.0,1
7152,37,48507.19743791967,0.3735344664442987,615.93442371774,16610.56317107974,0
7153,57,53579.7496704119,0.4279286985001951,622.9386131090191,5000.0,1
7154,33,25160.996500896083,0.46400345823139433,623.954937148614,15983.834299870472,0
7155,39,52524.53820973957,0.058345348645443884,670.4244017271407,12470.892067516099,1
7156,50,54190.2358023245,0.4680373648243932,547.1117817574502,21103.699288945096,0
7157,38,19832.295979357747,0.4070733841858722,529.8858293996046,5371.1333261541195,0
7158,34,19916.111812648036,0.24882973409623843,563.3339654480767,13138.454537742671,0
7159,56,63513.49515305126,0.5432596035148375,714.367686692863,5000.0,1
7160,56,23680.71408946429,0.49806032376786086,619.3978590839199,10452.099617546257,0
7161,40,78344.23311659145,0.32151340129718303,685.3845089264755,7163.163340130826,1
7162,39,31587.952670484116,0.05,683.5957323302,5000.0,1
7163,64,44021.56576657191,0.34139296858759627,677.7738556274473,14857.980276897484,1
7164,27,42965.30094580166,0.200205527600419,686.8685637454969,5000.0,1
7165,64,25406.623905116907,0.05,613.4408201531705,5000.0,1
7166,24,72782.30671487928,0.43723972178085363,696.8168362957481,5000.0,1
7167,54,31603.150708417354,0.5790446271371184,676.7287075200917,7021.576454610519,1
7168,22,37398.8191862734,0.335900322295543,538.9676269050818,18199.68229147057,0
7169,25,13479.390899248956,0.3888840321560594,654.1586811093595,5000.0,1
7170,30,18616.52217856274,0.5514137352920466,639.5470445102912,9611.358980975876,0
7171,52,63803.5679839814,0.3766796396032232,682.4018549377608,12275.062642494075,1
7172,62,36215.18672954018,0.25863230744636184,651.7987984533286,5000.0,1
7173,61,27098.043152902013,0.05,633.22376587397,14709.376325285613,1
7174,33,27316.691946795032,0.47225273310058363,758.9438886407168,13461.776799156574,1
7175,59,47776.70649256473,0.41268609018134084,692.5443668832721,22105.101938311454,1
7176,25,68199.02476063794,0.4891266019364069,652.8449484470718,23620.065871065734,1
7177,30,27422.916701220758,0.05,571.701466217583,5000.0,1
7178,30,62813.8518404911,0.6614994177731138,658.4430195504833,34447.778678291485,0
7179,58,33522.165930745796,0.2314053163418382,590.2724567597903,10249.407333887151,0
7180,47,46645.17533299297,0.5138857832966768,534.2964297632649,15256.14037179561,0
7181,41,14950.209181620508,0.06503481599645433,621.5368699315552,5659.661604639057,1
7182,28,16287.634171689851,0.23378342540488847,625.867735087798,8115.421240152468,0
7183,21,54723.191466504366,0.268381891450503,722.0801574372842,5000.0,1
7184,48,41667.28094277646,0.19672377269511557,718.1456298905539,12146.995790774965,1
7185,59,44437.48278640336,0.22659604917009643,696.8437308305122,9297.832601596949,1
7186,34,21175.82490402456,0.5930232922900185,643.8516092412656,12638.356503375335,0
7187,41,29403.89822842688,0.29907292104475897,644.8123095408006,19022.652451129576,0
7188,50,15738.669768134918,0.6693539960370943,688.8731603039595,5643.783951622757,1
7189,41,23772.290283179354,0.5083322094911021,695.0283525276717,5000.0,1
7190,29,35902.74492776536,0.05,674.9516819376752,6530.3952658687185,1
7191,37,42783.744317698154,0.298665024866798,685.5992952776805,5000.0,1
7192,25,25426.191753512805,0.29207051061808653,645.2495228243554,12792.162113798246,1
7193,51,47861.98171923002,0.20800242782618386,630.2478989355262,8889.630571939277,1
7194,60,35627.02888618438,0.5329692492187795,494.574725702538,19320.256015701416,0
7195,58,32436.353462180363,0.47929506366610025,626.1953773602527,6100.201874178461,0
7196,63,37866.254099975464,0.6735622703308026,599.4171288289351,9865.001549114219,0
7197,39,103757.28089948688,0.28122843412179166,656.8234684440148,23294.14431184041,1
7198,56,33506.561958774415,0.41574563636214035,602.6547843477724,5000.0,0
7199,53,58461.388896271426,0.29714679025254814,659.6105994459242,5000.0,1
7200,33,47721.75434561601,0.2902575987571319,519.4777482350014,33159.113864916144,0
7201,34,32077.826622250835,0.47167679669873885,582.5335314685301,5000.0,0
7202,53,16728.295821753152,0.6801845702103368,599.9395892483105,7520.7166195330465,0
7203,49,26539.418003449435,0.4976987214610332,576.5044268315504,21929.218783079687,0
7204,63,37729.280638881835,0.48164494883480274,850.0,8191.531090073955,1
7205,56,34461.96778129828,0.34117228408187666,507.950820044834,13513.161285591244,0
7206,64,69446.8219299153,0.47714922306811713,697.27811854908,24846.61494245685,1
7207,30,25165.999741990312,0.5266838821227234,719.7208663649507,9231.754235572698,1
7208,51,33745.22874665526,0.22118850694106795,619.0960571605515,13424.859045206373,1
7209,26,47485.62100144164,0.3562344242324069,673.2410832939158,5000.0,1
7210,21,31600.612106232948,0.30137684941158877,692.73196836539,5000.0,1
7211,27,59091.168160413996,0.2551253680812289,659.4966313059723,17320.686434669187,1
7212,47,21082.870482086917,0.4974794556881752,526.4106004120829,12228.485358676115,0
7213,41,16985.518566190145,0.31468239888807853,678.4978039062569,8219.92528668852,1
7214,48,31469.990950811236,0.42111772962159394,717.9797488187448,5000.0,1
7215,36,35048.27161954334,0.4223712614862897,794.4533567945474,14547.863587921682,1
7216,43,40499.724079639556,0.30954821836721735,553.5010702242088,14195.426260116032,0
7217,40,38918.59132341266,0.13169071929561812,637.9390476541561,12751.903360856473,1
7218,58,29608.058066259422,0.2974010919684089,648.0142006037775,9606.545220849302,0
7219,45,17086.024204097,0.42924115864933887,643.0261858067641,6178.493585992148,1
7220,48,34222.73997665914,0.3953670656221096,532.8567530205037,10060.728757887708,0
7221,25,21598.4685144787,0.05735879818559455,727.137786909646,5000.0,1
7222,41,37619.51057015839,0.47170347377390165,719.7747092484868,9604.53013230773,1
7223,38,20868.658882080992,0.26697393831968236,676.3625793551056,5000.0,1
7224,26,43897.16663038499,0.435902008910104,620.2165013319736,17757.17377951768,0
7225,49,83613.13972645637,0.4722365809049236,634.9126642819386,33416.03021378843,0
7226,39,25260.927501335827,0.42054285552096593,629.9539984182512,15952.135289332267,0
7227,53,19292.03549200129,0.6323267825909819,552.6427327393426,8149.941166004497,0
7228,21,64360.480367842356,0.49990632121234524,699.0623142015681,16845.080380803276,1
7229,23,87860.04579839326,0.28197915255230516,651.6724956786594,34910.588691244695,1
7230,62,19481.287358547404,0.2972769794937271,698.069404704117,5000.0,1
7231,41,34690.935832824136,0.3387084872335772,668.1180182173816,5750.9455104421495,1
7232,55,46322.27708314251,0.297276800530931,579.6200255169954,5000.0,0
7233,61,31884.38454381331,0.405428801668623,585.230486385523,12040.451490710291,0
7234,60,15126.362271001544,0.1799227951043267,741.9603737594794,6046.759571234898,1
7235,23,18279.658349335783,0.5573335174036751,689.1805080266699,10218.317344042827,0
7236,45,19266.12010544786,0.356220820431235,623.3893329122282,11347.18381162827,0
7237,58,21589.188779196906,0.5529737457356508,689.2268857125028,7975.618380548517,1
7238,40,37927.26868112842,0.17246264548729676,589.0023361682272,5000.0,1
7239,64,62872.548753678224,0.17299814969052354,725.9984836031928,5000.0,1
7240,54,18421.420648934407,0.5119029440106112,554.9738817553066,6343.023884001987,0
7241,41,24515.104163337528,0.2529001835990946,663.77433891869,11754.389853429793,1
7242,43,20848.133068655574,0.20047465810548906,640.4418113665517,10251.165067171152,1
7243,26,41948.87837202012,0.5246105939490041,650.9106375046912,8942.113685224864,0
7244,33,24077.616670074938,0.22818312645156993,695.5805163380796,5000.0,1
7245,43,21908.71338775571,0.3471857272177477,720.0737671780361,5000.0,1
7246,29,16341.598689441675,0.26877741291329404,621.1495111788919,5000.0,0
7247,37,71672.17704946746,0.463655055267411,510.60035577120055,26308.807989523273,0
7248,22,108529.91059307441,0.3839938386888663,529.8256113531794,26850.09864564239,0
7249,39,37876.52035962459,0.48669120579924036,623.2575917139384,9100.102711015916,1
7250,39,76328.19380090348,0.17016424429461643,652.399219194322,30189.03271757267,1
7251,27,27351.985840022833,0.38616118549802814,676.2722912399311,6237.341546720292,1
7252,62,36299.21646892194,0.36373191109931047,663.392854902486,24855.14428305367,0
7253,62,50293.77540934921,0.23765704530387124,712.3359131608332,13171.570254238532,1
7254,40,24937.208390469037,0.1946435863773135,776.1130854754621,5000.0,1
7255,29,33532.63159037907,0.3369238150094559,656.7357890444526,5000.0,1
7256,37,31525.68061671892,0.3063535989481278,675.2607036423046,12823.503561634747,1
7257,47,45200.764799649216,0.5269842607218339,596.4348367637889,19293.526174185074,0
7258,22,37460.09201502999,0.47386729689480034,653.8412114070926,15849.109647192516,0
7259,56,25242.824919099334,0.2470713937864669,664.481197083769,5000.0,1
7260,39,31243.126206840956,0.31145728822242685,660.7791571489337,5000.0,1
7261,37,63409.678963051345,0.4320492400273457,597.4517280660915,40269.14838153104,0
7262,25,47783.12153129657,0.4485437006348308,661.5455312829702,12571.442940967025,1
7263,59,45748.89793094698,0.5282925783508542,656.4209603574175,8056.987592256762,1
7264,38,112195.77663662624,0.3404245030056078,672.175228992394,64733.55461211795,1
7265,27,20630.482971087924,0.37387960504896894,621.9615734808579,5000.0,0
7266,37,51786.23545602827,0.08298301986177986,650.7632492937033,11229.590729947971,1
7267,59,37324.37449613953,0.1834702814048829,802.3980412025097,20435.75076358226,1
7268,56,43127.159941259924,0.486669176927449,653.8168456037158,24370.41506635586,0
7269,60,39780.864045189766,0.1862217686317754,724.9682835546153,22692.22983061349,1
7270,24,25571.84276925655,0.09865916132648898,749.7829936505681,11452.250686522426,1
7271,58,21643.7999751884,0.4653110186546782,548.3229907928154,15222.619997341608,0
7272,45,36312.456216479426,0.29079496755094025,636.0455034138621,17733.77284194755,1
7273,25,24560.93484205831,0.23076687482481206,639.2202925297441,8994.150136033724,1
7274,50,30187.930446248996,0.1281513891279493,790.9928869237726,9127.329580106794,1
7275,32,54126.551370516536,0.1292255662242301,781.8090993039247,12954.38941925948,1
7276,24,19664.253106179687,0.2830116112786397,548.2434772540558,5000.0,0
7277,44,32996.07636180719,0.32881136557785495,579.5949044731761,5000.0,0
7278,49,61528.63907981392,0.5365705555254761,735.7791162633013,30191.24092423719,1
7279,29,28181.25958526767,0.3300410427520347,613.4306354329024,7890.131926146946,0
7280,24,75714.70020832028,0.3018802747163608,695.3938209296133,9732.302814485673,1
7281,44,16724.047249190837,0.30659374918071713,634.6739910211999,11811.894753937866,0
7282,34,90191.66267834007,0.05,575.0174877890454,48637.313078998435,0
7283,25,36643.51330213829,0.2764950476740477,741.3130109146233,9842.27901716867,1
7284,38,18688.809024357728,0.44519251138009625,599.1085672173393,7734.914303478535,0
7285,62,55082.581534905104,0.3630480726859515,640.9241944405771,16227.359195649244,0
7286,39,45045.01301249884,0.4663658332293612,570.5800666420346,10234.060957768692,0
7287,32,72480.57628776165,0.5122930911150242,572.2554409396761,39853.43677864179,0
7288,38,16847.870277199894,0.1032238848688969,654.1400284167204,5963.014088238316,1
7289,37,20992.945479086753,0.25244197551592645,583.3988849823902,5000.0,1
7290,50,53371.16460173702,0.5006097247248698,755.5262128094361,19886.69460575204,1
7291,44,129932.18860693932,0.36573295457957555,698.2292423234521,55467.330730063615,1
7292,31,48417.874939468624,0.3275767396978702,705.5438582800099,30959.155954848793,1
7293,55,52315.260315068204,0.5050479477607716,629.4958997798848,18733.708599362843,0
7294,43,24819.073676170814,0.23124450264868102,631.4275449785824,7735.116293406671,0
7295,37,33159.18666883018,0.24027082031815658,681.0581717968689,13357.182297094861,1
7296,21,26637.6991155064,0.2304251739921151,460.7111547672247,5000.0,0
7297,35,46684.68120340809,0.15057248311312402,618.1290057953511,39433.55974122769,0
7298,52,57801.084889440484,0.31675026405615553,522.5681349882836,40052.79296002355,0
7299,29,39849.23120256037,0.3770579100693175,665.9122563133701,19671.82760228089,1
7300,35,54052.9651716411,0.193393851725261,569.036657253945,19641.381188487794,0
7301,48,35797.28909878882,0.3339246841500663,641.5348649822735,5000.0,1
7302,44,70426.69639832163,0.26031392844403145,587.8852741944186,21529.304417192016,1
7303,55,23605.254358775586,0.3384834861865064,749.9248864857284,9436.220867102626,1
7304,42,73715.48447725299,0.5666666075280706,808.2778678417063,6995.604716781635,1
7305,47,25385.37645930088,0.3629122503629005,714.1830360937373,5000.0,1
7306,39,36614.2745814564,0.3658985296432716,718.1070892629122,7432.75694264837,1
7307,32,19987.34253983715,0.6556881865502371,647.0169970401795,5000.0,0
7308,40,46769.390101547084,0.2738941175184518,606.0314007645449,29798.410868310664,0
7309,21,38783.20357232627,0.4419153806958306,515.0973733289244,10354.161314006207,0
7310,41,52539.63927651849,0.2703182054907589,662.7332759141824,29952.559425325097,1
7311,21,15261.772657086733,0.4678628676389657,628.9233186255344,5000.0,0
7312,30,38829.189915996016,0.21428230620790079,665.7047047872652,8966.064608685601,1
7313,52,44433.117939938245,0.29977246073133856,600.2427059078836,13742.378238831367,0
7314,59,22152.604895685898,0.2658285250671712,545.6015510605761,7559.929048155995,0
7315,42,47406.184221596646,0.1934649890325067,568.8792837927555,5000.0,1
7316,38,11515.045480173001,0.05,757.216414172962,5000.0,1
7317,52,34068.80139923876,0.41111711645423943,785.4736658132306,5000.0,1
7318,47,73588.79024231691,0.25447346540988314,539.9823842214003,49316.43059790663,0
7319,48,33921.884656756214,0.30925574252314714,603.0720370693506,6561.872552720375,1
7320,38,25348.319581147705,0.33057391678405623,527.7536738824153,11989.74764589453,0
7321,59,35160.444304196164,0.13011977830901894,654.2877288396228,6603.680279035215,1
7322,49,38159.40139203734,0.2910478350292119,656.1042533265658,21104.57456163149,1
7323,38,56850.299721611984,0.08199870719894309,641.8918330248251,11666.235317175313,1
7324,64,38752.22669634882,0.2810604472386497,614.7400767102396,11208.476816187478,0
7325,28,53157.52257664955,0.5747297327543109,667.1621519840202,13374.663931345922,1
7326,51,38026.03029956144,0.26931312867549084,695.5864225311094,9160.556146611281,1
7327,54,24967.760603725816,0.17786790726680432,698.5667066420369,5000.0,1
7328,27,18017.017983017176,0.27647558827650687,735.400543351547,5000.0,1
7329,56,43732.272389495614,0.585258755900504,625.5635527548906,16189.035342802941,0
7330,38,10555.294924335347,0.28262256687878295,609.027951057631,5000.0,0
7331,58,15023.923017077344,0.11751787233436477,716.6958824284934,5000.0,1
7332,29,18051.475839360486,0.0761523807205975,610.6546137143223,5000.0,1
7333,29,51912.30338074083,0.28922055253242523,635.0501758898487,14752.62314739245,1
7334,28,17242.00087468383,0.4719800325330751,611.6667590792928,5453.272783363157,0
7335,55,45938.96003147192,0.4161534225232287,768.8658497776262,17303.882384541554,1
7336,38,21677.092156121646,0.5146723224622536,690.9416959529426,11021.13126243732,1
7337,25,33750.76670558312,0.44418036689786283,570.5837907261141,12395.501760447498,0
7338,34,35196.37023619829,0.3516834145509937,649.9054364687461,5000.0,1
7339,48,33499.09768305044,0.05,678.3677274166591,14704.929194114498,1
7340,50,26282.935231306186,0.5577273172022912,571.3913673293722,13045.019290944916,0
7341,24,16594.279860255774,0.13148259443763394,674.8014183148956,5000.0,1
7342,59,36806.007887977794,0.6965909276713469,639.4370249126674,14500.162449388275,0
7343,40,47993.79787679177,0.23497548342575425,564.2379921448335,27031.648394788594,0
7344,45,51001.16553720936,0.24118777932367239,555.7166029500859,8688.708033108556,0
7345,48,37831.38772818072,0.2700770445437802,745.8187796575103,16625.8035669523,1
7346,32,41307.59260522078,0.3520561428912364,591.2852701875277,6608.110470332401,1
7347,22,24697.217616068847,0.14438221250106717,720.5614627656141,5943.085678807572,1
7348,63,45466.67175239427,0.21727658879880396,695.9671148441472,5629.897867689416,1
7349,34,44637.71132197121,0.4901742191082011,606.3637998657907,18951.73205852737,0
7350,42,31291.40162220995,0.5511554613101503,684.9277966416512,14176.910358295721,1
7351,51,37199.18845201444,0.18421646609843664,672.9726788448122,14281.209655011064,1
7352,43,35832.20116892414,0.40003104588704946,713.4657197004157,15009.216063210442,1
7353,40,45627.74050365816,0.27148687066352756,662.2357651263679,20297.78241377489,1
7354,58,16782.402597102908,0.42531667039002913,626.7655621351468,9600.732337357533,0
7355,24,16616.40403052234,0.21538335694421334,742.6599752701289,5000.0,1
7356,35,17053.24813868652,0.45966862423970345,701.1682805422989,5000.0,1
7357,44,29074.50300448629,0.33000935278235244,604.9704341824099,6344.520907759912,1
7358,45,45599.57784394069,0.27615568992774786,637.6506856389506,10026.289371227847,1
7359,21,11813.585522409821,0.3444054581594623,740.980207766561,5484.6178082347515,1
7360,27,38063.20313472914,0.5666607010676077,754.9085069810072,5000.0,1
7361,51,65964.70822143997,0.3358264705136585,637.5252069451722,23348.463399021555,1
7362,32,41629.95643672889,0.39274731384496203,684.1286204131875,23674.30681484526,1
7363,62,13234.12674952898,0.363483283623913,675.2620364178005,5000.0,1
7364,25,47123.78608735311,0.3641316193250126,572.9791288194643,19504.103111206365,0
7365,64,40992.3456367736,0.5327002765536543,685.6852706676771,6489.456159749895,1
7366,62,30597.74597818804,0.4748501701112528,499.33861442690477,13586.92671921464,0
7367,58,39770.81416915909,0.14598451428177314,713.6804691313708,11218.516435520049,1
7368,32,18071.065749455105,0.43229793338728256,686.4581543363089,5000.0,1
7369,59,37253.24555627448,0.5918293205611276,438.19390829016544,11608.625298815405,0
7370,38,46133.57100023085,0.31508469604848444,582.4609054195964,21586.865881017515,0
7371,22,25681.776046850537,0.4782050652329402,526.70742194094,7140.51469443867,0
7372,30,28698.131718505676,0.05,578.2291589443091,7656.901829432376,1
7373,35,27342.227819090822,0.2050797186832242,659.3595301903813,7944.236610590278,1
7374,50,28634.243110093917,0.7092383948677194,771.959206882704,10141.10636729571,1
7375,64,23978.85512479435,0.4644890238697471,686.1832998683079,8186.738761941115,1
7376,37,24703.081769966415,0.3827363967290988,623.4095193114171,8375.45522981332,0
7377,24,47006.69322299116,0.6260943245640732,700.2206712590392,5000.0,0
7378,27,15193.958650194594,0.18338956234774992,693.3944598276947,5000.0,1
7379,61,39794.95770110286,0.5403813627543986,751.2649927258947,21990.284605284298,1
7380,51,46961.002951550356,0.22137505015075615,708.6301065529786,19513.502936024866,1
7381,59,18465.321103975908,0.3641968109645609,650.391146149574,9994.175676139765,1
7382,54,34951.60128943293,0.10627235596631142,544.562317489489,13376.018937410603,0
7383,26,22965.079964535485,0.2924577545894658,744.4760452744122,7890.48862972633,1
7384,58,64097.71306902984,0.5485481153266365,641.3117198257712,37694.61351817278,0
7385,54,32767.250099080327,0.2734112062313629,587.7959919865403,6932.656893177456,0
7386,64,75853.49535258143,0.4239613999508459,511.10061182567546,15201.876876682836,0
7387,35,70343.01005815844,0.2769876702667828,569.5322966601622,45523.593606878094,0
7388,34,42347.496471612794,0.414599119490127,678.1657717908039,20367.661101437985,1
7389,26,106016.90226801798,0.4617191769905554,622.7405824856896,25827.121626679844,0
7390,57,16527.159927626344,0.24828716795314518,719.4243470187781,5000.0,1
7391,52,74810.13278211559,0.2201911607406869,763.3675862552748,7009.952781979455,1
7392,23,31759.9961922387,0.289665771948535,500.5599984848744,7505.123564042698,0
7393,23,34086.47542502433,0.2863946517031279,578.7547971135307,16515.534052491337,0
7394,42,28836.152854618533,0.05,659.7069946773015,5000.0,1
7395,42,17588.036916227622,0.4002399670584041,753.621310815201,9126.438864160435,1
7396,30,48281.235104906526,0.4072452557623316,591.3540460992671,21320.523521162486,0
7397,23,19528.726276913927,0.08049850578215444,665.7835038427012,5000.0,1
7398,32,27024.54390581305,0.47584403832873196,573.6746919357399,8424.714477054093,0
7399,49,27629.347312091195,0.29003408292098803,644.1124771268161,5495.375962409589,1
7400,37,59741.86295143031,0.39924212396823094,659.6517495409181,7126.580582903628,1
7401,27,35002.04288690929,0.3127700676907438,627.25093118527,12540.695251462752,1
7402,33,10701.394552768781,0.39890785597294415,764.6413378965663,5000.0,1
7403,22,23166.935864134368,0.3675753317970816,733.3174329511098,10515.166982770716,1
7404,24,16629.37808484685,0.48167998303155446,627.6578273620455,5000.0,0
7405,30,46687.93416373072,0.3502856599461687,631.7479847274202,9869.824054777155,0
7406,59,20101.583029941863,0.4630987595106661,705.7990991052186,8529.134845382798,1
7407,44,26824.803212749703,0.5637177993482945,653.3315340628455,13255.884365112182,0
7408,37,87131.02984008778,0.3376979537483574,650.884608172039,30539.37178727059,1
7409,26,49930.5350612301,0.31048819506131276,601.908305654682,25784.882171783884,0
7410,39,20286.410877714698,0.43439264490402496,691.9163759014983,6880.610750880483,1
7411,25,54859.14649584505,0.05,605.2139421977188,22252.09919392784,1
7412,52,25363.951746927454,0.21888447977700892,605.1918731949389,5000.0,0
7413,30,54790.658182828534,0.21363188291803206,670.2406014591536,24396.86368564011,1
7414,29,29549.851919890534,0.4328240622321282,659.8346278620173,5000.0,1
7415,47,22471.121106335322,0.3725166739622028,652.3658659830941,5000.0,1
7416,33,21445.406023129537,0.5402172806654457,522.9643979251967,5000.0,0
7417,39,41932.39807181344,0.531221739398929,666.661161202208,26649.69592172555,0
7418,41,57326.061980141065,0.055834259596630596,509.49020426645194,13101.273559966327,0
7419,44,43747.95822131876,0.09701476903058251,721.5613522319178,17039.86396233539,1
7420,58,29251.31079134434,0.3557973269639496,611.2515490905632,12060.865372916189,0
7421,24,14784.403934216312,0.11795909353896473,661.1277416834636,6002.717727481682,1
7422,44,26379.028574104108,0.054163897115602856,609.3324214132712,5000.0,1
7423,55,19418.53518589712,0.23930760698867132,671.545097246522,7254.382013780061,1
7424,23,71990.15637427312,0.05,565.647178474863,7633.84733939513,1
7425,24,29755.16684242109,0.19585119535330167,779.5716958063321,5000.0,1
7426,57,42200.614221485026,0.4567099474278125,601.9339199191458,26999.778505647893,0
7427,60,30582.15079187088,0.27709758869053475,711.3238766776043,7658.196797768846,1
7428,55,45019.128156442406,0.5746593249986586,571.9722231584167,11727.936203142604,0
7429,51,52004.57692450574,0.2647762649092003,622.5166521260606,26710.64278595875,1
7430,64,116334.78157040438,0.4329666715233137,597.4990029894103,54470.383168570275,0
7431,45,28912.729859658604,0.27058350673711773,608.1964469293451,5365.459161244143,1
7432,60,61178.605090471356,0.31758870668210926,679.6166797022536,22755.845936595193,1
7433,33,41729.28847041193,0.2911596856536074,682.7187222967684,17442.519955454813,1
7434,24,27199.072935449298,0.4334246654826228,678.5335116753245,5000.0,1
7435,34,28187.333536080158,0.4586699867548879,588.9413783982653,5000.0,0
7436,33,45956.52937120122,0.6592232762445732,659.0745853906187,11559.921316053458,1
7437,47,31310.19002731984,0.35223114458729177,590.7500220276365,10122.655419832648,0
7438,26,38271.76460864992,0.43217677229639345,752.6441201386519,22198.807330131127,1
7439,37,50631.17613511767,0.19598263061025079,585.214243989683,9220.85309968101,1
7440,56,126456.18766431265,0.4531517539214422,616.9588949686988,77644.01962767233,0
7441,60,36910.16313587616,0.35378503467826294,654.064336946572,15289.23237917296,1
7442,55,20659.14348067988,0.05,578.5033817785738,5000.0,0
7443,37,44311.28443429604,0.2196824078479126,694.3539108715664,17042.45883892981,1
7444,61,28509.291525002678,0.05,727.985915827684,17391.611758315044,1
7445,22,93601.71802024166,0.2392419431352703,588.1758351590925,26296.683812151114,1
7446,33,28323.39785634814,0.39598734750865905,602.4915137351315,5000.0,0
7447,22,36651.093148548,0.30518737487272457,733.5801418617056,7573.005977345014,1
7448,48,49585.65984335869,0.44241066786896494,660.1300093518447,20750.91824166981,0
7449,63,46427.64559709058,0.05,634.5697015090946,5000.0,1
7450,46,72772.7066409827,0.4937465624788509,596.6511902946324,48985.938023684605,0
7451,42,50703.07328058111,0.3868373435728673,624.1625114243175,27531.000574332873,0
7452,63,117180.80598219408,0.16025101132489566,639.747766236497,53974.40625024521,1
7453,23,45467.19017889695,0.3462595824658558,694.7651024787235,5000.0,1
7454,55,69532.65532729343,0.6786538909686728,649.8089204831218,42878.449720774624,0
7455,32,28720.73212113873,0.5697844504917507,586.2882530292226,16598.738092897296,0
7456,44,97480.9054669713,0.6016348677864928,613.4015295714644,60022.580954239274,0
7457,25,30520.442186174852,0.3180651381578175,571.736968837508,11943.021391520537,0
7458,40,76344.91335220031,0.5204699642884179,640.7286199568957,25455.056632730215,1
7459,59,56724.37925089439,0.5465339096742162,807.793086343055,21841.85099264887,1
7460,59,37546.47317273084,0.19341673399249668,823.3929979684835,16058.43759131317,1
7461,33,76713.69990824112,0.5435990785978426,672.9090231895146,45194.80224014474,1
7462,61,36098.4715326789,0.5096240980559456,534.3046938844325,5000.0,0
7463,32,71983.54996655864,0.24907341453271026,714.8254617188703,27278.882717854387,1
7464,33,43871.69716141894,0.36402024378595926,696.7081883227701,19084.248943587252,1
7465,30,30073.26254657096,0.5537292234330743,838.0930630949316,16296.662966199203,1
7466,53,42622.34829083976,0.3413050707597845,655.2209662770332,11649.922409533558,1
7467,60,36940.05767041794,0.4825109275964859,620.2393876192251,12956.80365067298,0
7468,36,29107.22464472236,0.2792842700352279,580.1060657465254,9033.466081614408,0
7469,55,40802.266489211914,0.18575675100874509,707.5699248163738,16071.25541430975,1
7470,23,44437.69401639447,0.17013812193043865,636.8495165222538,9816.20198775978,1
7471,25,10643.796855799355,0.30781075634949234,632.0712058218414,5000.0,1
7472,46,46661.831307599015,0.4157464423387895,614.7681174394186,19274.87970799161,0
7473,31,52604.26075257306,0.08641550256674327,804.0054080862845,5000.0,1
7474,27,75043.47349576559,0.6389367250435743,621.1410543045838,7517.002567872786,0
7475,30,19574.82711104651,0.5101664888806245,699.0313556779084,5827.229120476679,1
7476,62,21834.531669094948,0.4270702913175644,682.3565380974446,20776.609955405675,0
7477,54,40321.357976484294,0.4723676629237856,494.3869773484133,11199.815860027975,0
7478,23,25426.240892115806,0.2528474235708744,804.9272100328941,5000.0,1
7479,28,20032.68818510146,0.1286215022459226,520.3033754387028,5000.0,0
7480,51,29533.992949557833,0.41147655768252867,586.9246429225248,12828.249900097282,0
7481,31,30335.986139297034,0.5066226985922472,614.4417445781831,19804.59945188201,0
7482,27,21854.78539162623,0.27593029545915726,599.2334986000309,5000.0,1
7483,22,21782.011898947338,0.20837356853815098,633.9684142253994,8084.142215097539,1
7484,26,34178.10818681588,0.268700244186651,595.9587672913898,7653.2182698636925,0
7485,61,17600.563609053737,0.4221719913652424,744.9645186050105,8069.630884795648,1
7486,52,17459.532621220795,0.4402916641709994,691.3623977259955,5000.0,1
7487,40,37637.434248577105,0.6215017594324368,606.5492887879241,18313.259021071342,0
7488,54,77097.14945309858,0.41695151187031443,591.4342659330014,5000.0,0
7489,36,52392.60149198657,0.22504117725277986,610.4548783450414,23901.556960162783,0
7490,45,66923.75867819216,0.3053924900227422,586.6352715323301,18507.282374144892,1
7491,32,14727.471929951014,0.19291820186613431,566.073605228709,6326.514196266218,0
7492,27,17956.3594396554,0.5160286475426541,715.4791529497234,5446.741650897898,1
7493,59,36509.401862306404,0.18272172658753968,622.6889359366243,5000.0,1
7494,37,55166.49193647314,0.265171862707959,677.6570230029363,18906.56456233698,1
7495,31,49962.19688986189,0.42221426049447447,654.5524817071765,23152.26422252168,0
7496,26,18544.294233124587,0.5892943110617769,751.4706932160914,6551.158250893008,1
7497,43,64077.81687939179,0.7784285281244042,712.6728962011605,5000.0,0
7498,47,34868.03005319335,0.14894411885673633,675.321001274928,12016.90362723197,1
7499,26,53576.39542402271,0.4456399446231489,810.6745544614093,21621.31555271718,1
7500,58,26834.971464324513,0.3465487272460861,600.639712867015,5869.891917784817,0
7501,22,16783.157895739718,0.3126055080458672,636.8594828900498,5000.0,1
7502,42,55432.56840574904,0.30756831970850246,695.7185656359571,11243.514543153926,1
7503,40,45927.68819828629,0.1647995757828344,709.1032298410717,5000.0,1
7504,45,19480.861970311096,0.6000198447093864,588.4904838848615,5459.333143125685,0
7505,35,26001.60748410608,0.05,647.6259762160266,5000.0,1
7506,49,51176.90131591943,0.32785847834358145,651.554720623687,5000.0,1
7507,28,40256.13944674742,0.5746061296902558,813.1405775555467,18307.78053370345,1
7508,57,46669.49814671056,0.38406274897624804,696.3635933980371,15522.848693659693,1
7509,53,27940.242313085262,0.2494560615826643,725.6518311511312,11135.69552445779,1
7510,42,73980.99075895244,0.25553852460920357,622.8048097294328,13751.766899423043,1
7511,25,34352.3179223349,0.48189646962405425,597.4678127746158,7008.453651964025,0
7512,59,11117.449094155643,0.30413494757943327,620.3371955097587,5000.0,0
7513,38,38310.12382767904,0.34519372832466244,688.3494316086769,7609.151806994575,1
7514,58,49142.09918325736,0.44333042279262647,753.2644931280362,10214.365657914434,1
7515,57,42130.96892858243,0.4895289224561659,550.4273814815134,5000.0,0
7516,50,29339.26345865672,0.26628534244698926,788.66305234829,5000.0,1
7517,51,13672.484536391268,0.1451531981578719,712.0443119772499,5000.0,1
7518,30,26239.30086904825,0.19957051781626556,720.0729754223004,5000.0,1
7519,35,27507.78764917714,0.5571489489289043,715.3921035383478,10051.311342525945,1
7520,62,26118.63960819942,0.3602715763888631,621.5677890320262,5000.0,1
7521,64,49314.913886996634,0.16262181462156974,641.0543682636691,17788.733678925284,1
7522,38,30739.030512791633,0.20999584268933316,697.6319736977265,8756.663132731202,1
7523,43,72463.44833283836,0.5246766179189029,632.5086939026546,26408.78172895539,0
7524,53,32442.355859635933,0.36302301264189424,666.3867713489303,11828.790959175742,1
7525,36,66698.7902172491,0.09878845514927287,603.5401656314649,6367.053174943445,1
7526,58,40426.16487413585,0.18467817915399326,704.0977421398095,12582.888396983119,1
7527,55,41436.024881785066,0.5229300671540651,640.1397987074052,5000.0,1
7528,54,25811.297274287946,0.26482534693315507,621.6651933156382,5620.931405023959,1
7529,48,18484.413099471905,0.6642196678573794,592.2079838054758,9015.771562504751,0
7530,22,35008.16583725558,0.6373181907982617,603.4463436387788,5000.0,0
7531,50,84408.49630396809,0.5734334610114429,557.5766609604992,24368.158992460314,0
7532,33,28872.690423612494,0.4247299670411134,679.6193824731373,5000.0,1
7533,61,26670.53824977582,0.5049564869412602,608.1318565099479,9631.259520197444,0
7534,36,33324.23154017727,0.34162876948463466,647.0322285604718,16148.64792320397,0
7535,25,87912.20913363484,0.34551984000988184,735.0604441750897,18143.490537010784,1
7536,48,53823.663037580576,0.16998599976041012,641.6098320040031,18472.526133111693,1
7537,59,66644.74402143148,0.3433108556920305,638.9610204004138,17030.17289488154,1
7538,40,13491.705964524883,0.15971657008373877,646.4503585019231,5000.0,1
7539,44,24045.057027444782,0.3509373024083637,670.4858920129925,8919.624240626963,1
7540,47,24465.834457542263,0.1683412223978149,617.2605867659275,9716.968899705062,0
7541,50,64090.00867585444,0.21972021587946497,709.6437334990703,6578.551546324831,1
7542,47,50510.67675626469,0.05,659.1050754246996,23878.137671248864,1
7543,46,61570.9493181719,0.23260028400893945,611.9985923936084,34121.95053003984,0
7544,27,14217.17472388767,0.24204234565820376,625.9880577895766,5000.0,1
7545,62,63270.15437522284,0.3036522815694669,730.008837647549,36424.55272219075,1
7546,58,50496.69637560299,0.5285958356235567,603.9802332435445,15189.458093382684,0
7547,25,22878.50440591556,0.3420888354219387,679.3992896623721,6547.402079195616,1
7548,43,32910.182480631636,0.4892145171314623,683.4573073477752,20820.022683137235,0
7549,48,23230.16459394801,0.49530408009425575,574.7470111366558,10861.025140297801,0
7550,54,34602.99931505485,0.5615110607118519,548.7330476533009,6066.690079956806,0
7551,35,45464.07560686402,0.21410515435345748,627.3962601770277,9020.800678525424,1
7552,52,73284.89414825151,0.17271089057517616,706.3851805698908,26760.249926921697,1
7553,46,22703.862049001047,0.33252652219161355,547.0498730902129,8242.75948330124,0
7554,51,28721.230756968787,0.1936489623600117,588.9266471791408,8395.361292269186,1
7555,39,20921.557995113882,0.31553774325979506,697.0752954376901,5000.0,1
7556,29,53278.15630107457,0.2075704536031313,575.1968404191591,10156.06934918073,1
7557,49,16518.054042972817,0.16712979181530527,721.6044807014655,5000.0,1
7558,59,39676.20557536426,0.4033107754541221,835.5651650848204,5000.0,1
7559,24,19675.0380109277,0.6297673774087695,592.9189363722945,7860.567631828246,0
7560,23,37156.94462688596,0.3124631445518178,753.0804302994921,13062.474172137323,1
7561,49,64728.43429296581,0.391588418664374,672.9540690179049,7302.6437565535825,1
7562,31,28123.719735010105,0.35974758663165357,594.5667146906163,11164.434601245357,0
7563,53,40555.83803293035,0.34482774556951135,761.4837692619012,5000.0,1
7564,58,23235.04305796492,0.5643439298608247,678.4739423316639,8684.647742288975,1
7565,31,34330.33311696676,0.3085071013477218,733.3084912589717,16464.272756297927,1
7566,47,16664.73690627988,0.05,814.197340233464,6313.688521792006,1
7567,53,51733.351716021374,0.21840091864214684,642.4730010273267,21755.28949446856,1
7568,41,29503.611976374734,0.36600817297763766,688.6846029873972,12781.58168359578,1
7569,59,32714.885774887844,0.33396064473414416,571.9239724753807,12402.377636097404,0
7570,51,37594.08494152514,0.31556369650145083,617.4378654941539,10878.46030306622,1
7571,58,13583.727898318355,0.27347438970900007,644.2974846069507,5000.0,1
7572,22,25690.6853286387,0.36289738034487384,664.8122993076033,13594.950881305034,1
7573,47,38856.10050510186,0.6582697948447932,500.9832645800221,16374.162413138883,0
7574,56,33524.77963360248,0.30105565027610887,758.4065051609311,18005.0129492036,1
7575,31,107868.99309511566,0.6745088355195972,694.3869170689995,53745.12943527686,0
7576,38,68142.66564206382,0.42075320975196795,686.1680984228266,5000.0,1
7577,21,38940.78789895421,0.24945177263647292,793.407140366115,6495.236146400131,1
7578,55,21780.06616009923,0.4800383598513075,763.476400246835,5000.0,1
7579,55,28354.26651646995,0.05,639.4048915999408,5000.0,1
7580,51,50466.62200511381,0.3477079318054852,610.1234795845869,5000.0,0
7581,48,37733.763926917665,0.4277786485923435,693.607338015746,5000.0,1
7582,59,68737.63130090832,0.42966192534896114,758.6093145119315,17349.943159758805,1
7583,21,37584.676309994145,0.4455588016268083,639.5958447933249,20106.45555343447,0
7584,45,38480.89142637114,0.4587106727271772,712.2531485932813,14277.027454783556,1
7585,63,81806.01735695098,0.3945882552472222,769.4444718897704,35922.228108757685,1
7586,58,20988.248558722426,0.45843346303509785,719.1760709408761,6523.210586161088,1
7587,40,86416.0560733277,0.26603145484219753,538.3533000022871,28413.739535090954,0
7588,23,53359.98537584375,0.5264538332243023,566.365885454286,24299.592544881576,0
7589,22,183090.36386170835,0.2809904166017339,788.8122358981312,48949.2676369883,1
7590,38,25572.780796123337,0.5235431813572008,657.6863020663571,8314.382889257004,0
7591,64,82018.64554184949,0.34698657097764196,673.105869415393,17929.646761854183,1
7592,30,38829.515214638195,0.382722575805398,689.7659967914808,5000.0,1
7593,25,33097.33020651866,0.48232061409799315,750.2372384220024,9079.175624780286,1
7594,29,42296.1404434783,0.5759775111822156,595.1994952951687,5000.0,0
7595,22,38661.80238256811,0.35608415649026604,621.1072625451699,18405.49383341177,0
7596,54,24600.991459868477,0.38241991290470945,579.6244361726625,9785.38509683254,0
7597,58,34002.21900848043,0.05,505.5187909043264,20331.73724239636,0
7598,51,42342.78596404551,0.2196016129936131,678.7027681295018,6066.540140698915,1
7599,30,29360.98972703441,0.12334498562630154,589.3916703838671,5000.0,1
7600,32,47582.51989373943,0.2891961055694764,717.378598786413,5000.0,1
7601,56,31322.08731148663,0.24981824441140715,607.5326600676738,19262.369738868645,0
7602,41,45668.89219957362,0.23129651369758217,555.7337727621426,10076.830415504422,0
7603,26,42995.81507556751,0.19497713391304058,723.7966111762279,5000.0,1
7604,23,45509.03619237476,0.42880431614828624,686.6022944948238,17933.708283028554,1
7605,30,18502.16588162049,0.08145937185772233,638.4120059605151,5000.0,1
7606,25,62852.211751946954,0.18634783105326047,642.3394387086388,6964.744025882702,1
7607,46,23552.34577097874,0.3549729956697824,692.0541749791864,14069.936948351973,1
7608,41,33092.8756960557,0.4954539736997738,769.1139606219174,8992.13692607445,1
7609,46,26293.572319931158,0.21047400293817345,678.1200764190035,10870.220183311965,1
7610,58,37634.41619298043,0.507555569866196,682.8875293618038,14549.96705623058,0
7611,64,34352.78299845458,0.05,618.008576561705,28969.41790973366,0
7612,46,50291.76139321559,0.35031991006969204,633.4625526426443,13062.372823257216,1
7613,28,37121.12592626551,0.3959136185322915,417.9762327977484,5000.0,0
7614,25,29856.48687390046,0.2017540216877059,583.9756759347621,5000.0,1
7615,35,14783.927649870622,0.1535174250640454,575.4441283161864,7361.822137198825,0
7616,36,56509.369367511885,0.36900437330433755,573.5643991366427,19784.712434055433,0
7617,21,47040.68236838198,0.3446452508985862,623.2670627578917,9686.75305620604,0
7618,36,57674.02008232972,0.2282702377294881,630.6970307455556,21258.6133798568,1
7619,57,33100.48542474116,0.3066835259085547,575.4420007627996,18724.55216914114,0
7620,23,43410.926935507094,0.2597175934487582,738.0980206304117,27429.597385481557,1
7621,51,26194.479489371744,0.5376125127847424,691.929459546984,9791.705895326737,1
7622,33,25024.19287102944,0.45199727449257915,664.4418246264596,13188.721918688352,0
7623,36,31514.378933345666,0.3790675874276375,695.1877462919878,5000.0,1
7624,63,57578.4394271491,0.6330798481642608,529.6535273657704,24437.919430084905,0
7625,41,31653.78352514747,0.5052220735279774,527.6727044682192,8353.230178111715,0
7626,22,35346.584136234254,0.5365927103183932,735.274535186712,5000.0,1
7627,47,40995.6979011161,0.5871646460487493,816.7274306280682,5000.0,1
7628,58,36778.59690422217,0.32659934204500357,653.8152952294478,5029.24354183092,1
7629,46,60304.89870543382,0.16732944394242333,807.5312969798158,21628.424551496715,1
7630,58,24983.37478305359,0.08242206312251145,650.0819245451578,5000.0,1
7631,45,38172.52966061359,0.46087599686726105,600.3955733713401,16861.10383823904,0
7632,31,46033.00355421812,0.2050235422636626,718.6183029059533,22684.284353981653,1
7633,28,15976.278376498518,0.8490170806465971,499.4488790385534,5000.0,0
7634,28,41482.4082262604,0.22366520985219673,608.883393430448,10731.436307904767,1
7635,53,71040.97677760164,0.1977688516943231,592.068640641479,23533.684935767913,0
7636,27,30477.823375044045,0.46665977736303615,566.0153835731811,6135.040011095253,0
7637,58,21109.515082267684,0.4697657547289311,615.1094060426962,12501.484367643909,0
7638,41,45867.7093636612,0.619537871589508,670.3317389105193,5000.0,1
7639,28,39725.30377612473,0.31255393252601565,741.8026150742236,8842.95540622385,1
7640,41,77747.63119497556,0.5240136944051597,722.9075179276768,5000.0,1
7641,40,45199.16881711589,0.3256349356048755,538.4412225050547,18767.746644279523,0
7642,28,22657.052514932882,0.43188606924841305,810.29194743919,7765.170310688093,1
7643,51,22150.733683549086,0.3179591764341969,737.2445911212423,9983.460075388992,1
7644,49,55821.23016003065,0.637084290287681,652.8343415033779,18530.609387384156,0
7645,29,43410.46902090921,0.6901428790031487,744.180997395951,16426.028136409237,1
7646,35,35273.606859222906,0.17152987911585083,585.5089535283125,5000.0,1
7647,50,39584.54733345665,0.541553260006818,709.122192868021,13047.467811429447,1
7648,46,45295.72535482169,0.21046930421956142,514.5786767877239,6502.973759036214,0
7649,30,43757.13494395023,0.5243053264790392,628.494568675192,18484.892758480888,0
7650,49,17107.31499727527,0.5960031067926492,745.4949592913906,5000.0,1
7651,36,66725.90301639798,0.2057225512077024,617.9259049770947,13136.655135606949,1
7652,56,68996.10733082176,0.16666734553895418,620.9968861175685,19537.297373995018,1
7653,40,89775.21402146385,0.27572557703956213,607.715574334443,54440.19833903192,0
7654,57,80523.37369912321,0.5251896791665485,636.1944355563813,24665.159234041424,1
7655,42,73959.49693917978,0.4213543851128335,579.1755137214865,52088.63638345526,0
7656,27,31468.959594411772,0.3127615857761488,760.7376532823408,18141.17688789075,1
7657,43,42221.49534662603,0.45815846183626263,566.0620818595683,10102.194179489383,0
7658,61,65088.25491179021,0.30620588221157297,672.6738099138099,24780.493617996115,1
7659,60,14759.229314034079,0.36976501916262544,709.1909921534534,6064.962181795143,1
7660,49,32554.164595465412,0.43175125286267513,598.4922839697964,5000.0,0
7661,36,15480.160672551225,0.4216299619646642,548.0674634045574,5000.0,0
7662,58,41778.653949820786,0.6035723440659043,609.5392081594929,16284.80159619936,0
7663,48,68384.67097358136,0.16965979373711734,622.2942903322268,27517.96029124658,1
7664,58,36658.44696447908,0.4920159734623532,714.320473212301,12109.891082677235,1
7665,51,27320.384709237347,0.20895258499251634,639.6499678425206,5000.0,1
7666,34,41838.929242801656,0.2892647074182646,650.1753639086467,32733.860790863353,0
7667,53,44633.08069064313,0.3260662239764892,551.6313132598709,18451.390577594215,0
7668,29,46234.123795449304,0.28649410027818806,636.4329816387785,23297.019007410847,1
7669,47,19782.050170156595,0.14825599617845106,750.5534181499623,9625.834387086421,1
7670,44,41017.032938393204,0.28238633818845804,726.7365127873329,13514.735920316987,1
7671,33,39818.38635521689,0.39084772978599375,614.7892188233336,12621.1609624642,1
7672,46,58346.08267649983,0.3298747966316209,708.1112735309531,28045.462032472213,1
7673,49,34968.248156342495,0.5708863295286484,640.1932008589586,6831.08008747124,1
7674,63,97451.6905272494,0.33382539054348204,685.2941021931097,48199.50334393413,1
7675,48,37841.72560009376,0.35223243545613964,629.3820475423398,12684.191027605102,1
7676,48,28594.22485626341,0.37736086387701184,582.3361586486327,11962.327097737685,0
7677,28,21992.184194074274,0.33006326925360907,578.7659297046846,7381.7567896271485,0
7678,43,28087.26639940018,0.421661381428245,686.8854163692937,5000.0,1
7679,49,24355.357391634243,0.27229120157349906,464.74140183563424,6487.575445155963,0
7680,25,33590.196043361386,0.17510403049899825,724.509063289346,18280.752445592214,1
7681,62,84403.42357194245,0.3392473398544518,633.1755148961507,36196.08661303114,0
7682,27,17506.815599379486,0.40770647741106353,605.0269715020755,9121.04263028357,0
7683,62,18132.444418035586,0.37446099287062595,719.9110164479738,8849.467513294963,1
7684,56,32295.469798861046,0.21670208093948767,456.3244926505887,6009.878628080311,0
7685,61,18371.185759577842,0.3740658631640269,682.3490727410648,5000.0,1
7686,47,22226.304346013258,0.45181095655285647,764.8484023021119,10434.156876785159,1
7687,22,43026.863957614754,0.38037140507368483,553.9736590210517,11445.81803100017,0
7688,45,35372.788033204866,0.24349893529344782,618.1843289282043,15496.580086130607,0
7689,29,45218.19403734258,0.361499402500452,681.675957547361,26230.044250019444,1
7690,47,48802.11885852954,0.6053949069345324,540.0496019671008,11183.706817879263,0
7691,21,71061.21471093908,0.1943079892842333,667.2250540883449,10484.521570001112,1
7692,43,43893.287632201645,0.5143820989384599,838.1185143254318,5000.0,1
7693,30,66336.16425042071,0.05,672.9020493253287,19611.33003109456,1
7694,62,38312.720641205175,0.26822342677251615,670.5846039827711,5000.0,1
7695,45,44144.120712652664,0.28544419412901434,565.7297786760071,16355.402545043482,0
7696,23,43860.09947152133,0.5121499429506063,743.0811008663983,16666.858994486312,1
7697,26,41868.07994854622,0.6158904684543589,459.21451221422933,15864.58346035235,0
7698,26,40248.89139438388,0.5168897645833743,647.4360740568569,5000.0,1
7699,22,90263.81005189216,0.426739828174495,714.1053096207397,48563.87042800159,1
7700,38,51485.119659370066,0.5094171260147063,475.0105038762595,16758.69398668805,0
7701,43,29036.423057115935,0.14712163133877748,509.0013866233782,6095.978644757933,0
7702,22,117208.82881981927,0.4840739658426114,546.5768361107677,50389.5895642805,0
7703,32,30075.71949304265,0.18468422274278246,746.1026573490338,12851.728257599952,1
7704,42,36220.68634562038,0.23912913816261155,605.4451266605314,5000.0,1
7705,57,23973.027625536222,0.40935115715639364,712.757971648699,6954.657814625819,1
7706,40,51976.98304456886,0.16462832236226455,701.4653037436589,9358.729141712927,1
7707,59,84551.641449589,0.5338758156332872,533.7590104251132,18278.82615430974,0
7708,44,17230.17166082171,0.35021537880209286,622.740462609225,6972.001719708066,0
7709,40,31612.710201636073,0.1547903829545981,634.0379353983268,5000.0,1
7710,21,63468.997327167635,0.5764372607315976,685.7734622421781,26087.295562129708,0
7711,21,21382.78296709639,0.31055932204339337,665.9400659268201,5000.0,1
7712,37,48396.90419476865,0.32544396038784157,645.402814696699,26205.25560925561,1
7713,21,18944.70329853296,0.316934350916882,731.5325505734882,5000.0,1
7714,50,44532.09342219537,0.05,730.5255175875876,33799.716030534335,1
7715,61,37756.34337715844,0.5387159418297695,548.6248986654255,17471.647792750526,0
7716,23,190763.83869965287,0.35420425263723126,618.6039186113863,49901.892537364896,1
7717,31,52692.79914094957,0.3729708431540263,652.2216591299734,5786.1991905589,1
7718,44,12256.211889298063,0.45214462241202835,655.9219173724254,5000.0,0
7719,42,34983.32852469793,0.3059500792057772,688.5505710799546,17591.662609079816,1
7720,64,54838.5141394628,0.18179097526377244,676.1187996986622,23275.658460629573,1
7721,46,29537.655807345796,0.21037251555129408,691.6880576515537,5443.553175968732,1
7722,33,28903.405659435295,0.48097645807780975,699.9191341632626,16919.008522309734,1
7723,21,29617.707679243955,0.3482158583778775,630.1936411263927,10610.013270241945,1
7724,44,47742.61511080785,0.5008882028466974,626.3950131905251,8111.386318050965,0
7725,30,19387.1356033486,0.5272693894522944,747.643849471204,14408.00505045952,1
7726,55,27425.737329410924,0.4830832114205444,615.2547964041717,11807.692802727592,0
7727,44,60869.65623170343,0.538467635611655,701.7842278108317,23226.450813232404,1
7728,48,28466.130047331306,0.24321975080720984,597.1060224662585,5787.326856933512,1
7729,56,27626.949900250343,0.44029196253942904,673.4242360163231,8092.454601639249,1
7730,36,18248.199338312726,0.2798963430353414,678.4949503872399,5000.0,1
7731,60,50159.18669799363,0.18585372008146653,695.4274171699883,16904.96286597645,1
7732,36,44923.65190996104,0.41912760894773504,761.3202670010413,18401.9857012437,1
7733,37,59052.503103314666,0.4631290904624541,580.0521688496511,5000.0,0
7734,35,34321.708657456686,0.2983618237059549,660.4461744296148,5000.0,1
7735,36,42526.85560081694,0.35714294848113126,696.3624266515358,5012.903389501966,1
7736,35,42348.350430948216,0.455451741480429,696.5518695396928,5000.0,1
7737,54,17809.832013764026,0.25820814022560273,628.3374362867152,5000.0,1
7738,31,117797.53322425729,0.47159748813588337,676.9279352867761,70062.59038303714,0
7739,21,59220.866604213144,0.21402820587035076,648.675067380604,31286.224134690965,1
7740,35,37778.669990625924,0.4111673431674303,701.798683971762,6645.857362022572,1
7741,46,32464.167600111778,0.1686469214219583,644.4846517972499,13329.03699950817,1
7742,24,70402.01398252808,0.5518970157395803,645.5228306081408,5000.0,1
7743,63,38099.70650863332,0.4527339765486398,668.9709781062807,26336.214440082797,0
7744,25,57343.29464942251,0.6515950088875729,615.059346069194,14946.280747667199,0
7745,55,27200.44999357999,0.20984046485090488,596.8547835411922,5000.0,1
7746,33,23441.784017958522,0.44984885960453774,557.1557631409543,17499.650440900412,0
7747,30,33494.34428137911,0.3470915692280828,640.556567252026,8041.030284889597,1
7748,31,36508.07563641657,0.13006504540301758,598.5546289502702,25803.563225299527,0
7749,38,44880.59599585297,0.36657128658428006,629.2552497292801,21699.97916444886,0
7750,54,75617.99285991068,0.43531247014026037,736.6803193849319,27156.854558869454,1
7751,59,63323.762082762725,0.6455254315560914,631.4738389764752,5000.0,0
7752,61,70192.96573099543,0.2743268723024428,738.0434657054471,22586.34619874257,1
7753,62,25177.22974210276,0.42116234495003324,676.9824165943227,5000.0,1
7754,43,31336.387615240677,0.3960269358930279,630.288730309891,7322.087034429315,0
7755,27,58923.648159917706,0.32390308830858144,578.5972084366456,19586.266515931373,0
7756,59,66667.55852626263,0.334964193052142,642.0605670473669,37720.29691123442,0
7757,23,52623.91816208449,0.461974844957331,621.8698225171975,9438.459819648693,1
7758,32,27409.428066641107,0.3349070377629102,732.8955186472081,20028.774110617323,1
7759,27,21572.85412744069,0.31471463851975073,787.8170311398937,5000.0,1
7760,46,40802.09970510512,0.27400682471710613,722.1867470519175,5591.780151568263,1
7761,53,23251.794709925507,0.12477445573746311,598.1518507100518,7805.137312837705,1
7762,57,45721.345699569865,0.49006083876654477,653.83898836354,5000.0,1
7763,35,67869.54054482972,0.27243285103906517,634.1236617300889,5000.0,1
7764,22,39916.47647420004,0.534953334551289,608.746754462708,15697.979199826592,0
7765,61,18903.178980197954,0.5391488121154866,643.632515530167,9196.254132629592,0
7766,27,28151.391959915905,0.7097305729203484,640.7379107487282,5000.0,0
7767,52,55957.15763820426,0.4166810496973942,778.5683213023194,10871.577664195229,1
7768,24,46025.95301074781,0.4340445299696805,673.0235242341518,18451.568420507654,1
7769,40,47903.61259746793,0.4418214083629975,707.8132121445099,5000.0,1
7770,56,87946.27795975396,0.389025399314343,723.3882389382815,23188.958790466495,1
7771,52,43240.57628320582,0.5270040408436594,702.8665971744318,10937.314000058239,1
7772,48,42563.90536173298,0.33761318577027377,745.5404492717539,27792.622132665263,1
7773,33,55733.55671870288,0.4328270675849587,623.9892261205919,22684.010996487745,0
7774,21,20199.61952865046,0.3337156390586115,717.167212681261,6135.8214867097295,1
7775,55,29069.502504803444,0.15332390710165733,787.3346109987201,13186.355323479254,1
7776,50,25103.358737473045,0.46165615537506327,599.5354914065227,8638.815739925329,0
7777,56,50385.41475140808,0.05,626.2186071919904,5719.650881880874,1
7778,45,22935.674946016443,0.43240169387184485,620.9611808898944,10178.95082696921,0
7779,36,48133.03190516318,0.513097591411023,800.8887683387547,22706.08361992269,1
7780,39,32585.254838689612,0.4381987488578584,575.5559439598221,7690.121277957026,0
7781,21,30391.615540772684,0.2316161414135589,657.7222577994929,10331.953204609548,1
7782,25,57291.846742071284,0.5819513770910071,684.4500693716814,39563.53156254905,0
7783,42,18655.895895187103,0.6221907083873337,611.5511760991961,6372.326791527326,0
7784,44,28443.02028668757,0.44983621054525613,580.5976407449058,7367.038588702781,0
7785,63,157119.21263213287,0.628220339848494,592.6120580330561,15543.983426229153,0
7786,57,91602.07993123161,0.6679886671260918,632.4691142317654,11006.947268092097,1
7787,56,14658.747327711351,0.2537603423914686,612.5707536264295,5000.0,0
7788,56,28175.881814715034,0.2133558717652715,751.0305067317418,5000.0,1
7789,24,37474.18857036791,0.4614781372343096,613.1801745460617,15726.669734158864,0
7790,56,17932.976187855365,0.05,612.490412352027,5000.0,1
7791,38,99609.76823498367,0.31677080604634894,677.6133169516011,87035.56349585303,0
7792,36,36856.62304604737,0.25114036973910425,670.324467296843,12767.249524586667,1
7793,61,33091.74640474527,0.3216319626870187,426.8980437334067,5000.0,0
7794,38,43937.90296576055,0.16591414389432665,589.1562512751799,14845.098258006494,0
7795,42,43589.22022239348,0.3271056386256348,614.6255509280971,9849.405814679469,1
7796,22,23690.34230676641,0.44088842086761215,579.2060127390843,10505.785875561742,0
7797,41,70097.49744114363,0.6088615800241733,717.3689721400774,21102.306167066676,1
7798,56,39380.18183344214,0.42029383332056197,545.2934326693975,15080.54871437351,0
7799,64,69868.7163557201,0.08382107135411972,723.5706629487551,58869.462211373284,1
7800,59,27232.892802840786,0.3598062619198472,501.9165742810356,7013.678922413635,0
7801,59,14794.860720727811,0.5628699716407353,655.6674629568813,6616.883374549721,0
7802,49,74506.78357578386,0.3189134959395743,759.4895860547987,38850.03703012273,1
7803,46,52585.633462191494,0.45281441426122937,608.3674227368346,19057.864135043186,0
7804,41,65127.884350022876,0.5319246043660376,651.6391302952967,5000.0,1
7805,37,67162.21255990404,0.37586099886450536,721.9367103784643,30596.7604709324,1
7806,36,36667.365152346094,0.4038299321871165,719.9554805277916,5000.0,1
7807,51,30228.30674437759,0.43844763741274595,671.1648135692433,19393.37739202814,0
7808,29,34688.412999239605,0.2876443702659282,637.2660453007239,5000.0,1
7809,51,47844.5879201329,0.31934080792776254,636.5507321929935,33132.129872242775,0
7810,34,41710.96101880483,0.21830539466572838,552.6937982125277,13212.259771669322,0
7811,57,14550.920416394354,0.2772201956364487,578.2616980613092,6909.259718091004,0
7812,22,34226.32053173105,0.4716856250518118,652.522685055631,13767.105430844125,0
7813,34,73640.35577555095,0.4308632494774663,669.1438577980815,36408.392372078335,1
7814,53,36291.678885867936,0.18000091600445425,829.9546418804229,5000.0,1
7815,55,110444.70821946827,0.2072776009673463,704.6517150894654,18930.19850835653,1
7816,59,22459.774218454004,0.26258672929931515,625.576801721762,8566.583050292958,1
7817,40,43228.949831537386,0.13851504039023363,685.7277830990663,13419.632283262546,1
7818,22,22188.498404498652,0.3884253889832989,526.5300944260795,5000.0,0
7819,61,23675.883205002458,0.25622093775304916,655.9122763908516,8011.573261980072,1
7820,39,23786.214533441907,0.4274060086747948,697.9293428588034,6086.432625894805,1
7821,57,109627.1111464074,0.5023821257120026,698.5279607259417,81309.41649047307,0
7822,38,32013.97978947571,0.09904706785836188,645.3628859085516,18201.900459818975,1
7823,36,25557.365090978634,0.25629558632920724,689.8878517655228,15254.752660116645,1
7824,24,36266.362476798655,0.11818275093387737,631.1839415613898,23989.0023952266,0
7825,32,32493.417393694526,0.07437962422542507,677.6998038357352,12938.912596273996,1
7826,49,54487.44931541267,0.43167953178845225,584.0981616207528,6165.847754002386,0
7827,27,13099.96692284326,0.3816789521799002,570.9788576605441,5000.0,0
7828,34,22532.02573386192,0.2651223831751439,738.4549778757469,8347.568414313468,1
7829,32,55450.87357774017,0.20745264603457875,637.0292218912807,18321.501242311053,1
7830,55,28443.805889728734,0.18779488826434174,680.9536745124282,5000.0,1
7831,25,24897.54263711287,0.37647744616836165,595.0670824678558,9246.748804523524,0
7832,37,24346.644078953894,0.31520612008347587,571.155237147413,5000.0,0
7833,62,52147.02499385502,0.21556849568344788,611.864847453835,35902.376759196064,0
7834,52,51020.489276385204,0.41262465881863947,679.7409299143085,23260.873256533632,1
7835,30,58618.75922891233,0.39238577508554867,505.60167690802825,15354.144376869233,0
7836,63,20305.580176437787,0.20440681812291123,664.5102102829408,6351.022751278561,1
7837,37,19714.09459794364,0.2788624760362501,697.6718777917488,12718.299817273251,1
7838,25,64130.47019203832,0.47909366406621884,588.2488897914517,5000.0,0
7839,62,40237.79423066629,0.46225768676703877,666.9002611096497,8210.557981153432,1
7840,29,26823.326081078096,0.2515724553609808,661.4568407518695,10909.925660308623,1
7841,53,33571.08811744028,0.5992251933827899,589.3203237714838,5000.0,0
7842,56,19591.160439654464,0.32370886806597715,639.6893877500561,5328.23935599397,0
7843,56,27866.981444226716,0.46827255982628724,649.0130141250175,5884.169098955022,1
7844,38,39324.67065920276,0.19230269698767696,589.0366922807771,31214.197318494204,0
7845,29,43357.54257235486,0.3271655269267069,625.634471253328,11838.379868550297,0
7846,49,34762.153653014626,0.21265082477292754,648.3602385188985,5000.0,1
7847,34,33029.20603415805,0.10197356241429818,670.0891194405043,5000.0,1
7848,45,52398.24951571327,0.34363458812911085,782.2729467217296,5000.0,1
7849,35,34520.61084596398,0.3008012919414138,582.2247792142377,21996.03038867092,0
7850,26,29040.37452195949,0.5108074222074935,744.7448443976259,9341.898882684513,1
7851,62,24806.264265303806,0.2633714628715462,587.175244674729,6577.151334432061,0
7852,49,15005.960168919832,0.39031671698309045,649.8247211237947,7324.566450340839,1
7853,35,50259.7299004922,0.28912662476333717,714.3429184391457,20591.119037306973,1
7854,49,75492.79155025943,0.20403317190108655,680.8272842308809,22890.20745774984,1
7855,24,24022.465932870164,0.47097772348601635,485.1741765768,5000.0,0
7856,38,19244.357394446928,0.25788034197545534,725.9926267964942,5000.0,1
7857,64,26599.23314609992,0.28487634982133353,672.6321034581835,8642.454992837142,1
7858,59,41993.37121835971,0.17190422839064626,611.0666807627771,18217.487962455496,0
7859,36,28207.693382819998,0.09671408046785725,640.8413877920515,5000.0,1
7860,31,27963.466065993955,0.41797823241998244,679.9096783827475,7908.778792257614,1
7861,34,34840.58911455609,0.3351327465246979,691.0256004065278,19462.165821974584,1
7862,23,38192.88097818918,0.48773324915771044,688.4699678210582,5000.0,1
7863,62,43657.31286059064,0.4263416616050821,599.9437002522652,19595.19367241807,0
7864,58,31332.888462717397,0.16325781984472879,649.1422913987337,5000.0,1
7865,62,31055.21091829346,0.3504815294276501,590.9783878151335,6011.699097394996,0
7866,38,13891.147151044484,0.3446793990802586,703.6397369508632,5000.0,1
7867,40,57979.38591886908,0.5016557760215831,632.9135530494539,20890.972885957442,1
7868,45,41199.63510628555,0.5349575567848313,680.5527199974517,6016.147010773338,1
7869,58,77306.39008044309,0.09064607389837963,614.0239438536463,5000.0,1
7870,33,46889.79637838595,0.5147936879230399,655.9981119491085,15364.088112651254,1
7871,24,35003.44275179516,0.4946255047663455,636.5773865767106,17921.74469368155,0
7872,34,17274.604228766693,0.228236954639455,565.0359184882881,6596.353400095855,0
7873,53,16044.452478040499,0.34316691113520975,726.3602416468484,5968.534060569654,1
7874,48,61339.18264668239,0.05,696.7952416134267,28024.7949463697,1
7875,57,48087.34057613936,0.34245835259367474,561.1588095908421,7510.193206830203,0
7876,28,75561.3333627084,0.19252774233021472,592.6384338236818,24323.650870852296,1
7877,64,57850.893044387645,0.4281381078986126,608.3756052997811,42795.908939986126,0
7878,54,30164.910924837677,0.41199405168512204,742.192659806961,9936.076626949323,1
7879,64,11498.340335050325,0.3358902927157729,710.6992836620227,5000.0,1
7880,25,49131.71876762497,0.3794906838802967,665.1599947668774,18171.23691661875,1
7881,25,21849.867176804753,0.23151970167033833,539.288641157554,5000.0,0
7882,51,33118.55510901288,0.18073356633304968,681.9562352667082,9687.220035891633,1
7883,29,44625.26566034294,0.6671508876986496,661.8325110597049,20030.922867488145,0
7884,62,26494.097747546268,0.5036783819593437,625.8548388168621,5093.859330653111,1
7885,52,24038.610245441094,0.36962040906096744,742.5229769986349,5000.0,1
7886,53,31145.07378713461,0.31789059279014303,636.005061037835,8264.632730935597,0
7887,23,13054.779810322023,0.7104265484966905,732.6665985000899,5202.576536282789,1
7888,50,21658.543275145024,0.6010386420799483,624.2717627858607,14069.031149889259,0
7889,32,21502.60412565989,0.30728682985764627,590.1119180789625,11055.339825656334,0
7890,49,32275.896958622532,0.2044070646477749,562.7846462565485,7532.759619912813,0
7891,23,22616.18743051003,0.3578662261601171,644.410553829675,8955.042027405245,1
7892,46,28059.694063664432,0.2932942799445679,653.1110820366232,7038.392973884136,1
7893,50,29071.619186944623,0.2079310196556182,583.1658338580908,13868.050771900373,0
7894,29,105223.59382702054,0.5557977351360671,586.3853503248463,28229.757246797333,0
7895,46,53358.34285813426,0.428654420562023,732.2935964605674,24056.362203290406,1
7896,22,34194.11166782232,0.2889076774916408,701.9501396735703,21667.75590728496,1
7897,23,45457.771990856265,0.286836715554087,778.1518040729355,36795.24356962619,1
7898,24,57547.042288652454,0.3519264882801757,536.8048396651163,5000.0,0
7899,45,41935.36254490469,0.2770963970207294,769.5708568711816,5000.0,1
7900,33,21656.38046015779,0.2641281475762959,594.8911753502881,5000.0,0
7901,59,33911.016893802065,0.658066630877964,557.9286490046665,9788.083590718335,0
7902,64,22293.575653942058,0.21320816167173492,667.5184766262101,5000.0,1
7903,55,30805.866244937988,0.05,519.814967205435,16935.365409202805,0
7904,43,33542.452498197716,0.448148148905206,725.8300248236857,5000.0,1
7905,29,61469.09570007445,0.5174637012941478,662.0431652129697,5000.0,1
7906,22,24414.681094518317,0.3731223339178568,600.7519074564618,13853.831675845866,0
7907,61,23456.054200448514,0.1083311351541059,720.1511034821581,9587.71512970439,1
7908,64,25375.339634717617,0.32961394800257904,640.51484734635,9121.86190144008,1
7909,51,26782.312361307857,0.2736933613332489,652.4800585382118,5000.0,1
7910,64,30974.379638046204,0.5505692692155784,693.9142926694184,15934.160375984678,0
7911,22,42815.76549115761,0.22323360951773685,605.8513316653119,10876.808226162733,1
7912,52,24524.94316938504,0.3845705513541472,576.1331779416271,8021.6464344390615,0
7913,38,38462.77252198147,0.4396995129065239,640.868740422469,14160.041512108257,0
7914,33,38701.20081835191,0.22136101596080968,555.3876725507706,22340.192290385126,0
7915,25,47898.425431704854,0.2607550917025925,619.8720577372393,18623.374913123516,0
7916,62,32683.07617848146,0.41499253929613417,579.9050348814135,5327.155529108226,1
7917,64,55052.48668252389,0.05,628.1681452776083,16444.601273317985,1
7918,30,43674.32164804762,0.5542939865524298,587.2169577772344,19033.65197826162,0
7919,63,42705.79755794875,0.19829232654195506,626.1272322014756,27320.98957490942,0
7920,45,27574.756954389974,0.35663609466212065,721.9257184140212,6033.610126201578,1
7921,54,41659.37445958766,0.14710305277199553,598.0269460084971,8390.401654487841,1
7922,57,43310.22118591094,0.5477552681999236,676.8982652839338,19596.630792935783,1
7923,50,26935.631846824177,0.35007754096717736,523.392893722932,5000.0,0
7924,27,65982.26228833679,0.38208474605234183,626.9126312934055,11460.929772023086,0
7925,26,134827.70053318382,0.4339071014555311,592.2527545790267,41140.31355867803,0
7926,23,26145.557093299907,0.5134803165382368,654.0466276751861,10128.767466201743,1
7927,33,28707.31494271691,0.18219375096696339,611.3248454542231,14461.499818533748,0
7928,23,29070.740940343945,0.30957590250553096,710.5098369193659,9675.868153577121,1
7929,46,18867.92564937146,0.5393801207747759,625.2145183285105,5990.618533521631,0
7930,44,23431.92580563486,0.28413264485155243,728.7463768752492,9713.394758728668,1
7931,26,55748.957429206035,0.555036813735547,503.5512604131494,5000.0,0
7932,63,34856.44135791134,0.38091199960504646,652.8150767202634,11009.901192338833,1
7933,62,94798.43390243297,0.2864041095114316,659.4024808678275,59024.63304460267,1
7934,32,31437.224968564948,0.45400572383128707,584.5636136183035,14351.551518708464,0
7935,56,44719.96893637997,0.3269457344225633,650.0768537741652,13188.567291896296,1
7936,22,23106.12655167051,0.4775273465106918,683.7512043031123,10331.3092360359,1
7937,31,34368.96828060204,0.2781492082687497,726.0828580616758,5000.0,1
7938,59,37945.66539375418,0.4785081701696517,630.0194581494944,14673.009360888325,0
7939,54,12682.239276530332,0.4156272907644877,619.245192508574,5000.0,0
7940,46,24041.066448778653,0.29920954937039146,607.902959854094,7708.8659358628165,0
7941,38,49909.42887708879,0.07654188236026879,653.4836575643976,11288.269241402262,1
7942,41,48597.80851608647,0.4217747127137896,584.4963007538562,28223.11578876038,0
7943,56,19454.08422206682,0.5112618715854959,702.5341495947093,5000.0,1
7944,60,30318.67343441837,0.37883208992165623,536.3987755452906,5000.0,0
7945,64,11105.469371601615,0.05,645.4756666316649,5000.0,1
7946,42,36253.146996747746,0.5209507343504078,553.4287715523898,5000.0,0
7947,50,68196.59690683367,0.4097043370883315,646.6349871892894,23439.660139468044,1
7948,63,69689.92012370644,0.44266473895246583,706.5884144807119,9983.258195023947,1
7949,50,68462.01853710291,0.3380644897850546,662.9501234882191,5000.0,1
7950,28,47263.04671307091,0.060207290971130735,607.8107857828353,11687.562347541081,1
7951,54,64802.68319015211,0.43707653192824536,700.1636505178187,28298.434773606274,1
7952,29,33036.51101789018,0.31707644756297043,458.51302549632805,9257.510205957671,0
7953,40,27974.94779472286,0.24035262446252614,645.2919570002855,9141.745260828877,0
7954,60,64235.26317990619,0.6114576402385571,591.75284516427,34323.03331366724,0
7955,45,41949.835100233104,0.4382961497292704,684.5960958720702,19494.493779521305,0
7956,39,14799.981545094495,0.38284802177453003,472.837062011306,5000.0,0
7957,25,66721.92897155785,0.2205851391991098,617.4173883633309,6873.912686294384,1
7958,31,32535.1012326056,0.20180169188912386,604.9911962878415,6201.223717516084,1
7959,35,26015.22311272261,0.4252838675146893,713.2970330124244,7953.629588375215,1
7960,28,59245.924761241615,0.050739663587195394,594.5384633758352,26276.852197342967,0
7961,39,55383.25735002075,0.43262260275708164,634.4633566218386,20390.85242425796,1
7962,43,22506.50663527941,0.4418688869224731,654.971748802827,5000.0,0
7963,47,33572.28333637143,0.5562579774541505,648.3489131589682,12763.743059014098,0
7964,60,23058.40141635345,0.49728274768161207,646.9377126586448,14784.002765629708,0
7965,52,23365.77533919989,0.5210061930124894,654.3179743292277,8373.78815006718,0
7966,46,8132.484892111939,0.26038028198497554,649.9620923827941,5000.0,0
7967,47,21872.90687874366,0.13015393575258538,816.3566476608664,5046.189435549157,1
7968,39,33337.10617951429,0.37634205622982136,524.5146857746123,8721.864315511224,0
7969,62,8807.465887828097,0.4165285393797779,594.6163779149656,5000.0,0
7970,49,18289.342179094398,0.5017025392629714,646.7047178023861,5986.966283914279,1
7971,59,49193.94744675112,0.5730097280500247,727.9052051436555,5000.0,1
7972,61,17923.149561696282,0.1753532496146222,716.7653939360968,5000.0,1
7973,53,33569.85057597257,0.4785338974473404,722.6276594912366,12325.961222079644,1
7974,39,15887.970806104599,0.05,647.5263952347726,5000.0,1
7975,57,44565.65513687624,0.39128517671061747,736.8737410459727,5000.0,1
7976,39,30857.126282484365,0.45498472563042136,608.0430791077133,9678.618622799882,0
7977,53,22952.058838309156,0.12101190137858643,714.1104294484827,5000.0,1
7978,36,9679.352004194143,0.44359101822617775,663.2430858845261,5000.0,0
7979,43,23226.919826530233,0.1902648485503929,664.4845077331044,9166.521283196982,1
7980,27,50633.608764345656,0.2909134659754962,557.5247196363648,33697.022076324734,0
7981,46,78828.47171843116,0.47895172701575633,526.0789613766059,29816.38102378854,0
7982,52,32544.745288471662,0.3023479960474826,629.6551569790945,22043.118033776078,0
7983,32,34542.9598370887,0.30003884951992005,643.4786802804608,5000.0,1
7984,28,25881.0987970507,0.3979116623430707,571.5166755534394,5000.0,0
7985,25,67147.14475753038,0.4697223432722849,714.8057036713595,24071.812588099354,1
7986,62,32198.350041908056,0.34984097680736065,592.3652302295933,8849.943043347039,0
7987,48,56775.737520415016,0.5872331389311263,690.2853347487764,18681.54713949824,1
7988,25,41114.02198062419,0.29965681760208496,629.404501014307,12089.74013716721,1
7989,46,38617.18436281056,0.53489764031616,704.7130627053559,9986.016440000269,1
7990,25,21804.50734612126,0.4294530454353843,566.1663074646906,5000.0,0
7991,42,88547.75740634413,0.4508033488853776,537.6523218783759,13579.461275515157,0
7992,35,75581.50149202379,0.17589643107503705,687.7488358339377,9167.099784188622,1
7993,33,113221.09985246611,0.5324413067449306,709.7249421067356,11736.74641322545,1
7994,48,20958.614291043454,0.3680109196959525,672.0343270090082,6562.394109194484,1
7995,53,41440.55419609264,0.6968425083741426,588.1582770945827,6491.037778296005,0
7996,63,24424.52378139319,0.388571933823326,697.3469153925435,5000.0,1
7997,43,45334.82635397954,0.3469742435772419,689.7827807894473,26296.301304645447,1
7998,53,42028.85201934665,0.27289337795309676,570.091350816072,16629.088055074997,0
7999,63,29525.417349807314,0.35072455514448486,681.432555665947,13636.041243423055,1
8000,38,32392.75621735161,0.5616901274145125,659.9777674797084,16986.29240805268,0
8001,50,103299.11419991702,0.4674154646746866,657.3311813084795,64944.61075162321,0
8002,46,33939.80813764188,0.39421937460069717,553.1845551218626,10100.397487204826,0
8003,36,12072.81695222436,0.4783688803387558,707.6014347666361,5000.0,1
8004,33,27775.91235595239,0.28364213534125515,612.0157032077519,5466.244906911315,1
8005,59,21001.842773227792,0.27214624815407734,604.6458830808889,5000.0,0
8006,53,22928.052046191955,0.2559451208362367,681.8605132495513,5000.0,1
8007,46,51775.575658910166,0.4982100885716223,634.7114042695542,5040.688624993624,1
8008,21,56695.85386880568,0.513209480349842,549.4977289341939,11061.939996768922,0
8009,58,23824.65368178521,0.23018093660052796,757.0626920878735,8099.277431951791,1
8010,22,27574.801219998804,0.24871082374032885,665.9723437101712,5000.0,1
8011,26,25614.671580433253,0.32962785349572477,648.5650772193421,5000.0,1
8012,58,77579.00498109712,0.19654921104619177,647.8093808914733,5000.0,1
8013,62,57549.425206588785,0.38531110904959426,651.0746090515981,9357.42880124478,1
8014,44,50943.39364881618,0.5653852328071584,656.7610837935292,15919.153140558345,0
8015,38,21676.225575075394,0.4051978689756738,729.8503539595657,6729.568584396729,1
8016,47,15450.093508711168,0.5040713817962927,760.6530867227451,5000.0,1
8017,61,67187.24100646206,0.15189984072249593,629.7141243426856,16797.858575667775,1
8018,28,94793.71331466638,0.27450026999109356,697.3475618896072,28542.194366837226,1
8019,48,15088.908286606993,0.06549928853441198,693.8928757217474,8284.699613946243,1
8020,30,111384.49264944656,0.3406440069867081,698.2601309177445,25417.7236878321,1
8021,37,34440.68759669788,0.6773036822712418,739.0034258484626,9364.080729878304,1
8022,49,39501.2349320591,0.615606620993374,709.6317223928515,5000.0,1
8023,26,18789.566621872087,0.40795640462377913,679.2057159537203,7404.753787867941,1
8024,34,14952.303910563985,0.36211439260132766,605.5811419395789,5000.0,0
8025,42,11708.830271017941,0.4220624459727004,671.2310450843016,5000.0,1
8026,26,60804.020123206064,0.17319475551575578,576.7828118437408,5000.0,1
8027,46,34843.843173498586,0.3865896702633731,682.2816545226598,12881.57859118993,1
8028,59,45724.576158564385,0.05,672.3500259387165,5000.0,1
8029,32,63994.8874829049,0.05,549.7936265532612,25996.393660803613,0
8030,55,34617.00194308887,0.2980410516969274,617.1550975236704,22788.481299271374,0
8031,34,84519.13930367486,0.7060703755914043,598.0986992053616,44825.98845574206,0
8032,42,24035.63907152397,0.599941886529574,699.1990613280025,7355.92991024463,1
8033,43,29471.932163403613,0.521740835258428,629.4157919185355,12520.944515447656,0
8034,27,23123.1399618202,0.3525965637103092,550.3820611711893,5000.0,0
8035,60,55146.751964447874,0.5838891667590153,681.2099329803377,5000.0,1
8036,45,63372.16685521988,0.27318038974284775,664.466274549008,20695.228297014994,1
8037,33,28956.175404817397,0.172453933230105,658.7153026418629,5209.856567782244,1
8038,41,18095.64036131721,0.2644377846886972,572.831889815171,5000.0,0
8039,61,67191.74435611854,0.10901490027563739,691.1422568891339,5000.0,1
8040,30,23379.747522131696,0.6899536714758554,642.0834457209634,5611.355126744667,1
8041,29,29691.00815947934,0.4314568841462204,637.8841541527395,14804.650633747837,0
8042,35,21234.270577409392,0.21939605669284215,561.9449222358771,5704.4306247603545,0
8043,22,41928.84444875528,0.3381189098224595,564.4728468745715,10868.46031607061,0
8044,45,24711.375452849457,0.33345100774039826,850.0,7152.876504750146,1
8045,33,51570.42760596226,0.5652206622821424,569.2795822780828,5616.365695705705,0
8046,54,27449.96357939314,0.6857333034652842,502.49900456781853,5820.050817777986,0
8047,54,47520.776719194284,0.5127831401536029,623.0194468105383,26168.899390762363,0
8048,55,22871.743949855463,0.4613440878415088,636.6661124193417,13848.600159205806,0
8049,58,67045.8128587756,0.3979134613380955,585.8182099988123,34110.54551169559,0
8050,23,28283.919288239234,0.36737613365756927,592.4764412641209,12841.547819396603,0
8051,62,37988.32299485118,0.36381474322152907,641.6827290359544,23154.803291349795,0
8052,26,20051.310868707696,0.36708377482955246,675.511486985384,5000.0,1
8053,39,36024.6946102395,0.32031882530319666,551.9997754885618,30427.34319135025,0
8054,23,20426.86573775049,0.2827213143105114,622.3040849888358,5000.0,1
8055,38,35527.15247331415,0.19098325919027065,649.8775266523936,8349.333175465157,1
8056,59,22454.21327396913,0.3147862907713247,633.2726073588954,5000.0,1
8057,29,33601.43119960423,0.15330056566044292,601.9332766023599,15136.15751132377,0
8058,32,45842.20767363766,0.26550425935135036,578.246095732822,5000.0,0
8059,25,18284.898811355837,0.33349999552061277,771.0851035763844,5000.0,1
8060,23,35533.66105757165,0.3890064654407694,486.41350745431873,20406.754365265086,0
8061,31,44540.527982088766,0.386397651595893,721.7731432848752,11187.954601193445,1
8062,50,44446.24937312104,0.4241629700759765,570.0246814626477,19006.40816188927,0
8063,24,94768.39108325404,0.4113405813801034,666.8244444718282,19595.686633601203,1
8064,25,25027.88244535857,0.6190253764297454,655.4747227851631,5000.0,1
8065,21,36264.542272123654,0.5986788550844713,577.237735275112,17358.4419340636,0
8066,47,87017.18400677187,0.29232474092019256,636.5423106786154,29086.98347141228,1
8067,48,18276.509708946793,0.48784887325002646,622.2007646519959,6264.198716267978,0
8068,49,11512.938229581552,0.3236775846508717,651.93977109334,5000.0,1
8069,38,47466.80155079601,0.09927191346986332,739.7365615950761,12686.949619442797,1
8070,32,61182.21249829634,0.4497486858127962,749.6033347997127,11042.458966925395,1
8071,33,12644.639000549154,0.2708452785509572,596.287544230769,5714.436816945608,0
8072,61,30949.111841002737,0.24813305766853427,674.2029391336779,9479.505853745113,1
8073,22,21829.808681060837,0.26250868941821864,721.3057036595322,9267.547520919714,1
8074,57,42397.20161097993,0.23681437135265704,619.6865538658744,10023.650730460546,1
8075,36,35706.07792026085,0.6248697226621293,691.9723035990476,23505.391225787826,0
8076,44,69875.6886977318,0.16921864935565362,816.612856288825,20048.91100343256,1
8077,55,18537.89532975837,0.32694198520802736,570.1856158036336,6876.284358176126,0
8078,42,44047.184870296325,0.09673465112375385,683.5051523021726,18333.65011878614,1
8079,56,49553.39864547546,0.2402547539431592,579.4540080822419,6582.833650667542,1
8080,31,37241.21351431266,0.15295588201009183,606.242644722139,8592.836634759373,1
8081,49,13313.755003578162,0.42748400928419067,616.7052008744953,5506.682953915763,0
8082,55,44701.83922172618,0.12144035571739638,680.9999511016713,5000.0,1
8083,35,25201.83912035191,0.5646438220826224,791.8320613435278,9725.676996549846,1
8084,51,15189.531452627645,0.15284702834765587,608.2063469151763,5000.0,1
8085,62,43678.06737598917,0.19415264709869168,720.6105435052754,5000.0,1
8086,61,53295.16203361197,0.4511740191587008,586.8747790740542,5000.0,0
8087,63,26696.831378612856,0.6317667822975453,619.2425430859004,10509.005350538233,0
8088,36,55100.87212824868,0.2845051082367279,741.8943059026093,45721.87798956879,1
8089,30,55378.16126562727,0.43915202021610383,716.9803873604205,5000.0,1
8090,52,35999.95006187404,0.1933123118997421,621.1722772106201,11283.755638399958,1
8091,22,48931.1429319416,0.27338220235562444,607.6091861973623,24322.784102361966,0
8092,44,59170.58865695381,0.33370610461591793,682.7992629872077,23819.106898146456,0
8093,43,47217.65918768667,0.22584991047998818,604.2159904989262,7750.900565501404,1
8094,22,11573.897050888962,0.5210570382798559,616.4062799803094,5062.443383581001,0
8095,58,10299.243890475604,0.47030709632901424,621.8982231988825,5000.0,0
8096,51,61884.88530824991,0.2702601207609067,637.519768164257,16849.014708938805,1
8097,60,25739.735232621333,0.05,609.1679340510681,5000.0,1
8098,46,28339.75798699629,0.24111703044112376,535.5712618539053,14627.89648880891,0
8099,49,93432.7304079769,0.5388517632101625,758.647738111836,33534.16776080236,1
8100,23,25163.757852014678,0.33127536110727074,707.4647515469723,6081.200280417691,1
8101,34,33886.36007340986,0.5035268606454083,643.8886313172262,12399.51794567387,0
8102,45,36542.60864575534,0.5977462793534926,598.3013595803438,11631.26166853959,0
8103,21,32647.439842732187,0.4410259213439981,734.2097494428491,11807.724933390084,1
8104,23,71114.08601502643,0.5195341331763172,682.7316572308413,32319.99922089773,0
8105,46,30112.582552385415,0.2646207690008013,604.5902573441145,10932.480720080035,0
8106,38,52035.180774751636,0.5244849299395259,685.5247485129299,7079.129697368403,1
8107,29,37613.950835587406,0.31826495152676004,655.6504757475185,5000.0,1
8108,58,58892.331825953275,0.2349916488098922,659.4018585947357,26622.99828003789,1
8109,43,18288.456800135027,0.6671896429183671,710.3386617326671,5000.0,1
8110,41,11768.934514418606,0.34699202889973685,685.0727099899766,6160.05140750711,1
8111,21,36859.71478503327,0.24311615427645816,709.7739247341085,5000.0,1
8112,41,23772.264940727768,0.4137592149508125,778.2983725917073,5000.0,1
8113,47,75541.6891722591,0.18713400510418243,690.852641303287,20800.48467517625,1
8114,62,34838.1108676159,0.16165480567054719,814.5984036286859,11208.730488394242,1
8115,26,40533.625386225474,0.31852787974260033,733.5976347252164,19856.794822707045,1
8116,64,31142.15098652144,0.13398528839902363,632.7977456470783,15862.98755315725,1
8117,56,26221.361980952395,0.27883236147231416,544.0270673941353,7603.27582887795,0
8118,48,37374.85270589803,0.1532368909256022,734.2960303848157,16843.419577534307,1
8119,37,60316.605143482106,0.4970482020037556,559.5710520257944,5000.0,0
8120,60,31060.946419809487,0.6026841463849001,660.867601806161,7257.212779969414,0
8121,23,29989.03759291132,0.14155576367569253,700.5723262788784,13838.303252573181,1
8122,32,54307.00062031789,0.6697383669097629,574.9011910532057,17066.43168148019,0
8123,59,15641.271769249552,0.46407498650557805,605.9126118682345,9247.796817892557,0
8124,32,65790.85767231573,0.3864513694523506,575.5160874690156,7397.843475368764,0
8125,22,24265.797101714663,0.1215831623968633,794.5255199632198,11613.040212139005,1
8126,42,58237.25637154337,0.10378654322259417,701.410263223872,11795.267452468957,1
8127,43,42062.95423197102,0.344591900995474,599.347707213954,16779.79661802312,0
8128,50,12810.617426690314,0.3241013847067831,542.187513833002,5000.0,0
8129,25,36531.72508107308,0.30578523052313406,588.9812148686881,12017.001264891662,0
8130,29,70062.3465443103,0.35730493593978063,606.0246888329865,33275.044253889224,0
8131,41,31201.577164156046,0.24283503255695252,611.1547407136358,14203.766968262416,0
8132,31,32667.047303821233,0.31641452921736496,705.4325107539033,10589.58997084049,1
8133,25,24742.92625425622,0.34933669798255995,551.2422007017426,11482.252521964403,0
8134,55,66022.81094905312,0.7356657959556493,726.1128423243787,28304.78206420984,0
8135,47,28811.835219627665,0.05,523.5438675911777,6916.3917758762,0
8136,22,88944.24644690154,0.40630190752136347,644.7506229052989,30036.96710999246,0
8137,44,64709.77322041052,0.36265970163801026,601.269864500603,30836.070408539275,0
8138,51,70683.81018723825,0.35306656714582446,719.6221495176436,47535.904341430534,1
8139,53,37800.84343155058,0.4049664548205366,750.8310159519013,15521.717873121415,1
8140,59,28476.56935799255,0.6474437357830563,706.614560962176,5000.0,0
8141,50,46129.712129994776,0.40179845843936446,680.9816585097054,17547.85781954456,1
8142,57,78904.6795880703,0.12580105115939635,631.1961629645725,52780.44177061341,0
8143,48,88134.58550032155,0.40389255385049594,743.8892349014566,15010.315563151487,1
8144,51,14348.512315590107,0.32603674589494924,579.9558596804695,5000.0,0
8145,31,140420.7701758607,0.2575260597648812,681.2996906020212,56356.54117503908,1
8146,43,41194.964123943624,0.3780537070014444,725.9227082878987,12856.424671053564,1
8147,22,53614.00557372452,0.332308779633614,714.1298585807273,17018.9893795287,1
8148,60,23210.463142066994,0.31593317494704776,687.0141978365835,6038.530543525667,1
8149,61,22424.552863847613,0.33468926527835335,685.1103206989872,5000.0,1
8150,47,17687.092703820726,0.1737553146275689,712.4545999062422,5000.0,1
8151,55,85120.74794312782,0.4575289972145194,640.6992256680577,30487.68106960853,0
8152,22,25744.166395006716,0.32933980614528074,749.8689521799212,11409.31938689423,1
8153,59,34684.68124003568,0.38968133999651616,793.988899419466,7947.674157804923,1
8154,57,31235.739974038035,0.2201733264021255,520.6035134114338,17558.64410606786,0
8155,41,21798.275863726703,0.182089773350394,622.4243605223651,6724.720367596321,1
8156,25,32876.80249006138,0.2942496577009237,571.8989810192861,14906.016542565107,0
8157,41,37947.16229441101,0.34565652324763163,604.3226650931065,8156.219752222712,0
8158,49,67804.8468212889,0.28835368916526594,658.6693210308006,22359.48099003782,0
8159,40,21385.113580137026,0.3628782414510129,682.9710257839679,7921.897019284735,1
8160,58,27126.044063373618,0.05,638.4395685299405,7568.745220772115,1
8161,40,47813.0405786077,0.6505610923004163,694.49710689909,5000.0,1
8162,45,37149.12409460304,0.2350741177632801,598.4351849955858,20591.981783404724,0
8163,22,37492.86264743715,0.17619008492779298,621.6653484206947,10222.953798099807,1
8164,52,22347.35805948336,0.5215229238289553,695.2159077695667,5000.0,1
8165,46,53596.068558328385,0.17557017230295252,626.8503985168967,11005.07747528167,1
8166,26,73630.30537490816,0.38029464048721057,559.767352398162,45536.48858645023,0
8167,61,70303.95111154394,0.17555064811964213,806.2224635837882,38040.568601268795,1
8168,23,32964.702798804996,0.30441668794324456,715.6751437873367,11704.49098907136,1
8169,53,9981.830203952191,0.3062877543902131,661.4143640206182,5000.0,1
8170,21,40817.4684613261,0.2374467972875677,712.462055369442,23793.339352894873,1
8171,25,38183.36199281986,0.48126049120050257,679.2129908739029,12325.75870141612,0
8172,33,21827.822499995167,0.5625620979028417,538.8275104247731,11179.522017117502,0
8173,39,24080.830050637,0.2351969447355332,660.7249473711427,5000.0,1
8174,32,22075.449237830737,0.3696086387433403,599.3629668617626,5000.0,0
8175,45,41658.558592156376,0.15199199189597185,657.9032370982887,12641.541117991577,1
8176,55,24071.821177234448,0.36586612673784297,678.3056446963393,10782.958599801052,1
8177,32,39440.31240121767,0.4731575600304253,716.6477540959305,21770.275259408743,1
8178,50,119165.73872853901,0.36689585422683985,580.9937049977651,33408.899442126436,0
8179,25,33093.098710309234,0.2650181966130862,583.5601310644722,5000.0,1
8180,54,20332.64915697494,0.3115947417901648,616.8074633932882,14889.274604476714,0
8181,42,17559.102714053064,0.2777556795548477,752.4931258924724,5000.0,1
8182,59,42831.72814290752,0.3183709975585024,624.557567444033,5000.0,1
8183,33,98858.69224056602,0.2520853970208795,687.4439576298495,41112.050693692065,1
8184,23,23137.269772933883,0.3759531297711953,646.0900857030487,22557.239610392982,0
8185,40,12363.661579141883,0.1700240300608285,622.3319164114679,5000.0,1
8186,51,85283.21655381013,0.05,659.4108311914143,26906.456654656842,1
8187,25,127787.9092207136,0.5098239461731368,705.4295542495763,57649.19406551276,1
8188,44,53016.733554106104,0.34126083959307224,697.1675512678679,25841.784009154195,1
8189,60,45038.689445397256,0.36775468554416063,565.3842801279245,5000.0,0
8190,53,37547.52562610241,0.2376306435921124,673.4522777491936,22456.920844413973,1
8191,28,51047.425127876166,0.28544274246958073,764.1382651511354,14096.785837512343,1
8192,44,49881.35507171092,0.19010543097759328,671.3437606214818,15628.739508787055,1
8193,40,41835.20148174005,0.5265951362782695,729.161253941467,5000.0,1
8194,36,22558.007663231696,0.27471877980881787,771.8325667416585,5302.33096874586,1
8195,32,41724.653754340696,0.11828868870185949,661.4782942386092,24406.08578882634,1
8196,33,34571.79213276824,0.4513531694885841,645.6627396202626,18299.53192221905,0
8197,62,24318.07978784075,0.5202653772179449,680.0865873697894,9527.323022524744,0
8198,59,41675.97028854109,0.3226168617759363,740.1095061017865,5000.0,1
8199,45,28478.404114100114,0.5764607416421655,638.8614679519127,5000.0,1
8200,52,37566.48637054061,0.3941584570294412,569.7319723831023,14543.963237828093,0
8201,44,45626.50767375511,0.3312161209163325,675.1843042570607,9774.053448791648,1
8202,64,48975.56641966082,0.33620527816099266,714.9789173773361,21119.126451885488,1
8203,29,28831.416944756253,0.4248720491797323,677.9720019276916,13251.463981667666,1
8204,60,45487.64042727459,0.5116519580751765,680.7220779046158,26438.664168439293,0
8205,43,51102.584563168595,0.4280405526129231,647.3011144876281,5000.0,0
8206,33,59097.418761464665,0.3891122802744417,633.5564257857432,13373.517944896897,1
8207,52,42295.26483166403,0.36065236406745244,738.9543693099241,6193.967731363865,1
8208,35,49152.07495760606,0.45519842398454563,525.1311665040356,9197.240699546419,0
8209,56,29416.174304064854,0.25439441926914796,656.4168396318262,8355.838760833367,1
8210,25,131723.44307807786,0.1237081115738966,581.2388638967694,45973.211993989404,0
8211,42,35169.839143758254,0.3778245241893215,647.708556538011,15168.75992166633,0
8212,36,63614.22544491035,0.19820183309864942,668.4765581468897,9256.842514854172,1
8213,61,28470.403701699037,0.12607447072941744,685.4115425203488,6708.744255101831,1
8214,30,43799.467405606294,0.592821879957461,659.9258265267553,14243.792810688434,1
8215,44,42989.54123271994,0.05,747.3397703002663,13504.20789503725,1
8216,38,47283.03973939885,0.4436479100336871,657.3919526937578,8799.06869775278,1
8217,38,23765.69827054375,0.18875535778688055,575.6994892328248,5000.0,1
8218,27,44122.32741723694,0.22961155745600256,722.4343127541666,11525.715347023475,1
8219,24,28525.755774497928,0.4148019240247968,673.5615916550879,5000.0,1
8220,46,54706.00415643476,0.6991578980301331,582.8213989586235,5000.0,0
8221,25,23409.227007207846,0.4551683537147925,701.1618435353005,6163.958345392777,1
8222,36,42317.24185675971,0.19705088490097866,610.9192779129635,13326.90921051653,0
8223,55,35805.119155965345,0.3431767199269484,715.4694070609422,19138.48250778304,1
8224,46,91807.83540297722,0.30673335000190355,561.6915558008986,5000.0,0
8225,38,63506.2539490318,0.05,641.2471675846969,24636.578398693855,1
8226,49,72131.68375824903,0.35866017556028607,680.1131856510133,41953.41903717203,1
8227,43,24691.700277530344,0.24906262289641531,575.3312496588746,8813.722175923642,0
8228,34,29980.981221803348,0.4608902269613614,686.6243909680318,5000.0,1
8229,35,36241.706333298695,0.3037623252399626,722.2959304673643,8398.40970161614,1
8230,53,64362.04504489592,0.5819807288445354,635.7494443672299,42695.86076952483,0
8231,45,43828.43764574578,0.4028715312658755,677.5089570966037,23002.123896245233,1
8232,41,24969.521316155977,0.3820106895073592,594.3252380339289,5000.0,0
8233,37,25502.86537040108,0.644785808970038,850.0,5000.0,1
8234,43,65922.54502168496,0.39504405454037284,650.4359360282077,25122.075565725136,0
8235,63,44541.20642848431,0.5965725875854974,673.1871345500342,17413.77577890506,0
8236,37,37280.686281827584,0.18040340706465982,631.2419454350222,21718.946340477498,0
8237,34,35767.909745167824,0.05,603.7585492896603,9252.014733578382,1
8238,49,56823.07830322915,0.3836609631795441,717.5092794697513,5000.0,1
8239,40,21435.686326050778,0.5300796646264888,481.51899218958744,5256.313079446619,0
8240,50,37269.49846875992,0.1779925109774083,522.3247690093772,7593.4377575479175,0
8241,39,38399.91837496971,0.2840967053396697,672.4171445510516,5000.0,1
8242,59,19478.07836217135,0.09857431157105907,624.260333493277,5000.0,1
8243,33,32738.246642531376,0.34528603759122123,709.1772147060236,16098.853239861866,1
8244,38,113921.19369549841,0.34819096030498287,613.7421349623091,51228.90053449145,0
8245,43,23920.620094748298,0.4413916411828738,532.9940055067607,5622.329451322131,0
8246,53,38677.75779702069,0.2747823679751618,645.3554371973449,8306.941866660169,1
8247,59,12854.32645080734,0.3102228470626847,631.2411236472691,5000.0,1
8248,60,33878.76667389752,0.44423056220091106,574.22655539009,6496.272984470972,0
8249,38,21222.404710775863,0.3823667409450179,705.0392750407653,9785.922856658428,1
8250,29,30457.56254345543,0.4107429272154632,674.986398232514,17391.621788354347,1
8251,53,44939.993004225944,0.47787712490232825,580.9906918307843,20255.212772174313,0
8252,52,20684.02702974206,0.4599533695399925,542.6954746249795,5000.0,0
8253,37,40966.80202833758,0.6665161880753322,674.8600004991063,5603.124746309614,1
8254,39,24590.44386034846,0.4167355325395686,583.0565958586776,14564.344042274555,0
8255,47,18625.24727735236,0.4172010149712894,582.8417849731736,5891.139683904723,0
8256,26,59358.5840557052,0.30437346238878316,642.365711738756,9093.895368989624,1
8257,55,22455.61208083205,0.35941937740931623,653.3248888646579,7150.980953738076,1
8258,57,29380.330449928435,0.15748354014590193,685.2059370020223,5000.0,1
8259,54,27299.705627209423,0.2572357171350302,723.9870510532613,5000.0,1
8260,40,40475.09122190052,0.5192421095535449,617.5383043565865,7187.523906429679,0
8261,45,36906.80223340017,0.11738662218918573,691.1336642234184,17679.541539538954,1
8262,24,33435.85347056618,0.5594302722055327,637.8060457420631,8113.9909715769,0
8263,30,25479.559524992055,0.30496627785737385,732.3878495336309,11195.293215530372,1
8264,30,31804.041998898512,0.2136863143168804,590.6244430308552,10685.803645279702,0
8265,44,42062.87590182668,0.3085378098365703,686.696485892285,5000.0,1
8266,41,38520.52315477222,0.4385775380508644,592.103409187623,23689.218557273354,0
8267,31,63632.81283364351,0.36321685211048155,586.5028681589795,5000.0,0
8268,47,53183.59855505866,0.6366216462875028,618.0489334470107,9729.065068115782,0
8269,36,63147.751862374826,0.41528857425105314,502.8480772760881,12976.658863358563,0
8270,46,71446.50423514796,0.4265707484314751,719.0568030042476,32829.282100682634,1
8271,50,39876.513184431715,0.43094008439292913,588.8915531669305,6992.5001437116,0
8272,36,55648.51710789565,0.3707388279728859,617.7466854198318,6991.174645359598,0
8273,27,42952.31987093981,0.31326478941855507,582.2918552324526,20211.644329560077,0
8274,36,70500.93899413485,0.36532965030330417,716.4914229228314,17212.348681613432,1
8275,55,15101.83623395034,0.3843375428078711,668.6965427362754,6451.439122328238,1
8276,36,31014.786542843754,0.3419066757051294,688.5593899275796,24277.787546573672,1
8277,60,44579.834707383015,0.5384349554011884,661.8863335594575,9469.632180955512,1
8278,32,48290.03078132368,0.5229816109928211,661.7831062961071,18737.24247044748,1
8279,55,35996.632453137885,0.1724136554102994,673.2537061322087,5000.0,1
8280,41,15815.564799739925,0.4953391744130463,716.4462705904216,5000.0,1
8281,63,33230.42646054664,0.3471321004313205,569.6826184937919,11980.143142957697,0
8282,56,54617.103714772566,0.30426719336047187,610.0491055989124,32054.02536980863,0
8283,37,31013.391711774348,0.4564231810506998,576.4043787326871,5000.0,0
8284,52,38034.571780625614,0.39272869291048906,691.9947015030872,14312.24687115487,1
8285,61,94681.56924490536,0.21553318870393007,680.8882558302018,6810.927701904874,1
8286,26,33075.93728549911,0.47104422177831806,700.2678973033252,7999.686790483703,1
8287,44,33567.34420062474,0.3370799724093401,471.4841973655603,6264.019584293597,0
8288,47,40018.07232055906,0.46853801656071953,619.7095895171758,5940.238366080234,1
8289,40,40895.259546167996,0.34783617729725874,483.3760223351847,13708.718916097621,0
8290,45,38844.00394092214,0.47062158426130396,786.5863171934294,5000.0,1
8291,22,44205.31858787011,0.49208118407626006,658.8912080492049,5000.0,0
8292,29,20029.61640610134,0.5293741657376411,592.7781353428493,5000.0,0
8293,48,34180.0559307171,0.25842642206323285,641.4415019624615,5000.0,1
8294,58,19649.573954191503,0.624133444886229,648.7309220521237,5000.0,1
8295,23,37346.09161993632,0.3287226228132251,788.3917910493163,5174.7651913579275,1
8296,40,49133.085559082865,0.17041503348548792,636.5348118042983,19581.702916988736,1
8297,26,33882.42034431227,0.3773797358616481,662.991508799902,14015.538397058972,0
8298,59,22619.794787828978,0.3231071993080253,608.4849614690037,5000.0,1
8299,53,29276.508979835995,0.2624882595584534,797.6649920415745,15679.564933546502,1
8300,21,89366.80243744282,0.35774890604663007,760.0661362474714,38504.055175054404,1
8301,57,74970.38842879092,0.46278417954253287,513.0713809821617,15415.392388649661,0
8302,26,27691.811874367948,0.4002891349324068,709.7568762249372,7530.717432744503,1
8303,54,27623.052785475367,0.5500837824470715,681.3631351079771,13466.087637604616,0
8304,35,34393.0377992787,0.3318165214448233,595.6898148128563,7145.281552353858,0
8305,46,67497.0522974916,0.4137814302216057,580.4699272084204,30134.91115288949,0
8306,34,15131.29958101321,0.38739119908355985,507.898854992734,5411.0626518641375,0
8307,27,27513.001024035704,0.6290062671288879,694.9906231132926,12799.06387403219,0
8308,51,44607.602209653545,0.19776204198237096,554.8408998922456,18514.67975959006,0
8309,44,42105.75920303183,0.26521691451953744,671.6895798315177,7464.591328076604,1
8310,51,29324.40410857892,0.662264177835239,573.8100672918839,9621.327057766357,0
8311,49,32011.62014426696,0.3166997017841286,566.3309709588381,14887.086136171712,0
8312,62,42850.8399910667,0.11410849160319789,653.5177664095801,19148.76524616357,1
8313,52,29578.46523952126,0.6476930211204363,737.5431357161641,12710.449960062557,1
8314,37,21338.70848724949,0.20434847018644575,596.2731805670608,5418.008484617905,1
8315,34,33100.31281801233,0.36474717319181094,645.8565821953366,19551.018777081445,0
8316,60,39921.82141077063,0.5116394678936532,657.2015892880409,14651.8306643858,0
8317,56,12553.785223513261,0.4851320105436912,644.4865375239924,7925.49565019245,0
8318,44,44183.716178649585,0.21862590589607014,671.6870605852951,5000.0,1
8319,47,59106.00670334011,0.7079144227051546,651.1408358881249,14167.196359945552,1
8320,45,30374.90279479471,0.4290647963839307,528.1038683342955,8063.751944946335,0
8321,52,30651.66290180139,0.34370593576866404,741.3258985922193,14282.834298548909,1
8322,38,25104.22342047706,0.2003302544067878,677.6422551180092,5000.0,1
8323,38,33651.33022161259,0.4222083684288845,635.0747764313805,5000.0,1
8324,57,27471.76610827609,0.5751146691048588,580.0351872555866,13495.846823302822,0
8325,46,74892.03230165265,0.3074385749979483,624.4412140580059,20202.498240366906,1
8326,29,38650.045111432766,0.0874319449883257,711.182557869999,15972.863266371896,1
8327,55,12409.830428013427,0.2443340900870806,556.8369404971248,5000.0,0
8328,28,48303.88724829637,0.3001393176171666,591.2484367948445,21242.042523676086,0
8329,40,85782.46649333453,0.12128398896994769,644.0206230877537,40283.981061125676,1
8330,62,46841.93019573638,0.4285791592263824,537.4883780226504,25960.30119668008,0
8331,42,65841.67561289134,0.4602001812851342,582.0506394840954,6545.134583119503,0
8332,39,50949.51968199415,0.24264314210522347,630.6907235661132,5000.0,1
8333,50,59604.83249641944,0.4765258252719702,478.40240294556224,16773.275833495518,0
8334,48,58171.25517653394,0.21270800431517478,633.1606370366655,31572.926062678773,0
8335,55,58505.49923347644,0.15031097896110437,557.9668701666658,7084.181626236483,0
8336,63,42545.86909855156,0.1917678859853926,732.8120250130864,5000.0,1
8337,31,15405.557250284104,0.2258084074554614,611.1881257608361,5000.0,1
8338,51,21064.725054916875,0.468321888359132,701.6869586228487,7100.497407370741,1
8339,59,21258.70501897411,0.43351979040879424,677.0114396120953,6867.740599737919,1
8340,56,10272.255384058957,0.21271144276773077,594.7727701689438,5000.0,1
8341,50,29220.262073845966,0.24902621470011768,674.6333204474512,5000.0,1
8342,43,73698.4186668184,0.6154499424280796,769.0156741051782,20741.367027887492,1
8343,39,17708.711080070203,0.47275143655171026,653.4737381952707,5000.0,0
8344,32,52262.66771522085,0.13839622831584072,625.1474166092953,5000.0,1
8345,35,47313.54896082163,0.5489795236799621,676.6424395259357,19205.221460666984,0
8346,51,40740.76139322007,0.6884551788721794,683.89329328596,7510.049311787874,1
8347,63,65597.32988999045,0.34612645218015065,624.1293401583597,13129.836377566704,1
8348,57,35573.02655235668,0.3045189055575716,446.69533523847144,8209.856457808266,0
8349,57,77711.79159958276,0.28600860542238393,587.6299595981748,27858.02653494202,0
8350,35,32867.98603835774,0.3034609245496499,558.6918809755567,10232.550342436205,0
8351,49,43117.401885497246,0.4652591636805717,648.3551139594875,8125.115058306631,1
8352,63,33833.23835796656,0.25508919576879646,732.3414607017075,9169.514688796444,1
8353,46,22881.890853780493,0.46478641813190863,684.1255514166307,5894.63633236386,1
8354,64,18521.865804609468,0.35007731455040647,615.149933545891,10942.731958616527,0
8355,22,48417.71039243854,0.26153635552901494,668.3459121783307,14350.624929932826,1
8356,40,71228.14954902597,0.4037010802024769,648.613976700467,9707.918274577189,1
8357,35,41030.756816724104,0.31763533623503,686.4371262297278,5000.0,1
8358,24,46956.45113416027,0.25422432775846304,690.3317778476462,22974.88856986093,1
8359,42,16694.575983588828,0.3456924179402506,741.1553621080686,5000.0,1
8360,58,44030.10609820575,0.3477430993940314,640.2500437963879,16005.583425240226,1
8361,43,12838.543892590234,0.2784288476407058,524.1510590515771,5853.816580532004,0
8362,46,19974.459970821477,0.22773994447555126,557.2447796234329,5000.0,0
8363,31,70763.34412200778,0.36348157367628736,651.2203513106896,10225.634630609551,1
8364,48,36564.204461389076,0.3810047175348953,631.1797083248969,11403.440337479376,0
8365,22,38289.00272569446,0.4099928625626106,700.5488986814714,29166.379486066522,1
8366,28,47901.429877420516,0.40519755689855785,722.6217674778464,7483.317538814229,1
8367,49,54125.73828590476,0.5479220023548351,652.5312819145527,10573.725570926355,0
8368,31,31716.307673310148,0.1868466109553115,562.5118725704168,14820.218320682121,0
8369,57,42043.441784158604,0.5879420810445423,689.3367816004544,17611.499466779587,0
8370,38,35075.000901002706,0.1493269677547302,669.5397475807592,7020.059781624855,1
8371,34,16882.07293590952,0.5371774738344993,694.4319334794029,5000.0,1
8372,30,30416.690185173396,0.42523076121809783,599.2584075253136,7533.211361348274,0
8373,55,44646.164337034475,0.2726068608620606,850.0,29600.800600992687,1
8374,29,29956.713370277157,0.05,527.8236728109832,6329.948476103194,0
8375,55,30092.95135055673,0.12574748651377798,656.5432171964741,13905.02536419479,1
8376,31,53696.30181488286,0.25491680892666396,700.0232503776342,5000.0,1
8377,64,39362.129166697225,0.41687287704545756,707.8706762047714,18408.39384965697,1
8378,32,43301.2843926592,0.269860344569775,650.6695596670049,20667.085721659667,1
8379,23,16117.135306836142,0.34418089423088194,693.4781189384345,5000.0,1
8380,59,45440.543099523136,0.28450827799666706,713.3534502640133,24803.770349534047,1
8381,34,20863.967192637916,0.37527097401558895,657.5533043111008,5804.649419035373,0
8382,48,35872.97269770437,0.14241702650958635,666.0028393746118,24975.96372854166,1
8383,31,21341.276499248987,0.31039943426690686,694.8868106624483,5894.682464331646,1
8384,59,57899.42448633006,0.4289372808024571,651.4978487095103,13490.559506532416,1
8385,45,90653.87467893133,0.7290009019545802,743.3717187129399,33185.83132731017,1
8386,41,33732.34397056268,0.4764055646718932,719.8242295454313,5000.0,1
8387,30,33575.61076599546,0.32222198030307525,628.557154419055,11671.176527175636,1
8388,63,60801.809732497655,0.2541831396018502,599.714001851831,8284.763323638606,1
8389,35,48336.56133249564,0.4186044578659575,704.1285891942117,23886.936180035395,1
8390,39,35043.96271811066,0.22428665056941574,656.0188425956921,16734.91087977321,1
8391,42,43656.39002537495,0.3716344956704947,608.496039063205,6455.598653279688,1
8392,41,100198.32313951972,0.3975068515637319,616.4228134493928,21156.01953540272,0
8393,64,25953.578989053593,0.3204028798574405,695.3741619214126,12820.660216449893,1
8394,52,27093.713440208485,0.4958049023634186,617.4516313637434,18688.33792814252,0
8395,43,54031.85930810875,0.3358993963447323,751.2094848854865,16329.575078209287,1
8396,33,104424.24844543751,0.282509805701902,580.1541941194685,48694.19345893548,0
8397,25,39680.21488942312,0.273498512199717,614.9277478486264,17893.825787082325,0
8398,24,15447.761537353514,0.15630261771716877,584.8813417304112,6988.410807834862,0
8399,48,44143.06131393592,0.13673945878244728,564.671206501576,5000.0,0
8400,34,27931.92917698311,0.43987890503355964,594.2688480092731,5000.0,0
8401,28,46077.54144798246,0.5717596605576262,614.3985778460628,27380.04537075278,0
8402,29,18404.25955581408,0.6722765193705034,620.6122002131546,5000.0,0
8403,55,17363.144533475246,0.5176283730772991,498.46559381999964,5000.0,0
8404,57,31305.98928076524,0.42809374575066694,566.4563299974885,21730.82193617658,0
8405,41,82960.92108820824,0.3961607076409669,662.5917343664805,16747.524156167612,1
8406,38,18291.49461183442,0.5464980499317725,600.83295494457,5990.446678650639,0
8407,53,30940.68436814668,0.29469462691890647,722.8917369705708,11891.192025865119,1
8408,28,17467.513152169406,0.6201565168312252,633.088708390915,9318.165905145743,0
8409,37,41979.47546019406,0.344035395039659,691.4676019251281,17750.828769011045,1
8410,63,40568.702649133294,0.3888799105051593,623.9582576663969,7995.762619360936,1
8411,51,17819.413076961588,0.3537046025452295,714.081937470377,5384.2544266857,1
8412,54,69138.3696810386,0.5187836861105203,486.6453182522702,17604.430095369942,0
8413,26,13889.61695381827,0.3482507526973846,657.46453708188,6686.131099823594,0
8414,42,79875.65998886387,0.41072194766280684,757.1290536319924,23276.223017252345,1
8415,34,72202.82392968483,0.1671128115917867,548.0001068865465,24873.230423482233,0
8416,23,42315.065466488064,0.32096000441199857,702.6593136290335,8651.794746641794,1
8417,32,56843.414855525014,0.5070640485360242,677.4229784047523,39835.52695297352,0
8418,56,33221.25411228402,0.22325751734620938,550.075974720226,5000.0,1
8419,32,16811.43333433912,0.34597380070386224,674.3682340847125,12184.77896068092,0
8420,22,40873.72715390273,0.34400843375417106,673.8680109704974,10802.775544545548,1
8421,22,16556.619648163873,0.26233757821689035,643.615149261135,7992.092061592861,1
8422,35,36118.481031198775,0.5027353701241546,729.897037270848,11685.100582586476,1
8423,43,19566.58817103531,0.424240285510921,720.2111986012919,5000.0,1
8424,49,59142.60650851572,0.4853130671716988,707.0444936370238,12004.035645379128,1
8425,37,43918.21425457609,0.5077224441849081,748.123549458901,23035.97140820413,1
8426,52,50978.162158104584,0.3546536897128514,593.1719770632592,5000.0,1
8427,27,43051.235341054686,0.5860942484907391,613.3789034816317,5000.0,0
8428,50,93004.84384537383,0.1675278417936223,603.8724084281241,5000.0,1
8429,48,60548.49478410811,0.32748282478401874,614.2281711205989,18254.79680072077,1
8430,34,85119.45641963871,0.3723429097144088,615.5651008459295,8821.864742497808,0
8431,64,23155.20400294674,0.08910742049003119,640.4945010502513,7217.148666574226,1
8432,50,27686.697615437104,0.5622243294750994,623.0266129224285,11575.124577220253,0
8433,37,10811.270939643859,0.21972951176227257,573.8665327758198,5000.0,0
8434,52,29845.996202729093,0.3602059270612455,705.5645126288,11193.79976429037,1
8435,26,35675.71703641245,0.4632236037826765,588.7021853525086,25168.529569386817,0
8436,44,45123.39077264708,0.697726096689968,760.2073503402427,27805.024409299476,1
8437,26,27848.34469687583,0.10026287882868574,706.475472138146,5000.0,1
8438,47,52480.68940681245,0.4394563265973247,567.5289401919209,22308.548837008075,0
8439,38,50674.164923449694,0.3086108275018759,648.6068028101997,20990.714724795394,1
8440,44,28658.745970394433,0.4471945797417592,550.8927178605521,5000.0,0
8441,57,22489.053245375322,0.49061515752315504,739.1927635319013,5000.0,1
8442,44,37532.17745904639,0.41273451541049433,650.3536842649918,5000.0,1
8443,58,38164.50186552453,0.3619051091933777,647.6679864079697,7241.430858751556,1
8444,54,26799.288672378818,0.19145388158482293,665.4693054564856,11493.944912544222,1
8445,60,31901.09866272436,0.20210616854648644,637.9276655632486,16392.307523419375,1
8446,35,17873.42772759853,0.4708360929441551,603.8768753203411,13279.761601409753,0
8447,31,50984.41500994974,0.22112452087771703,643.2646574130426,23364.215481909738,1
8448,42,51398.61098532852,0.41381158579346244,737.8007232895462,19611.899200185726,1
8449,44,37215.98312037368,0.545339844941296,611.0394028165169,24816.75970871386,0
8450,21,53249.88933955104,0.1553365068515757,747.5715807398761,32515.016325059525,1
8451,38,38776.83290246211,0.5458807582610976,616.9552240640517,7305.850795181289,0
8452,64,81481.64304070605,0.5407420781424376,662.5819789156743,22437.76242924863,1
8453,32,18992.431714059752,0.40138540536721373,787.2751560247982,8335.569918290856,1
8454,63,40170.78285823371,0.2576998296432569,689.515634404215,5000.0,1
8455,48,57049.48763844372,0.42982569444413476,674.7768589971034,21568.343726214953,1
8456,60,76576.84404114181,0.3233000178186265,695.7501004601032,29692.57794725603,1
8457,27,53975.6094346469,0.24378672744042024,719.9176352548491,24121.752399829962,1
8458,43,21612.125396802378,0.37073440165698196,591.4254860969953,10262.970589510149,0
8459,41,15874.600093020155,0.21863922543654205,684.8822192547789,5000.0,1
8460,54,33358.28580769121,0.1726039099101132,668.0580717421726,12936.012431226913,1
8461,31,43514.92035795169,0.2685107136663367,498.3512366416097,9447.487731630667,0
8462,42,58242.32054925283,0.0918665431266518,667.3497189924943,28644.261047320302,1
8463,62,20999.73342279399,0.5298278387372449,580.6908849582555,7163.751039881934,0
8464,55,49284.70307886531,0.42750885122874205,657.8752724725408,24342.059121475122,1
8465,49,9520.340253110051,0.22092147090824332,718.9004154071531,5000.0,1
8466,62,25090.71467696098,0.27354460803828307,584.6143523412015,5000.0,1
8467,48,55834.024036893796,0.4638120037507299,641.6871177469998,20321.978115713155,0
8468,38,20018.15093350203,0.540964672135664,620.1959170406938,5000.0,0
8469,34,20914.71892250771,0.3660833730614095,729.8779226148242,10511.908330266575,1
8470,38,27925.303392425187,0.31129120373373564,611.5102409758483,14079.55726689043,0
8471,48,39675.77605322838,0.10492690374755816,665.2010289918235,15561.508155588625,1
8472,44,20793.01801794472,0.30178444837118656,694.1961994573666,5000.0,1
8473,28,35734.00914272945,0.17928299298194472,703.1789262118311,8235.419446255719,1
8474,62,29258.070971630288,0.17487396332497,582.1778729414162,14017.18692333889,0
8475,28,64793.85190311809,0.5349573764197799,632.1934160640009,27362.913382322946,0
8476,24,28512.835161348714,0.33243999837493743,762.0992466589694,5000.0,1
8477,47,36833.74701714389,0.3711115344965393,648.912250642235,14146.935963132906,0
8478,56,39464.963545315084,0.41098464223897396,722.1283585053426,23556.67881191032,1
8479,25,29440.6412537122,0.3232849930302135,794.058909294089,12173.584957134964,1
8480,53,53361.813020845395,0.36017339839762136,645.2711588515372,12042.54675152529,1
8481,54,59207.69459194826,0.35291638717439494,708.1818390893641,15125.751237117147,1
8482,50,28439.014177300083,0.2860386550013067,716.7599269749672,6410.436369684513,1
8483,28,42047.70780958242,0.39108747885379785,554.9041462537384,8898.18367452761,0
8484,59,22839.243227494553,0.3367440535622395,678.1317879307701,5000.0,1
8485,46,48141.54716808977,0.3632599816881139,755.2297653525101,15482.403231953098,1
8486,57,40798.94617705947,0.3506218613154757,539.5411870527355,5000.0,1
8487,54,30273.55016209094,0.6433376490540631,642.0223535081482,13800.692654019042,0
8488,27,42828.80640088009,0.49846501605515375,658.0184959757454,10033.95778153286,0
8489,60,48846.00301623111,0.4663815655610946,643.0421976971405,27567.20807243333,1
8490,48,67184.23538809146,0.4205085092243483,635.9360185116768,6798.965855349168,1
8491,59,44300.05014384586,0.41391716782648275,572.2424594277816,12088.676219905268,0
8492,59,56624.96149821446,0.30767351161073614,676.9763915148446,18240.585514934643,1
8493,48,94129.58550789395,0.5181063571588419,597.8078673196416,6498.465227944195,0
8494,34,21655.55169772135,0.39939417044596986,599.5717321310764,8616.204247341135,0
8495,58,65229.11723678009,0.437556132346968,517.897853867466,5000.0,0
8496,24,23398.464928905913,0.30593057149156433,550.3067090961465,9026.197058827167,0
8497,62,25419.572969182453,0.21938383857743882,753.4572312390433,15166.32789738896,1
8498,38,36101.877948848756,0.5203297858076292,655.4336221093847,15115.14044902107,0
8499,64,26291.069127320523,0.3693813328839966,701.7708456728953,5553.931820321602,1
8500,45,24182.48718650092,0.27813898337192455,587.8774978958421,12893.772289368882,0
8501,27,35235.08616553571,0.40142343711795236,513.8980731127897,26941.324014535137,0
8502,58,30741.705863629162,0.33425558023168006,604.020265988887,10754.007373479673,1
8503,48,26038.946507041408,0.5824935280294449,515.9930498351667,5000.0,0
8504,25,22554.547223068024,0.29658709915083936,600.9681273470138,7113.169231017431,0
8505,23,74055.83733548426,0.4169577612319919,730.5400400903351,5000.0,1
8506,64,19928.374566405946,0.5130449767021195,643.0903381917296,10495.920840267032,0
8507,51,33394.95824358466,0.4483891136317253,751.429659363863,12069.681094376872,1
8508,62,63510.551779902315,0.4313274045213095,689.9142176885498,12358.261497864763,1
8509,40,54435.6010458738,0.2739820954303311,724.6430728372148,22005.12342754233,1
8510,39,40817.14422181344,0.36754144300143266,632.9653307043204,8193.793006505668,1
8511,31,26587.03659550087,0.4192093681845532,552.5708941074943,6942.321442873991,0
8512,60,35976.56261279358,0.3754259724459289,578.895508486215,10806.205312226888,0
8513,23,20701.569904535827,0.5722756601232352,735.7757818182266,13693.349165923524,1
8514,43,31490.23234156263,0.32513182764034265,662.505908112811,5000.0,1
8515,27,31252.857612578497,0.35501317886574274,553.777074202132,14230.37335890572,0
8516,43,32798.84100924025,0.7374699672998846,695.4609982693461,5223.816554906471,1
8517,27,24489.385701893363,0.47453837334267757,540.927022076562,15988.373659915793,0
8518,54,15553.787422958003,0.20477967895700708,682.2599816756846,5000.0,1
8519,62,67909.18843168404,0.42469345955791493,631.8882930879505,8236.838750441639,1
8520,39,60772.0220671347,0.46896115580276,698.2501636843804,27562.949528959827,0
8521,29,56236.82962166325,0.2298208592413502,631.5149196252696,16887.125328986498,0
8522,38,43879.81196823885,0.30485134071282943,700.762095101226,20331.78937386783,1
8523,61,39544.475670004766,0.1713057064116492,542.8340826301065,21518.809126715645,0
8524,62,25672.028819709816,0.3940493692002735,673.3960148431521,8682.215995250659,0
8525,45,27080.978179861057,0.10675630184359389,618.9213663790284,13647.056060246412,1
8526,34,75182.79810478508,0.23175488974320393,676.1466638930253,5000.0,1
8527,64,84242.40302865705,0.14253438069076516,628.4674083767965,31434.503300034252,1
8528,45,33111.0816872651,0.39928022957142656,587.3896736323655,8640.741823031514,0
8529,39,36383.9159936763,0.29919306739959134,642.6567974030062,21888.81192282583,0
8530,59,52373.74932072185,0.40958091234432636,736.6330816278706,5000.0,1
8531,35,38052.926832198755,0.07470694188001352,607.7369066006077,5858.023321921786,1
8532,36,39518.22660234297,0.23280766747856002,663.9891069002695,5000.0,1
8533,47,35245.754771929416,0.4684762721826351,602.8569533335154,12088.242970219148,0
8534,60,22721.844368339418,0.17749765985764077,512.4889829757091,7966.4219561283135,0
8535,30,30136.5442727461,0.5033922532428103,655.2552652644948,9268.027286333217,1
8536,24,33967.751825465915,0.32716481521987406,850.0,15643.774683897782,1
8537,39,10300.520009890664,0.224483239103237,556.4048789820093,5364.5381967509675,0
8538,48,37939.82497618656,0.23403994059358552,717.0980533965213,14143.26384014308,1
8539,41,115992.74670333737,0.3821455909933399,484.0198564872464,5000.0,0
8540,34,29299.19912329909,0.6792181785299526,646.1337540196032,5533.960613979696,0
8541,53,36922.00864069712,0.7576690873471589,552.5089555696761,16133.573446610133,0
8542,30,23855.188367557388,0.14970996497735217,680.2779958621153,8358.241701453404,1
8543,39,21016.231673070033,0.45090432605001524,611.3408459357613,5000.0,0
8544,50,31099.72145689814,0.5999974329786494,608.8133192194277,15773.0669823378,0
8545,42,49756.510945172886,0.16321464177493472,570.7132023532279,20805.67223351777,0
8546,23,32309.716680519105,0.2563005300677811,499.53970751308486,16297.262813316336,0
8547,57,30120.502673489893,0.39359935758609754,629.4035404029199,11327.969922658738,0
8548,61,46527.455465328,0.3561315562228658,600.263455447925,7321.413797447746,0
8549,38,40136.78639427631,0.14232933414172746,620.8201401534012,23725.90552832682,1
8550,31,41757.607132685116,0.4621669218969649,626.0505112838583,18228.31338556114,0
8551,22,65850.8240119931,0.41518439099894344,591.1702767055576,26791.01365771088,0
8552,32,61840.70691716599,0.4912059938968941,658.3197419110006,29732.041162076184,0
8553,26,76716.34086595914,0.4299987352500696,634.7231737168354,19018.06546433507,1
8554,63,19802.910375065392,0.42913026175268837,707.7862491684112,8207.429118812095,1
8555,60,55749.72275590591,0.35433951123244156,816.5503706958456,15531.638056872522,1
8556,64,82694.755795188,0.5313075946366436,665.969073142947,12623.591820440477,1
8557,49,16053.336630879243,0.15094064118115694,727.4841912951042,5000.0,1
8558,50,35952.46044867642,0.18527403737651518,658.7805420973441,5000.0,1
8559,22,27677.25756516801,0.5144971845426155,682.5770129888288,10430.531258615734,1
8560,29,35876.30636912843,0.3075641827856512,627.1800161512106,5453.93821569687,1
8561,22,64439.95514631232,0.21387073812352003,642.824765666622,12867.851141321018,1
8562,49,18072.238349886255,0.476670661965947,594.338908361391,5000.0,0
8563,53,41047.854894117394,0.45131424674577436,749.2370904256106,5000.0,1
8564,30,27383.40007904914,0.051620753192912885,717.7565620611158,14059.285195827253,1
8565,54,65435.53961869409,0.45231619855457966,667.860051924013,46172.375712029185,0
8566,64,44822.57559735882,0.2553557002629468,578.2316708147339,5000.0,0
8567,28,33561.22615062919,0.42359064859050366,637.6456200796957,12668.047772498005,1
8568,57,25360.332393216202,0.33823865458482455,717.721800190601,5000.0,1
8569,53,137167.89241561745,0.44209765681086166,821.2156866272608,63343.34503403536,1
8570,26,41770.44371172561,0.34835523458586537,655.4035336771947,24330.714009712676,0
8571,64,17854.712607624497,0.16290651165375264,735.7809696762158,8136.076859842509,1
8572,60,24212.61251963752,0.10855465917824192,662.1371050137226,5000.0,1
8573,39,44636.52035028296,0.14801847915691552,739.3048176875182,7110.93882854737,1
8574,52,25209.769137824467,0.18300755761116358,503.66488084059876,5366.987843364176,0
8575,47,26809.080939846095,0.4157573956266346,589.7301701971016,11762.256546168806,0
8576,21,59454.28093608977,0.49403073765452027,671.9342989245381,15210.616687466085,1
8577,63,56880.32725112526,0.3033078054315782,564.8263365501962,24929.092158872347,0
8578,53,27293.29830714695,0.21556634047725673,679.7118491465396,8256.031093309479,1
8579,60,65213.87935096183,0.3545733221428298,652.7636077915192,18698.293198524243,1
8580,52,25455.630628872957,0.053960490257012036,537.6116035389522,8257.1503342068,0
8581,25,84691.50463302433,0.4428914284907139,524.5585658284334,24772.63162230538,0
8582,37,47513.67775353382,0.33927371428025443,673.3081721341206,5000.0,1
8583,28,41985.97273388364,0.36105777113539456,569.7046347136343,5000.0,0
8584,62,29959.39767204959,0.2695056953589658,617.994256085623,18871.476368016378,0
8585,54,26787.058227707377,0.2564206926948569,694.1661790322595,10588.390194054291,1
8586,29,11347.478228496084,0.1025926125131174,644.2678372043679,7494.46436401586,0
8587,43,31348.670886641994,0.4801788797290574,620.3909596233611,5000.0,1
8588,55,36125.42723614876,0.16095262507439712,543.8227112238948,10806.037785164635,0
8589,27,14573.341877233423,0.24187553458850403,754.986914241657,5000.0,1
8590,35,54813.50940510047,0.20782430930627122,706.3726681199079,5000.0,1
8591,40,33517.20797450972,0.4749258103680747,604.9002497736631,5000.0,0
8592,45,66659.7129805615,0.26235261804805154,586.7831289985805,6805.873822101685,0
8593,23,25801.032527081734,0.4945108920422823,610.668059973057,13146.402981516205,0
8594,44,67387.20155107342,0.43743957610123796,581.4580893334876,13776.731875629917,0
8595,54,29012.57247296286,0.20835187473067332,629.2322179495454,6874.240463351067,1
8596,42,35413.81990274126,0.334827710062529,728.1339771925544,10558.27221697116,1
8597,31,40449.42150095463,0.0955140109863856,720.8132316871502,13451.636521559762,1
8598,28,35566.84333758411,0.40992484793696266,720.5789921267635,8526.879906223741,1
8599,59,42284.60629787159,0.25168967420891547,559.1744906365481,9396.767112249561,0
8600,63,13873.360640761677,0.1915766890527856,577.4981261446519,5265.584435131116,0
8601,55,33870.71740964454,0.3089357660195642,717.3682641089928,21198.805874832557,1
8602,58,34884.191878982885,0.2803921371410258,681.5570486716904,6169.750869440132,1
8603,28,13450.338695192377,0.39239866837348925,619.5785803279745,5000.0,0
8604,57,50072.89827230257,0.6349879390321393,699.8063815727529,8741.105195213335,1
8605,47,23024.71076502651,0.5483800934569095,685.3349374291894,6448.199035388248,1
8606,48,58172.30211854349,0.17094392422796303,542.7143458945574,5000.0,0
8607,60,37910.21312317546,0.5802882724079167,491.9403304096051,12126.828884966595,0
8608,54,27251.369656438466,0.35701972119254016,649.0905843868882,11297.76904522656,1
8609,52,60014.7731020403,0.05,498.84123017814915,5609.63487231432,0
8610,35,83360.80607988058,0.31592317090229355,726.6908666446332,20082.484957368626,1
8611,64,37021.472722370556,0.11629229143372495,685.7360215330147,16119.819525168778,1
8612,37,72217.88764937148,0.2842881902772525,624.2460072971255,21206.032776825148,1
8613,53,33254.21145225469,0.6362874807659402,563.729998686132,11019.314515344613,0
8614,36,58756.72706973519,0.1534293137535064,584.4279435984331,16402.16807366897,0
8615,49,30220.06536811994,0.14901709519954276,438.08886682675234,9614.955928484955,0
8616,29,90485.58991771544,0.3352381628945227,747.6024245580029,55723.16170583991,1
8617,53,62233.80655433793,0.22735126599035302,663.5764540555276,25824.557195979884,1
8618,49,45943.71644761405,0.31166267892095445,637.3817500107584,5000.0,1
8619,33,10229.841855160574,0.36630479710111413,778.4560708564283,5000.0,1
8620,41,45451.82808551486,0.12790226611602004,583.6295471983452,29675.42469698097,0
8621,41,19585.279501231933,0.3842561458475383,635.8759022066466,6066.785246412543,1
8622,25,43331.1261197315,0.23582576110198808,601.3281592307782,5000.0,1
8623,30,68785.59275208693,0.5108248773739557,795.6535293780191,6583.434296714385,1
8624,26,51251.41382795001,0.21896698523647215,629.7604772320328,14361.415160335488,1
8625,33,55790.35047767922,0.24331238530134253,662.9576731784738,7889.116797731936,1
8626,21,30136.377482073996,0.2103181232537543,763.4571415214225,18814.175082702885,1
8627,40,16944.518096961227,0.28785494718600285,725.9008763770867,5000.0,1
8628,28,24693.033065558295,0.13381600439033547,536.232354169422,7179.942185370378,0
8629,30,30795.74391869477,0.4283190988718924,627.9524242098487,9203.608914051174,0
8630,29,36061.08878114952,0.2709132471424306,645.0862052854868,21981.510598112207,0
8631,61,68498.2846094952,0.4717826243916717,661.2324225155586,19337.383189648666,1
8632,23,52328.10753833813,0.358787237200692,672.05568383156,27605.66600422844,0
8633,31,110179.11192920453,0.6068313884156256,586.5744361270969,27464.274223184475,0
8634,32,22012.292717860164,0.311279853567668,756.9625357494016,6065.46350639908,1
8635,30,64989.68940394992,0.29633568180287795,681.2034162125237,14657.294842822506,1
8636,45,56256.56580476894,0.43828413957625817,695.526953128602,5000.0,1
8637,45,34259.491260670206,0.05,746.0941669527456,17176.304892864566,1
8638,31,22460.578409653943,0.27804285756213676,669.3646753588844,9971.194958977034,1
8639,56,26695.770264984218,0.3369649930020414,635.3711758193781,7915.850204790753,0
8640,59,26061.695191353465,0.4586633371862018,624.5919737794507,5381.752121441898,1
8641,46,85419.85703821201,0.48955719731700675,634.2478213872455,5000.0,1
8642,34,54947.047579154336,0.5178658874808703,638.6954598027088,10509.483840755282,1
8643,59,55984.387778734286,0.30574123408071435,516.1743926826994,16411.540160938028,0
8644,60,37942.86765762937,0.23949024457667945,606.5285953379058,13780.140673644422,1
8645,21,32389.902136213597,0.35882953862913325,573.4695524614913,12744.531021526234,0
8646,24,42987.63948121375,0.31008193041525123,507.9858563540295,5055.087163768014,0
8647,50,38224.52788591242,0.0987640864714566,660.982834510151,5000.0,1
8648,32,34613.018645268,0.3745996243650238,681.0441711401083,9881.71046768935,1
8649,55,43623.20174139427,0.21276257647795557,589.708084694503,10110.121062601462,1
8650,33,21312.698108982317,0.31583386465696506,630.3898250624973,9278.438238206998,0
8651,51,41502.326414993775,0.30671427760941483,689.5977475273847,5000.0,1
8652,58,34358.33865828969,0.6712321515321806,628.8946264642715,14273.202977359382,0
8653,63,25404.76085168963,0.48491999457433216,640.4532787725275,7928.572311676266,1
8654,43,50026.77463284296,0.4461441035624121,632.8698768541835,8821.066589915747,0
8655,24,89106.8370043439,0.4957954748850094,692.1179186757086,32462.143723319732,1
8656,36,68805.21743307544,0.2980971813687469,648.8253740293216,28785.041636325084,1
8657,27,31529.929979967696,0.16341372353568423,627.2260451676219,5000.0,1
8658,42,50624.89549929651,0.05,616.764953299436,34919.21998174639,1
8659,49,55364.47417133428,0.43113677864921773,591.3734892052813,16131.361116494032,0
8660,31,38545.16237401426,0.43309641204898525,691.7965031201679,15116.925163383215,1
8661,53,35882.41416476387,0.23601061373755097,689.6276204812972,13878.232382768354,1
8662,49,43125.92976729267,0.25443099088057414,649.5739838146364,14381.511729615926,1
8663,59,127553.2772432578,0.2298360760045436,715.6536380307717,24952.237393934334,1
8664,32,41301.68783060857,0.2301334185797659,650.7556866911791,13152.12190361741,1
8665,27,19269.706953108966,0.27434183160649334,672.7196349495683,5795.098165647247,1
8666,59,21522.484739654843,0.40041407053783046,610.1279021717133,7679.41837423648,0
8667,62,33336.3678548469,0.5093103111653456,733.9343394798668,20208.59037676298,1
8668,46,19468.59753128883,0.34644169169746963,661.3465828279659,5000.0,1
8669,60,33987.26375604427,0.5399532135656688,677.0632936486778,5000.0,1
8670,29,110481.71732665102,0.7057116069385507,654.6727839150989,34130.18327917058,0
8671,61,28121.33203852308,0.409914956291132,655.8992829583574,5000.0,1
8672,54,21085.8678495165,0.3407658832356286,668.2716690185734,5000.0,1
8673,33,32735.349940983528,0.05,506.2480535732955,5000.0,0
8674,56,34476.23816797005,0.4406087009161842,679.6717518455813,5000.0,1
8675,45,22149.856544291622,0.3593727037627774,600.1823885634464,5000.0,0
8676,44,19551.697385579868,0.3631341416548867,633.7984937054389,11577.447679639186,0
8677,64,71548.12100466681,0.31659053382911273,604.0884511414368,36560.90884975002,0
8678,37,46647.845350338706,0.28478211067757325,708.1583566039278,13686.900226912194,1
8679,22,28527.674681648616,0.20014710276707812,594.5439787338084,5000.0,1
8680,33,20379.762733979518,0.4711316493025915,629.3804175409612,5000.0,1
8681,51,28036.967053146727,0.05,604.5505547255113,6828.001568815489,1
8682,49,19672.599134839835,0.41650987677618845,598.0665309260228,8456.70522735265,0
8683,48,27180.602275960613,0.1226390400878305,598.868651282512,7498.888900862131,1
8684,47,102074.0698320151,0.5418603786172049,563.012965328305,49847.56934384079,0
8685,35,40922.1709936198,0.3000957784497191,610.5732975796911,8764.703789935918,1
8686,51,26661.928380420257,0.43391919771368437,663.4875217642918,6461.576167986375,1
8687,60,51009.53207108821,0.3787052667559013,586.2028343606795,20795.028141114235,0
8688,35,22810.549047500564,0.5292024415046901,658.7984372111304,5000.0,1
8689,53,29649.116287064986,0.6267468034319025,687.0884940901956,10089.249444219646,1
8690,40,14370.234203986782,0.5239090271905547,640.3434551026952,5000.0,1
8691,62,68667.72174355897,0.4427944794600811,566.664638887664,17413.729971216806,0
8692,32,32831.22427071891,0.30743348524704095,526.8586752999672,18639.525718641315,0
8693,57,24115.685400825354,0.4228061022242392,706.6583404456617,10557.96608076125,1
8694,29,50248.972503018944,0.5042878600286662,758.0217983146565,5000.0,1
8695,43,21507.116833023207,0.29209685453377005,748.6948904663666,5000.0,1
8696,28,22170.828964750905,0.3602418110086586,671.0927074905343,5000.0,1
8697,52,30045.7352911132,0.23563265374431921,671.708893939131,8309.831590402857,1
8698,34,19955.120737296045,0.48004110178765846,634.7166875107141,5000.0,0
8699,47,26193.738249526672,0.4251975680210061,633.4995013554309,5000.0,1
8700,45,32889.91025962033,0.1594317675342056,599.0519250963641,8763.513041397291,0
8701,33,34408.62856529384,0.4006859522748087,590.7604537951702,10876.783119460444,0
8702,41,18726.272114416744,0.32068034505251647,518.9470098293733,5000.0,0
8703,51,32139.307027361072,0.3690764342893568,698.9946702551761,5000.0,1
8704,57,48549.232258346485,0.24497199638080652,688.5516363475529,5000.0,1
8705,63,52771.05772562949,0.5476324224770671,623.4646931604184,19193.627165622234,0
8706,25,28317.538005282564,0.2517411932577537,737.9521547931196,6269.981815141989,1
8707,33,33043.506690455346,0.6688305017017822,806.3851576457618,5969.328263043014,1
8708,48,32083.27353838787,0.3724631697097982,545.7813499064711,14972.22166227428,0
8709,63,18108.780193258888,0.30596689368341295,689.6896574863526,5000.0,1
8710,45,27720.312134225776,0.41734210499273144,648.5049540278901,11227.979681700737,0
8711,55,54074.29149959605,0.3963674486463491,762.7129260578939,31593.966623886572,1
8712,59,54505.527421761166,0.646944548662235,613.616026684606,5000.0,1
8713,27,44620.382422802184,0.4196960919227691,724.3443412407457,5000.0,1
8714,58,9598.788142013284,0.07184474757238367,698.2162663202525,5000.0,1
8715,52,24569.071093500414,0.2548454855845777,730.699708074986,5000.0,1
8716,23,45880.58019131314,0.47154834263052425,599.2899459136688,22943.3564109196,0
8717,59,85493.55818100568,0.3239340429619008,623.0055100540462,21044.78665463522,1
8718,57,36052.08430820931,0.27468707742738807,686.9221020775877,25461.548676547463,1
8719,42,38098.7386181003,0.24943449834574372,729.2038174221885,8579.706757605689,1
8720,28,34317.96074019332,0.21200134832317544,665.5286537781407,8283.811644779906,1
8721,37,18896.59552963758,0.3881899210386202,517.0955641430214,10681.010409514909,0
8722,47,43302.39416593553,0.2502339846304848,733.0277607405337,5000.0,1
8723,53,16972.101323689618,0.5517193018627776,740.7067574996446,5462.870085298017,1
8724,37,34800.229900576895,0.22566487712427702,611.5577542604051,14226.631794568784,0
8725,62,37968.98385005846,0.15464363770323117,709.5562933960107,19859.90489404982,1
8726,32,37221.77199829743,0.3471466230052991,684.4467581218429,17825.505214871617,1
8727,47,18973.45963956399,0.05,587.6041111186269,6687.116834580822,1
8728,28,25475.861464113772,0.05,712.1825427708665,14244.436387465403,1
8729,43,51244.7269648887,0.4436950016246549,646.9849388363567,29391.507954833723,0
8730,62,37662.82866841583,0.3582024370354229,554.9332432646678,16193.103064098852,0
8731,49,25559.466120649464,0.05,712.8901568571574,5000.0,1
8732,40,21256.82858870935,0.3636241978802389,798.036102265091,7022.42106588581,1
8733,36,54252.541867818974,0.30623940085677454,488.772338295022,25186.547083365025,0
8734,37,36944.84839329258,0.12151009595812429,671.4072005226667,9030.37036713073,1
8735,36,20632.459569854367,0.4596834547993147,668.6446551108774,9072.619409379171,1
8736,39,33046.617315856456,0.5777748764919083,569.2090424652217,9463.51425513998,0
8737,28,24268.78324357111,0.6387464943115821,721.8443173367683,5000.0,1
8738,58,42221.710622465056,0.39903085235467983,573.5719908356535,13930.504062545227,0
8739,58,67969.162327671,0.3533639886799334,655.9111081758941,5000.0,1
8740,49,21153.914282262278,0.6161293665274349,597.6020829290745,7415.506999157868,0
8741,61,39284.569855652,0.38785015850290677,578.1933418755924,6159.909601664389,0
8742,56,38928.90272148457,0.2989015260073321,675.987148812115,16178.928775601742,1
8743,46,12428.387970706537,0.25160989271352513,600.1805253641525,5000.0,1
8744,51,55067.12686016297,0.4330611380778017,739.6336489500997,37615.20866806776,1
8745,64,103722.44227193962,0.10450430355588737,651.5296659841883,9892.578674989714,1
8746,32,38910.45181079117,0.5239382617859782,710.2173977051411,18340.060263823972,1
8747,37,71668.74392284613,0.14138868383005945,705.8814852394745,19357.96697967148,1
8748,35,19394.008963493634,0.22283325294834075,733.2248369076245,7838.108261846999,1
8749,29,25352.126358542962,0.3963777337093916,629.6523853221048,11319.53746007989,1
8750,59,37632.43600480139,0.6118411907468477,641.4764348407725,9785.877450007993,1
8751,62,23698.33259616081,0.30970892292090635,587.8520534814329,6324.721233879172,0
8752,32,37013.90578413488,0.19237673699746025,659.7746793010098,9710.020561850792,1
8753,52,59975.25578913652,0.5101174406763519,594.0473380510414,5000.0,0
8754,45,23352.6935550586,0.2838600913522628,729.506340721696,10901.214270969574,1
8755,59,61313.76797391382,0.09812075862556162,585.8481085129855,18904.985587683124,1
8756,38,13882.066960600467,0.44091813753615006,619.5086170936542,5000.0,0
8757,35,27326.64212395135,0.31666648879296644,688.1470528522898,7480.131704022938,1
8758,52,32910.06810481225,0.3134007500611982,685.3238651917226,6959.527341107491,1
8759,26,22845.764478968165,0.46055922668368265,569.8512189121328,5000.0,0
8760,64,27517.935586316213,0.4741517611335743,607.9703627550708,5845.229807275968,0
8761,63,72989.61243053747,0.23727175415254043,628.4409604348897,21788.840341778596,1
8762,55,67505.60783293177,0.368351119010384,638.2277047283661,9294.662498834616,1
8763,54,52052.96988634896,0.11625585170108317,663.7945833705452,16150.068039649697,1
8764,58,61120.71874342111,0.31143190216546035,702.8345133457203,28704.829532164036,1
8765,25,26630.562193401274,0.21836807308764306,640.1561821650323,5000.0,1
8766,38,19704.056106913522,0.3184549640665157,656.5471092344887,5000.0,1
8767,36,24250.671240756372,0.28855239627264023,595.0384653864973,7517.208448794567,0
8768,28,26120.90164638224,0.3227206013937862,755.0986734661119,10064.46832292228,1
8769,45,26775.498587816845,0.09928692399898076,678.8226427791615,17225.909453488424,1
8770,52,47290.72165920204,0.15230623567647708,630.0474043965222,9595.814557257738,1
8771,46,42684.40626916942,0.31748115452739617,736.0458275378774,13096.530595208202,1
8772,42,33261.93849113664,0.5741630611122821,675.9322742840538,18054.96944847493,0
8773,51,34302.07676119754,0.45980359995038317,665.3963209315941,5000.0,1
8774,63,62784.351464319305,0.4150992277537189,650.3349303938239,25820.28186315328,1
8775,30,19036.025093438857,0.2606824409494038,721.1200715794748,7702.692890965831,1
8776,32,53897.346924617406,0.20831805936731146,762.9180634352123,22831.325002570324,1
8777,48,12636.603231456358,0.4437010471693769,719.9360514702637,5000.0,1
8778,26,27365.877474959998,0.17525367885898444,652.2721278089065,5000.0,1
8779,40,77287.9539523205,0.594789434990055,743.7601907543994,19239.197920363735,1
8780,25,42210.35909810167,0.34348844404821555,631.753090664743,12556.285853879637,1
8781,43,28758.22658632587,0.6521890744651546,588.2586537675867,5000.0,0
8782,29,57391.99877264998,0.6055039041956708,706.6903716399754,23186.977137328868,0
8783,49,48900.94685564744,0.4131954521778696,750.8355741621476,22882.93700766633,1
8784,36,47920.91935100664,0.40725256119130726,649.9789424026966,5000.0,1
8785,42,32837.30231742717,0.2532489295303109,765.3855317069026,15754.720198921701,1
8786,28,58686.94182060127,0.5483038502856853,548.4698583121143,5000.0,0
8787,40,26319.073337132588,0.29279247391654456,643.5350371997165,5000.0,1
8788,34,25704.15586596943,0.09673991264968412,590.2729039939271,7850.469788636656,1
8789,59,92701.49018905964,0.5230883949414797,588.9106891458568,29606.122622277984,0
8790,57,28283.724798710657,0.4318636779173902,647.7836802343363,16145.498652031456,0
8791,54,13148.693799152148,0.2727593928031258,770.5928132147906,5611.527075266848,1
8792,31,61774.60469788864,0.38974243908638984,742.2251898294036,21948.115127949382,1
8793,60,71729.04933095258,0.35490740501778884,747.6721643299591,11891.760539202593,1
8794,53,32277.47341713344,0.5717331366730232,681.1271633449551,6460.082550948251,0
8795,51,12743.79783788289,0.19895610853062293,629.8852489090303,5000.0,0
8796,64,35326.583924112245,0.5735005565457415,673.4657507376799,7217.53736522934,0
8797,54,102349.68984148037,0.5495216758073878,550.8855268694899,66026.20750446687,0
8798,27,40186.22517225071,0.25392705296958484,758.1541452555224,11156.443380009805,1
8799,43,53352.65497780393,0.413086411566961,525.1334542673134,17949.06060196627,0
8800,27,54907.54337499568,0.43216713139656837,641.0424701360465,11636.73544522854,1
8801,45,59020.89068960593,0.7967969280418628,649.9615547694686,6654.31297481344,0
8802,23,92158.47937327484,0.23289009360963397,709.2875892238175,30365.34912277,1
8803,58,62321.42224327621,0.06117621556816981,680.7538579656037,20558.11859936044,1
8804,40,34879.04502962728,0.05,685.3904264804103,18559.885775600564,1
8805,54,20786.58036001932,0.3816745302143797,485.49721042443986,5000.0,0
8806,64,45019.77602585741,0.5037128917490158,638.2713488396329,9547.305756681324,0
8807,64,32967.3834499604,0.2165639379283485,605.644360905381,5000.0,1
8808,50,51968.50739260997,0.32131234824992927,660.4466410745802,17881.462806351887,1
8809,37,23589.68561404395,0.28357406975295485,640.7612027865924,12132.68840492238,1
8810,30,31247.477493932736,0.17854359305131298,665.4977834901034,15832.669393825567,1
8811,55,36518.70395219683,0.4404955857738609,566.5146008977132,23475.421078816093,0
8812,40,22706.264335489843,0.08799464090932607,657.1196619475099,5000.0,1
8813,38,37046.538585665105,0.4457147906260211,772.4772291650421,13574.450316658544,1
8814,64,53821.47883032833,0.28546531318992313,799.0290574381501,20965.840487187634,1
8815,47,94378.55945775493,0.4976884309069816,744.5236963671376,5000.0,1
8816,56,25143.258638330863,0.3758801309513499,521.9209495409129,12368.350234053069,0
8817,43,57120.19388817461,0.11746616274134332,629.7228142534624,5000.0,1
8818,52,13507.383819251227,0.39690257090325926,615.052005201406,5000.0,0
8819,30,36178.85926827786,0.2925567072717368,660.7252942590287,5000.0,1
8820,31,37621.26409745071,0.513955249727375,742.8552886275176,34001.894278624466,0
8821,58,54562.09758362414,0.45911499171785447,646.7717675978403,15118.233726302544,0
8822,26,28005.60495672256,0.5215691730008536,585.6535587167675,13721.919801301752,0
8823,61,41043.136455553424,0.2982113228831833,731.3040905847312,12531.395319997626,1
8824,54,63209.416085411554,0.21258875603694866,676.0167106237307,10018.75791884771,1
8825,56,20668.908606133642,0.34781259000673664,704.0302429200406,10777.498171064206,1
8826,57,13639.691739640206,0.4599617373981884,720.7313349895264,5000.0,1
8827,37,62302.6332429382,0.20621501807981632,626.2655432055813,5000.0,1
8828,60,22053.890672928603,0.3963129477503798,567.3145672810443,5000.0,0
8829,60,45637.06357828972,0.40640107742173215,665.196059304533,5000.0,1
8830,32,96282.69831894668,0.5563038947182211,625.9414993626159,27165.63503869059,0
8831,41,55170.8977233839,0.19365748315722883,655.1387230775701,13451.659310622777,1
8832,60,22344.4022239732,0.4238690810812846,749.1871573450677,5777.397730548334,1
8833,39,17481.156712070828,0.27621215395483645,663.9696854549356,6910.0513664339005,1
8834,23,24606.466252266877,0.23672316506172125,778.7961581186568,20582.665701409074,1
8835,38,39593.282556886894,0.6413631781411235,670.6210864139557,12462.981535659048,0
8836,39,32049.658512590875,0.4167983140409028,629.9782202143291,5000.0,1
8837,26,71748.98952336654,0.5805400800204686,561.7661863602609,54031.97327529123,0
8838,36,50694.04270733593,0.23794246986492376,665.6852513541967,30182.762833187906,1
8839,28,25202.081789418833,0.6014882761292855,585.8663125607055,10335.118087581095,0
8840,38,55438.73720208139,0.288858340603419,687.3593335650663,18153.947146484472,1
8841,63,77127.0323748366,0.46925297733568316,642.0702800254073,29235.193771797123,0
8842,59,31022.190071264093,0.2082259466970696,639.7804243647007,5000.0,1
8843,32,46156.40063256505,0.18906378150808273,655.960634814592,5000.0,1
8844,30,23452.07524750667,0.3460127874880573,666.3175029364717,11134.922057968453,1
8845,27,33830.78621230058,0.5823459064240389,647.6058344175048,19918.020872572684,0
8846,21,23248.53073473404,0.5395719669546576,799.5653531672561,5000.0,1
8847,56,67483.9524331315,0.3711977184062109,595.9566377625711,8414.13623364234,0
8848,41,28257.441697230748,0.3015328344546285,721.6939576678907,5000.0,1
8849,57,45252.723956461225,0.39776560301194996,737.895400090918,5090.330620488962,1
8850,44,49892.37448819335,0.1921864594904061,572.4805154265871,18004.295070578075,0
8851,45,171877.75535744132,0.371001056191893,653.9516020031068,77170.32425823648,0
8852,27,31797.176260290067,0.35709841084974037,674.9373590752493,5000.0,1
8853,62,24622.78437594246,0.35776238052378706,661.993957762111,5000.0,1
8854,37,35027.54675378311,0.41966808291572094,659.2545633709364,5000.0,1
8855,49,23735.862806436584,0.4688062256431628,693.7705921959093,5000.0,1
8856,50,28460.31194032509,0.05,503.24309849451885,17579.182494087778,0
8857,27,52245.26170443469,0.22536532545525842,643.1035900661478,16371.572461338477,1
8858,53,25955.947879618758,0.25166795790894925,620.5812348265111,17800.19014694333,0
8859,27,48097.49875564191,0.32624922468711764,599.6476059512673,22051.637422081174,0
8860,44,48933.82205806212,0.33946236563583954,711.5399045279618,8555.863312490235,1
8861,31,41137.96060223296,0.4451250563409937,722.249622951479,13454.7433713414,1
8862,29,50754.44018988406,0.3983014444713734,729.575612259116,9897.618485486317,1
8863,32,31344.665332815523,0.5297368003124385,709.5936443696945,5000.0,1
8864,55,13341.435634306059,0.30497764963177043,566.2017087900541,5000.0,0
8865,24,37407.690146078094,0.2481257415135615,660.1945964635719,17140.261999661463,1
8866,56,37765.3092590717,0.3290138041238163,727.6683106058279,6973.418229394828,1
8867,48,30179.611994639527,0.35446800211727036,473.67376814931094,7618.9361814185295,0
8868,33,50208.474986350986,0.3649136392328261,763.8003218430287,9128.012747911549,1
8869,43,53218.05280335721,0.3116069588155507,562.203969395525,30349.159779256865,0
8870,39,40500.86596310128,0.5128725312134923,587.7184451016076,10694.965958984585,0
8871,62,38151.45988494565,0.4977965804080835,703.6281203228456,9001.243911892307,1
8872,57,66795.43065451187,0.5131354860539772,786.4407454150366,16075.45623066705,1
8873,59,21226.292197974202,0.2019985594088177,584.6147181090477,7758.084051407554,0
8874,44,30770.507281749688,0.45869738451191117,595.0147697130571,9768.363898396068,0
8875,36,59808.89096339771,0.5908659094089006,737.8599161031773,29456.420617305244,1
8876,53,47471.62862599886,0.5179119370225103,661.5102842106188,10602.379290770084,1
8877,32,32289.10830644408,0.27295219211455884,632.6305463344012,21141.543046581133,0
8878,54,44147.27882684796,0.3002287885217798,664.686239630199,6849.559255744986,1
8879,27,27608.968139933473,0.11452901694807478,802.9149346324084,8954.95462605879,1
8880,31,39365.30905732025,0.5428843809240891,703.8940538081647,15507.946877064529,1
8881,51,51227.3019998273,0.2034997301200935,674.8705306322211,15168.917099488772,1
8882,49,69281.57489518842,0.2781248479294821,690.586804801614,20983.572150034186,1
8883,33,50536.59270635107,0.43383389935725036,679.095692454649,6263.799477590088,1
8884,51,71812.5983301223,0.3716773907694034,713.9334621604127,31204.3271379644,1
8885,22,17653.348256518213,0.4046766703306,605.3225984147848,5858.737553180764,0
8886,59,12011.788491155527,0.26355487599411076,645.2344374470141,5000.0,1
8887,35,12194.86582489139,0.1611885864313622,648.6082470080061,5000.0,1
8888,31,63451.32323167621,0.3824215616830602,585.1461503195868,26219.070557361054,0
8889,54,49111.26516961661,0.21793656968115646,573.121886106882,20886.264792018676,0
8890,59,25357.82877406077,0.4280669038910415,747.750591856474,5000.0,1
8891,24,29958.039996991047,0.21625303295356735,699.6133215040462,12820.39441481359,1
8892,31,42969.194264889025,0.3275797065245174,773.812356018267,10909.36711352192,1
8893,49,25294.631927383914,0.6073963148473286,685.3274152476398,5000.0,1
8894,22,24134.573596218976,0.3827508882257511,672.38236946481,5000.0,1
8895,36,26178.978955046907,0.23001732852779982,635.7385753226199,5000.0,1
8896,59,25078.03860985472,0.42486449259339937,720.5780397927373,5000.0,1
8897,33,37126.84227331874,0.32872268928807624,560.898271502942,15123.57341331375,0
8898,57,83409.77792054428,0.2317063116981375,671.3221673205012,34830.07968872026,1
8899,37,21948.288643292577,0.35365215765854463,714.7226796394051,9121.977760448064,1
8900,41,35009.92380482147,0.5360270278631732,644.0903378835399,8704.965566188348,1
8901,64,45720.76517060344,0.44059771308483064,680.8775960698159,37750.1202245692,0
8902,39,47466.385421949715,0.32270200581765024,760.9100245845996,5000.0,1
8903,27,28199.557179204072,0.16807787888279976,633.9133171885636,5000.0,1
8904,58,49481.275632599754,0.46015008256262613,679.3844060989418,17349.68765407512,1
8905,28,44802.28786665008,0.4216967147190323,721.6309785353144,7436.724127240551,1
8906,33,28980.26694151334,0.10603476771489236,627.7022775784855,7097.120667934513,1
8907,57,18465.10371465791,0.12777705354558871,574.4753778629164,5701.955075259705,1
8908,22,20503.32171413767,0.585907740214905,701.0713274246041,5000.0,1
8909,61,52729.36147251709,0.39800900125139343,658.0990138074326,5000.0,1
8910,31,74126.77142459515,0.1411486129602862,648.1413125511435,34508.08239583898,1
8911,44,36329.21601881818,0.5205291828475562,661.8921434892591,16960.12682768375,0
8912,26,73200.15111899658,0.5324800508843514,567.2702553155384,45056.44273048312,0
8913,46,35376.7379398721,0.2435302700934081,632.5078351045547,5000.0,1
8914,27,20491.36183756269,0.2116039448278666,700.017541532175,9300.828572222767,1
8915,59,32704.450304738737,0.36192705760561455,649.8134799014291,5000.0,1
8916,39,76567.53695968822,0.37401547867324814,613.8773676784893,21093.786174012115,0
8917,26,26856.608507114714,0.32627072707844107,598.2424552187338,5000.0,1
8918,63,33928.94915025434,0.1891173174605312,669.028294904376,5000.0,1
8919,49,65697.57897651194,0.29724425801767934,708.8948489378172,27878.522266318498,1
8920,63,63474.65075396475,0.2863512626174837,721.8197220685507,40365.66508757511,1
8921,59,42317.8041683303,0.12681446085071282,611.0771573699584,29392.26346584366,0
8922,22,47444.88289109234,0.4987335954323081,763.745017848392,24061.06464965232,1
8923,39,61785.554236362856,0.1907917262027114,657.9693477278672,5000.0,1
8924,24,42373.54801952869,0.5458990771225064,535.2173435186165,11611.033182670959,0
8925,26,68889.22680023364,0.37300569880822065,658.3201042343611,19917.073675522886,1
8926,57,50816.16764416104,0.25370037691628144,579.7784908058819,20658.628901257878,0
8927,48,33726.92294881632,0.40813847950442683,678.6510686470078,15074.637470888762,1
8928,50,45128.088586087775,0.3300551437200137,669.4684482334319,9352.718795959507,1
8929,27,29949.836350628695,0.5486307371714546,543.3820145442637,16478.2686505416,0
8930,29,22409.247151196596,0.6681513830404834,750.6427824946454,17270.180324895016,1
8931,45,20522.539854882205,0.4088755864280712,604.8439832684846,7626.975786777544,0
8932,53,32751.6345940311,0.32318435925275096,522.6993270299142,6120.251245388687,0
8933,21,42467.32227179185,0.5904250411491925,739.6544395864909,21866.828108623646,1
8934,26,89368.6699789822,0.3192867465014928,692.7421302036006,46703.51739371923,1
8935,38,44713.910574432506,0.27097982518358205,632.0784971720216,19633.981424939375,0
8936,30,39964.47290758815,0.5345840192438464,653.3888479665837,11961.403570717805,1
8937,48,34550.63464136863,0.4759358465857514,641.8411691499558,20077.35479028179,0
8938,31,30373.185193449608,0.27288623271520335,538.956584410331,5000.0,0
8939,53,38769.10844762445,0.397239038952757,552.1222813020919,11128.473426449871,0
8940,21,31638.14746922728,0.2984171375378844,716.6610432083684,21540.496916434247,1
8941,33,30871.065124099052,0.44063444808173213,678.888109439184,9128.868600676642,1
8942,57,54742.04618559488,0.4256523673579462,714.0809985698718,16721.8258305841,1
8943,40,23069.47348657169,0.1582614431428918,734.5362033907353,7933.705733310504,1
8944,21,32049.5932910077,0.35620837838556846,418.37271228458866,5000.0,0
8945,23,25750.05418652173,0.12745206591202443,621.4609877197324,5000.0,1
8946,38,38514.97178058324,0.13659724325586403,569.1440281741309,7429.252696707719,0
8947,61,55652.36602161338,0.2759602393680218,641.0410891208201,14646.706209513715,1
8948,34,43260.472955516256,0.2604691184338093,520.313570959693,23143.077877131367,0
8949,51,32518.0230397952,0.09354078561365978,691.8169988904014,11462.856828554157,1
8950,47,58115.67660738766,0.17201080683701364,696.2235171484458,35079.926935099575,1
8951,37,56463.71640626408,0.1187821220471558,809.1632379757282,23001.303762040516,1
8952,49,37039.84881810697,0.2388273865190994,642.9876096965053,17523.527875417858,1
8953,56,80539.13866746347,0.428927312263708,697.4093502773717,34345.25540487383,1
8954,57,44787.95716659487,0.5714994627321514,717.9218055977642,27669.99792633187,1
8955,46,44188.19638991538,0.5086652528972102,770.3216307942527,13779.974777104782,1
8956,37,19903.70990118582,0.41509225864321636,570.8060052310748,6340.911719961601,0
8957,42,15648.846951321855,0.4066138486715615,712.6668754108338,5000.0,1
8958,45,37485.82928970711,0.3341165320733909,677.8276991045376,17939.1124974949,1
8959,22,59792.009704472985,0.33501247774683585,536.8057192491982,12079.565633763603,0
8960,42,42798.28049513093,0.5576813854776433,682.7185523150182,19076.038505816334,0
8961,25,58421.715387957855,0.4427764403222572,701.910631067384,19774.684854550753,1
8962,24,29532.307826684722,0.3798930365182231,531.9289629534404,5000.0,0
8963,56,37844.76405058333,0.08668896949699478,644.6653254932934,12085.705351455243,1
8964,26,36619.81450523347,0.45926587954187553,655.4949397930806,7850.637361169334,1
8965,41,14753.777359490881,0.4612005053976267,653.3433668168989,5000.0,0
8966,33,88828.22038214096,0.2570161987012456,693.7454534196834,32609.675668140786,1
8967,57,66090.532354625,0.38395623447742216,608.0263466252343,42473.357976910236,0
8968,45,57769.535328886224,0.32995688683957936,573.3716764744788,6065.86257270712,0
8969,46,69041.53091567433,0.26926385200108616,684.1234689829524,5000.0,1
8970,59,28754.13907350955,0.41153513620812543,760.0405656679432,20350.903714007007,1
8971,40,54062.02873558405,0.18786085090838212,754.8844210528417,5000.0,1
8972,53,28721.0755711731,0.655831455178734,817.3188381650372,18764.36621828032,1
8973,34,39104.78371321888,0.4296839391483863,624.0664663762574,22058.978079544777,0
8974,56,15197.448146193765,0.3335340073514532,638.2496025736691,5000.0,1
8975,37,33711.92208053979,0.49383241966715147,499.34956248510457,5786.423375369662,0
8976,41,16896.679307841114,0.4675604084892445,606.9066681342589,8929.367098674164,0
8977,36,19398.105122022265,0.2382812281670212,539.3737072668309,6450.756012115638,0
8978,36,35353.36686933035,0.2742329299771851,625.8323637659377,23633.797148573787,0
8979,40,25492.359448497646,0.05,745.3318864912253,10398.60790454194,1
8980,49,43022.48896900587,0.1891848439150963,724.5381491940568,28162.66591605505,1
8981,48,83908.0223168841,0.4500296299044753,626.9304000745624,38692.83280612736,0
8982,28,26612.70925072002,0.37748988032344927,609.7506170425829,15035.530596198347,0
8983,44,31812.524070528056,0.2760134202050017,593.131646202009,11863.246468640184,0
8984,23,50627.75793023725,0.402054463624983,710.3881698220697,14619.393577751594,1
8985,45,25979.08093754652,0.2702161823016268,628.0451173175923,5623.3300414970445,1
8986,39,25394.86565097603,0.13237494578178638,668.4758313029622,5000.0,1
8987,53,29079.174506074112,0.20798780181042464,696.8469958524869,8067.208857241306,1
8988,22,56412.174054924406,0.6942566277130133,701.9219302045914,5620.2186115326385,1
8989,35,15001.305452901128,0.32720750699494255,455.0421417273101,5000.0,0
8990,42,23771.862491413467,0.33584297294700616,689.2559438579433,8241.155622355354,1
8991,30,78076.46667902618,0.42849175449831317,656.9522136271393,31683.211908102032,1
8992,38,7711.13416840006,0.4968241239190036,523.7936245301099,5000.0,0
8993,42,34074.857353510495,0.3161131986683613,746.7102525562048,11953.66413371534,1
8994,47,78039.20277198609,0.5164149080777976,663.8457871000243,30983.063507549214,0
8995,33,94371.39745880732,0.31697388256810766,541.6153358687344,24340.65056972014,0
8996,53,54158.8979271896,0.34841365625043,609.2296589766806,16330.179894646133,1
8997,25,65245.93530205709,0.2777039853613507,635.2695141387342,20576.250481807725,1
8998,46,22599.73674930948,0.4653287009146972,832.897152059035,16283.882566233588,1
8999,33,23547.433239740076,0.142741766545606,588.8185528182094,9057.699178690254,1
9000,47,85569.31745696344,0.3843422247934478,601.7778674575387,5284.945244535279,1
9001,34,31827.301239009405,0.43883497979009595,662.5950925829524,11029.623466697145,1
9002,44,14206.677642317227,0.5037816163602663,799.8737474308273,5000.0,1
9003,23,44766.10097018039,0.43194467593649544,633.7644104221731,7607.195116894364,1
9004,50,33007.87386648511,0.21200773132310843,618.7282736164029,10244.42036571055,0
9005,55,37818.96066139766,0.4365641041758394,662.5956662120404,14712.571933531426,1
9006,34,11040.890053294705,0.46101219670422056,626.9057615109059,5000.0,0
9007,32,9661.423821797698,0.44735920003374274,625.8832503246991,5000.0,0
9008,48,42246.62313199705,0.314088324090879,717.3682861166798,5000.0,1
9009,64,31208.15507104551,0.3271206467780778,615.201919025043,8554.808089942075,1
9010,49,28899.188176290016,0.4993680454742215,625.4235657220455,8295.950944969929,0
9011,63,44145.30256670429,0.35031424990138466,720.013397797419,12462.627322552864,1
9012,37,24601.425397920902,0.20689650817388242,549.9665519266596,8429.28328151061,1
9013,60,31801.8457985707,0.2885876523850841,625.7146257318078,6829.9226061075615,0
9014,41,29016.550817342166,0.5737235399247642,533.4927017069333,14009.391995389951,0
9015,43,56541.094819961756,0.14845082468822984,615.0806472851215,24560.467037213923,1
9016,40,14193.832358039888,0.5450419417019745,625.4501959174031,6593.911924291757,0
9017,31,26273.693297879327,0.3536194587511334,626.6300991150074,15590.778998004866,0
9018,54,62622.558319219876,0.15116111234705476,622.6819096019292,24734.89065775962,1
9019,30,23895.142654954943,0.4688219040890027,669.6582243678491,7424.998628809837,1
9020,30,38560.22042522081,0.24325953080348545,571.7480714564671,10795.604960002009,0
9021,63,83677.07586059163,0.3640680073507,677.306556471845,36871.88336662408,1
9022,26,39308.47815929357,0.07439930699866779,614.5699282247258,12397.212915858789,1
9023,56,105900.09572417216,0.5518008639995919,703.072847359907,5000.0,1
9024,44,73126.51385100881,0.30588490496514487,645.6366213682193,13243.90891764671,1
9025,32,26217.122203275383,0.2579824845045767,608.5659727743185,15609.842444306018,0
9026,63,19302.496282042794,0.37870212997122266,558.2712960815467,5000.0,0
9027,43,26850.53571976331,0.4828012225158859,670.7530353171434,9901.081164457286,1
9028,47,43915.69050921248,0.3216748542827116,636.5438236228628,17987.33116297103,0
9029,57,43179.88739683521,0.4780610558872773,752.3881164487236,12205.86743709015,1
9030,26,50628.257488614705,0.34613550142130356,757.6966380464036,8367.1708780792,1
9031,21,22863.531996094876,0.36322138225179496,615.9636563453008,5000.0,1
9032,26,24608.659061411065,0.2298945748746358,484.9778760025766,8315.954102759191,0
9033,42,48014.89957275687,0.5085000832890686,712.0574243123881,11422.199378036428,1
9034,61,98267.6574016577,0.45055659864349845,612.7506641876283,59800.094185102156,0
9035,44,20984.17500688068,0.4323515727638148,625.4972470111641,8302.756389969218,0
9036,45,35023.789041785254,0.510031790090574,733.6291082129063,7741.929413031499,1
9037,35,30336.096191912748,0.1926053874180137,674.3138215516716,10906.128976432952,1
9038,46,39053.45440454604,0.36067561945500726,709.356935102679,6430.108125943588,1
9039,28,19957.972560127866,0.5163087652088059,724.4335280386283,5253.4233967662585,1
9040,44,37951.40804519553,0.3447354166695894,638.2190565878283,5000.0,0
9041,58,66862.36644444132,0.3721480336533484,697.896534091426,15266.325785301176,1
9042,26,16123.054038922872,0.36786437810727357,657.3828343126702,6594.193519818002,0
9043,55,59755.484063463555,0.420936435454277,687.7598873494948,15912.82289346499,1
9044,62,19981.19163544503,0.06147189936697946,660.8985324845216,9562.067470147485,1
9045,21,41318.74047374008,0.3678584061494118,745.2532095002034,22857.055485718043,1
9046,56,46369.889666668874,0.40954444196337203,560.3155328691139,20568.239405428187,0
9047,32,43808.71536470986,0.4089072618669851,619.6277804755842,30582.87170456597,0
9048,58,30738.16453790484,0.590031899741501,643.7709497861804,15585.393845669232,0
9049,31,50576.64711977812,0.26227380629671204,658.45145308704,15528.667207121838,1
9050,32,19368.103617797333,0.5971722478439848,560.2166152933054,5024.085595755686,0
9051,62,57370.57623170708,0.2955839255323079,597.946124648096,12530.231597283537,0
9052,59,28781.36617532054,0.14763793229160158,652.5861544822247,5000.0,1
9053,27,42659.25658949499,0.5758297775287197,611.9356476191018,15626.90581903841,0
9054,31,30463.594838374433,0.5079037040284012,529.9407334961408,6914.21562804303,0
9055,56,78123.99043845473,0.3704145518943449,624.4756196177252,5000.0,1
9056,51,45221.05486445236,0.2621775086227668,565.0580245809701,20783.948051228082,0
9057,53,50330.372010706495,0.3186952743378867,692.0672077420692,9246.084001212997,1
9058,33,53840.485430994115,0.38831379413091216,670.6239864161062,5000.0,1
9059,38,32193.04092281595,0.5581498939192084,713.0509661825379,16846.66466184062,0
9060,61,41966.90479370339,0.1525703022821137,664.5874478863308,22263.246345082094,1
9061,44,39444.196187117035,0.3184534315544131,574.8464751131646,5000.0,1
9062,29,50133.7800872098,0.3104969187567027,429.7726251366334,9662.914947831207,0
9063,51,29062.339422924062,0.27731063522828436,730.0150611477407,5000.0,1
9064,61,25507.156980058087,0.2528309679269792,620.1487693376598,5000.0,1
9065,30,65572.27099151786,0.5910851101377694,493.7403951757962,5000.0,0
9066,22,53817.60401293521,0.22970951876660148,759.7236826355156,11640.80760392802,1
9067,58,23868.660422722867,0.37021203592045315,690.4055502220879,5356.896376434112,1
9068,35,94006.31301895856,0.17301290562600438,758.7235334025578,57903.808364016266,1
9069,23,27290.483893215962,0.4802046285366086,679.921052992985,8954.045853530646,1
9070,63,38534.591777360074,0.27605412542354996,696.5270874567918,7395.297054181673,1
9071,51,65143.21136977215,0.05,614.4051980375742,22426.519368334673,1
9072,26,64833.446846296974,0.49600682494120996,699.8111887634666,5000.0,1
9073,23,25521.306802221814,0.266814462523585,785.5198354220822,8046.535149603993,1
9074,31,47033.765398964664,0.5465568272397656,708.0898808409931,7875.920796278893,1
9075,35,31097.80332833811,0.5133622441040511,625.0603828857721,10120.021750399994,0
9076,48,44791.83315484969,0.33331105483471385,558.284663842155,17570.517407356627,0
9077,30,34103.91812754058,0.40941857072727933,730.1270324023507,6465.867190383858,1
9078,58,29691.659118807802,0.36419372684404855,654.100242970907,10523.184264605958,1
9079,27,22444.785106832365,0.13984994514897492,657.1584785162993,5000.0,1
9080,35,65682.36124646141,0.5635070438663526,511.443566871542,5836.203043651765,0
9081,38,25036.998759396927,0.31161802179933656,506.3810939168062,12096.239819392238,0
9082,38,75673.62293218885,0.3535420291660432,655.979512587697,38262.01588330765,1
9083,61,31354.070207581437,0.35568386536055563,587.0564312906207,10702.836031401419,0
9084,44,46273.56385183349,0.3160935684710318,664.6563390861296,21110.167871555765,1
9085,22,78403.60082156914,0.4459440990652066,716.7364616908839,5000.0,1
9086,60,29281.289693166855,0.33540739467570096,610.3086392940027,13596.407260406424,0
9087,40,45978.23416578449,0.27305017274832205,666.354983382105,26913.29840251598,1
9088,54,46491.125103389626,0.28783034117152384,641.8137362720253,19561.616674851448,1
9089,63,26022.401665601166,0.5993999320015096,850.0,7142.303809199766,1
9090,46,40584.014101016866,0.35888871090937025,613.047614898644,5000.0,1
9091,27,52701.18999697165,0.5937328019404895,601.1491221672619,21539.232473486347,0
9092,58,85005.74987726565,0.20656215093128144,618.1512378857317,34954.01099712161,1
9093,50,29511.930375761152,0.253160774646535,731.5079181413828,15298.31527547034,1
9094,62,43171.59645260492,0.27751752782718025,615.3186789806008,10156.590014457139,0
9095,25,34079.99547521125,0.33768058870715895,701.8179651496425,6340.7497037341345,1
9096,31,40001.839030816496,0.24282042714336677,652.4670534792325,5914.198935121021,1
9097,21,27013.806378492216,0.3307554521776509,654.3569422390781,5000.0,1
9098,54,33372.22606072794,0.3801861175378007,762.0318234124901,13297.731637271061,1
9099,21,77583.18226210578,0.5007704404883938,523.5765042710203,22729.999826796884,0
9100,39,38704.62082370443,0.14855647292189947,659.3065412105972,15229.542118156176,1
9101,22,37724.0375284656,0.48933866430183964,698.8114450078721,12472.370321518567,1
9102,41,23713.53388739107,0.4608092006679537,677.5533176394155,5147.870476376063,1
9103,40,62661.188747320535,0.20386830070968917,547.372894596314,7849.6142313524615,0
9104,43,55463.49467032922,0.23173176666545325,570.2338300579729,31330.862820259495,0
9105,41,38701.39599925302,0.4037757435796299,669.4770040284684,13351.844782385208,1
9106,44,93954.12427744498,0.2554971119386723,486.52113275049567,50447.09384438462,0
9107,24,27825.357008722178,0.5556477391730188,612.9305198066388,10989.808628284145,0
9108,32,21565.491425807028,0.349008606647106,563.8818797131181,5000.0,0
9109,42,34632.13701787385,0.16854680446919537,663.4868759302958,7531.711872283171,1
9110,40,23774.990191907717,0.18244236984513193,638.9965601625651,5000.0,1
9111,38,40959.225175825406,0.12649790299959396,676.532334778367,22697.98284504898,1
9112,21,37669.18794219565,0.3342718677994027,589.2964996746783,21869.00275265266,0
9113,50,64630.99581581429,0.34140038431878345,668.5803979182317,15416.35091534463,1
9114,53,28915.72700324064,0.4269147364652413,650.2594407882123,12501.386926455274,1
9115,44,42873.534233157014,0.5394288851389668,589.8862930776887,9841.059644606034,0
9116,34,39839.62257224759,0.3518188737259604,726.6376996089265,5000.0,1
9117,56,55064.860395504045,0.5400884864230733,698.9470633496205,10241.816938988955,1
9118,25,20635.98902674992,0.24064329759391012,605.3405366442626,9196.862871363921,0
9119,31,23181.52956441094,0.1291866398772362,594.8621035243344,11648.93144747093,0
9120,44,27188.221860994126,0.46898044519835136,715.0084876286032,8140.006390357065,1
9121,51,21116.79762275101,0.4587024661444434,537.1595347069217,5000.0,0
9122,33,49323.94103962232,0.3879785010666441,559.516616393182,5000.0,0
9123,36,49560.37890553513,0.45219056427826543,683.6045894809374,11736.634754291008,1
9124,44,62694.6813691782,0.05,777.0525289699161,15733.49427077447,1
9125,33,33763.433701532944,0.2795841151512549,607.6940460114297,8443.088283764115,1
9126,44,28819.384155136177,0.5178264289684362,615.7189837114518,5000.0,0
9127,46,22616.136455866817,0.31129059443856727,634.6264032477002,8391.283368642895,1
9128,22,69687.82792054905,0.4475650639634404,616.8521755166828,22292.722551997074,1
9129,36,32496.140712662647,0.7404002488109388,620.0807349517387,7931.1266487500325,0
9130,58,25262.658858200622,0.5033408420082851,607.0847764842262,7592.31938829376,0
9131,21,52849.95799062097,0.29597917966131543,663.1239795920394,21487.25926977742,1
9132,31,30650.116138457415,0.0850544141840118,698.5642860922876,12586.355292617049,1
9133,55,21301.140920730035,0.45738096715284093,661.0699773504964,11760.423580265031,0
9134,63,23536.705940411044,0.05,638.6374891748878,13064.415314549828,1
9135,49,37996.95419495282,0.2315270704533414,607.4663673852162,15320.867129679442,0
9136,57,21244.279062252946,0.23895737033403994,567.6815658641478,5694.241413455115,0
9137,37,34794.21000728048,0.3318920958583436,559.0883789682081,5947.104097577027,0
9138,59,23567.128988966684,0.3912491721063467,545.1239032782017,11116.464766013265,0
9139,62,22629.401177825646,0.22058021314718326,694.2219917458729,5000.0,1
9140,48,28453.477822411456,0.5078994101420745,609.2388318862903,9024.00945398076,0
9141,49,39325.990379122515,0.562737519205406,677.7916322600424,5000.0,1
9142,63,42605.911866193775,0.31366818005887304,600.016477985135,21105.182473977486,0
9143,23,57651.009157502514,0.5107786448076641,644.8741600713776,26630.630373842017,0
9144,30,24550.125998743773,0.24647351277309026,626.283409536388,7511.638514704053,1
9145,62,72820.62304831189,0.19458086339181727,760.1418226497041,64060.5984493417,1
9146,34,141559.54378942025,0.5120910061646727,616.6571545649834,21452.438630476598,0
9147,32,29437.56373589269,0.38992637085568277,708.9530982742965,11464.769366634944,1
9148,62,15009.055746079703,0.4088704838141692,552.2178002737421,6167.166926283532,0
9149,50,15202.433412793845,0.6260925260252016,744.7729857161933,5286.639781784698,1
9150,52,28327.63234813909,0.44995952351904617,708.0524136237619,6926.1014591216035,1
9151,52,25666.48407489901,0.7103423538856665,608.8661287361601,8273.99759966473,0
9152,62,36408.93098929356,0.36396869795258724,607.7922511708772,23883.044978935748,0
9153,52,46823.598149749174,0.5767343436624494,733.4695956658459,14488.026972914002,1
9154,46,19090.767550946795,0.34233544108888525,715.1564810158121,8220.535433301378,1
9155,21,33330.83666545741,0.1769401284514429,633.4796114350004,5000.0,1
9156,62,28198.116388285427,0.474814680117857,589.8182539179028,7642.55671805194,0
9157,22,100486.1791262206,0.344472494270767,725.3123945028824,76088.71455672402,1
9158,37,18200.578205411144,0.6611209986022542,616.9706943876469,5000.0,0
9159,50,24849.434697177676,0.43457708468499945,673.488208739341,5000.0,1
9160,59,36929.5020739216,0.49276543770754194,610.1100868491,23911.58837542531,0
9161,27,24933.120515246173,0.11474125471941135,634.623151199123,5000.0,1
9162,47,63994.84128549059,0.4587549911586703,783.2975025906974,9896.551998364486,1
9163,29,21808.66466211762,0.33940869420635034,644.6396162169199,9612.393645709415,1
9164,42,22972.628395333388,0.23358767249967252,750.6952605213141,17825.720532315165,1
9165,54,66814.45612342078,0.560679053645413,543.4526478173209,32339.255015312174,0
9166,21,20021.185855967964,0.15609057549577993,528.6695138166142,6288.963462717518,0
9167,29,55121.47604454247,0.4032584863880707,690.8090960656009,31357.796659894866,1
9168,40,28961.2813500614,0.25786653591193764,596.1528257984559,7584.116080173908,0
9169,39,26657.610863863785,0.39102526584598357,648.3480541128545,5326.634841257718,1
9170,56,28171.838453895936,0.3080468477093044,501.6332433821324,16897.199997729636,0
9171,60,20738.079156932163,0.32291161837756227,507.7501858614954,11720.741886788732,0
9172,24,57155.575372002626,0.35865513229647494,650.9982135478509,13037.406166694585,1
9173,29,38872.156511466485,0.2061193275515696,616.0901209081668,19750.58559861286,0
9174,61,56697.27802082871,0.5040766807295927,626.5416924723451,31788.73806705936,0
9175,42,65393.22765985496,0.4498703203178779,766.777907565649,17629.00379991221,1
9176,38,47596.44934064779,0.2018270634927684,683.3340840120472,15849.706964413186,1
9177,32,17564.095361210428,0.561719839176015,800.138234522666,5000.0,1
9178,62,22367.343215507473,0.4641497917282411,655.3046247907193,6656.219878918103,0
9179,63,55573.23139494878,0.3652909476175567,754.651583417178,10136.233270454275,1
9180,59,37337.449703254686,0.1368152805202504,718.8388295965774,9672.0378548072,1
9181,29,50271.30200492342,0.25320124979847447,614.612504426263,5000.0,1
9182,26,34736.13342970778,0.06691059452756114,637.9088925724922,19543.471892367703,1
9183,39,29294.43973243153,0.3769859649994574,625.1693611330016,15142.253388766943,0
9184,27,50303.34535410811,0.47701684962885055,725.2073223082265,28288.90683748665,1
9185,36,15310.398813773149,0.24148891867807232,669.3252434951786,5000.0,1
9186,25,30950.139993605357,0.35088251179211316,585.6315271675012,7357.680885008482,0
9187,36,37542.849560519426,0.49888411159882584,559.8776300343807,13549.319872851624,0
9188,21,40309.6547729554,0.256459540974066,562.2821042994243,15084.394023301465,0
9189,57,19010.589760925333,0.433637375652643,587.3045286756773,11382.391162448177,0
9190,59,19408.046749886944,0.6656819025270249,583.609607727736,6537.853755848259,0
9191,39,29834.604108749878,0.46042616243810375,565.5124259398312,9639.585774205914,0
9192,57,35193.55755020228,0.1953309381760139,728.5130530304826,16186.69673597546,1
9193,37,79025.7720368697,0.34623103669728944,542.8681725785398,5000.0,0
9194,46,23412.143688095723,0.4585946699863021,678.3723527181154,14008.08516816314,0
9195,42,28379.74702149103,0.4249739709845792,809.615092017559,12822.222946166448,1
9196,28,80478.90784276683,0.18909542646182304,656.094054638198,31603.62788436656,1
9197,53,61823.8060621343,0.415767708750454,656.3209427551935,26445.897880575965,1
9198,22,20806.089600144314,0.3181549849144579,665.9523580430862,10125.81460384023,0
9199,50,50905.350769183955,0.28171042913967614,546.6293535432127,42301.82843385524,0
9200,40,55061.25108945567,0.43297750800608575,680.3324453349566,12613.657306531371,1
9201,38,40049.72348998019,0.6145596410243039,673.4670899559662,21290.520690499376,0
9202,63,20199.285981947534,0.23812100364749156,647.1502936687341,7837.741991923526,1
9203,30,26963.727160590046,0.4178996276539645,531.7514714426313,5000.0,0
9204,44,26529.67128341398,0.3379148906934952,782.536383559823,14128.454626945379,1
9205,24,47308.93720606285,0.44148849998633205,666.6151752616587,17779.539346588106,0
9206,57,29298.21441691286,0.36606217394122736,564.4176592206098,11143.172998078939,0
9207,24,31812.041443318114,0.2633838698832299,579.6686595504291,11217.700844230352,0
9208,33,26876.369826406895,0.2575563698617044,595.5852772301879,10682.73524137929,0
9209,45,16660.144264749524,0.41920766616280286,761.136779740483,7958.324104396705,1
9210,33,132926.04856088254,0.3695382174716839,641.3314832936867,29399.954468268697,1
9211,38,44417.810747441355,0.44316173652280455,641.3564349542285,13075.015301080455,0
9212,44,75811.59508593497,0.11058336230380851,612.9097986686613,39402.45139958442,1
9213,22,20789.377799880098,0.5139291961591188,721.7839203344624,5000.0,1
9214,53,77602.68164928934,0.562335195052511,725.4538465811085,40438.12076959363,0
9215,39,29785.08647282928,0.3727874006793778,544.0741786741326,9228.87487983572,0
9216,29,47341.2509035864,0.44908041441440893,642.9624779621295,24627.119659528864,0
9217,48,59627.6766191972,0.4964293483768644,634.9208166745533,24919.580796758823,0
9218,55,77301.74744854854,0.32289929581209237,583.2266623028568,17189.510322219412,0
9219,59,35483.05233179085,0.38480031804825515,609.2701469993682,7878.461042674041,1
9220,30,21978.655271814834,0.42280464887925,629.5768430671529,5000.0,1
9221,21,36048.229774332205,0.2715020608921277,579.4491977426512,5000.0,1
9222,62,48801.87105760048,0.3706036309888712,670.4747954476373,16298.879844146539,1
9223,41,27779.67342786304,0.05,668.9503681880338,9725.65378971579,1
9224,29,29391.04403041698,0.256268414074575,686.2398143185064,12822.821448480498,1
9225,35,16745.140104091282,0.5697226883818096,617.2470573931183,5000.0,0
9226,55,22268.255553085393,0.40795534979866827,499.5351586309736,9589.828955044577,0
9227,25,45349.26772863548,0.23056164340295027,600.028636076891,24194.508725523818,0
9228,61,56442.13694099292,0.1649300570176958,576.3694296719782,38899.99438796215,0
9229,42,62999.24571250786,0.7283805046437603,638.1346342682544,8644.297830003994,0
9230,61,113320.72386692443,0.2447582129935318,690.081785301121,65067.22390744594,1
9231,43,76426.25341194952,0.27536083155564745,782.2966375516087,29858.898354304838,1
9232,27,33657.44325196218,0.43987891631880494,586.5865217740615,12668.645578098502,0
9233,43,22746.375161826538,0.22536795334216578,658.9437880271241,5587.090104746091,1
9234,64,31949.98995214307,0.40644317674188946,662.2285228996511,17757.427013806588,1
9235,45,27568.25680467888,0.354245972670968,750.8160785962629,10382.34460722137,1
9236,47,39456.005220820254,0.1740840851995867,665.3963283847739,5000.0,1
9237,61,56696.71134105182,0.35750906786665987,624.517248296554,5000.0,1
9238,26,46160.64764696771,0.3989343065757265,647.023899906476,15389.566788692879,1
9239,54,79855.7891537527,0.19142550206012054,674.352325443196,33517.88122441519,1
9240,29,44256.740563670755,0.42814439046920855,701.7219947254412,8344.32560811608,1
9241,53,19191.08311771286,0.45455237598119286,769.1144723255215,5000.0,1
9242,26,27309.884219213516,0.19660486105527447,761.9734549975583,14470.60653977176,1
9243,57,44413.00423548731,0.4228059312111935,596.59922488389,11404.020096163886,0
9244,51,40714.3070735696,0.38448203947387716,544.7079011298059,17103.784012251206,0
9245,54,69851.45637557562,0.2984508965842193,562.5745060895489,15167.962705305557,0
9246,61,36443.52459859741,0.3111210178158017,666.8051398175523,20054.450235593562,1
9247,49,33249.619253962905,0.40918306674385224,728.8792602364925,12862.1462374039,1
9248,34,16531.264219057168,0.2614122336667775,632.9303725149867,5725.922754116149,0
9249,56,24261.31887319318,0.43674718574123056,582.8801670730336,14502.973111268284,0
9250,56,42378.06179080036,0.22969879920807115,547.3860239758477,5000.0,0
9251,35,40329.0334931488,0.24065143130415392,760.9966630631787,18233.806742647328,1
9252,28,48895.62739794431,0.15714877208014402,616.0436308910386,5000.0,1
9253,46,45491.91893046129,0.0920157849805361,541.9956800254579,15916.196168892986,0
9254,56,34314.217523892126,0.37267060724954537,648.1720766625615,11736.660390824156,1
9255,41,22007.807363220956,0.05666021679011425,650.2421618342908,8827.884808754114,1
9256,48,36325.89413928033,0.3990621691756896,711.9373222111711,5000.0,1
9257,24,35520.92841949527,0.3372744020931125,566.4656280785141,13493.851342896709,0
9258,36,72107.32060897078,0.6329193005978089,731.4134808116983,41582.08065513053,0
9259,42,70551.15703442047,0.4411025304608857,742.1739010810682,14824.9483566228,1
9260,32,28584.226392002885,0.4265510625068862,656.4650553647248,5651.4484551915775,1
9261,36,26609.91231589549,0.24905967043580657,692.4374388380086,6071.857824851193,1
9262,60,18456.24142871297,0.26535304175896557,706.85547730452,9198.49842745341,1
9263,58,33441.60397854852,0.2868963292249671,607.9855959746992,5692.028839754804,1
9264,62,28649.647095627737,0.34468956172538434,552.8335510139342,7365.383766322186,0
9265,57,133741.3912677865,0.26238928637309294,608.7709235238736,65799.71860767264,0
9266,49,20791.724372172084,0.4355821166176432,526.9820427994771,5000.0,0
9267,38,37394.933048216255,0.2915902266166105,683.0914143632345,19574.599489555072,1
9268,30,26332.775145155003,0.5172971203491581,761.9458981690613,5766.3951938864475,1
9269,62,36765.2552792467,0.22673241544606543,589.8187785292035,11084.147852096,1
9270,59,30739.443468150355,0.46192404489841554,617.6689876976191,15437.487845488202,0
9271,38,54488.69406264715,0.639560645431082,632.3540343910793,27026.188672002794,0
9272,21,45259.101214411254,0.6152215427661695,794.4233687890304,11129.736920827041,1
9273,59,53585.43349162718,0.2210743978213978,618.1827727356747,7868.885073036214,1
9274,41,24934.26514125512,0.5228670313672756,728.336221095725,15187.455783648567,1
9275,21,62295.94411776035,0.05,652.5296933767015,17532.956125009096,1
9276,35,28542.51044486454,0.1165699215627375,428.1148814358165,11740.144842098984,0
9277,24,17977.503464850543,0.44010486492225476,614.9069827560348,8348.312451390208,0
9278,40,33158.51431827273,0.4156266705008907,711.5520510924056,5927.449228375266,1
9279,30,38433.42350513143,0.4402833750502827,615.3012902190247,5000.0,0
9280,43,19440.802170286417,0.27704184934200515,685.8560058335767,8591.933290016665,1
9281,61,56207.06988013681,0.18262940599054392,771.3032407701658,5000.0,1
9282,54,24207.552250565786,0.07883437826888046,686.2465577679756,5000.0,1
9283,53,23695.04147607997,0.22076999347555645,605.5296789215882,10699.759245300382,1
9284,54,36314.76100473554,0.4475399355438616,699.7630949260168,14426.457940061371,1
9285,59,55751.070745099576,0.47905018635632785,684.136359171233,21635.536346985198,0
9286,30,19773.310420361922,0.39447816577036676,717.948044919316,5000.0,1
9287,40,58122.848982152675,0.3794032335847031,643.498377941922,32748.184319097098,0
9288,21,12336.489002523675,0.6039714204046047,593.3799620355677,5000.0,0
9289,33,42844.56089739757,0.5609908864824461,687.6476242533628,5000.0,1
9290,21,20643.440892119143,0.4915860705529429,689.8439757925985,5000.0,1
9291,25,24360.65696514069,0.5233837115947341,612.8399286759918,8182.616560038265,0
9292,36,86590.35880402733,0.4024205413347362,542.0054832166454,26102.15597984487,0
9293,35,22157.22006020785,0.4217465852762165,618.0274168367307,10044.869114591396,0
9294,48,35308.47147029875,0.23405203958733564,567.6318383631872,15304.373635279508,0
9295,51,21303.878967436605,0.4069391371422791,631.1671235502823,6290.061718335539,0
9296,43,53348.14085291019,0.25312865391707456,704.4311199991561,5000.0,1
9297,63,44554.63123777596,0.5360790494347815,509.68026015381554,8592.876575006852,0
9298,37,47805.7369611444,0.4437468048767034,671.7210188775873,9931.94403901862,1
9299,54,63923.0106283498,0.285801432736177,678.8261258038264,39867.93148089725,1
9300,33,30671.68250473591,0.45530435310308165,585.3050829527224,8614.701093100039,0
9301,34,62146.74889191614,0.5182812157104117,674.3710000547923,31416.755534154032,0
9302,31,76492.88744943417,0.2192767897735043,731.8917787896198,26155.115764746257,1
9303,48,41865.72152969357,0.3114404146060801,680.263042797191,11951.646168345658,1
9304,62,20886.49773515729,0.20420356431723494,794.0034824605921,5000.0,1
9305,52,19881.026587574463,0.3440461922075322,655.8251649819573,8039.209016667425,1
9306,55,45303.37515144692,0.5502083330607764,720.2172522240998,5000.0,1
9307,51,20879.802507866872,0.3500920283083683,792.2889343228333,6142.058938404769,1
9308,37,18551.419818514023,0.43710267405594644,685.5618352456825,5977.1443006000745,1
9309,29,56492.94295539907,0.2681482469374146,772.7177360166532,19214.781697465525,1
9310,30,28871.23862158906,0.4775022679045218,681.9594304543202,5000.0,1
9311,28,121746.96082842846,0.3405121429829723,751.9646166418946,27194.841874903675,1
9312,41,26141.180669346722,0.46441029686608537,571.7609063376673,9482.795232234172,0
9313,33,28319.918586673368,0.48017058056885914,654.2988423715415,9779.726386150349,1
9314,25,43460.41705564817,0.19181212666193106,822.9352197300408,23963.87375302162,1
9315,26,40226.55093907289,0.2474682284775021,522.590660953793,10443.511462981136,0
9316,50,34818.61249128106,0.28820653703781174,596.098213560828,5000.0,1
9317,51,34407.1091641553,0.6162937487579783,802.2348586401882,7131.396407060242,1
9318,37,183765.549364037,0.5536504221539275,642.4882124790599,16687.668497160994,0
9319,31,83315.1286996358,0.3650243726821325,642.4083077259987,51299.68486079082,0
9320,40,55368.26554844189,0.7609958719097027,714.113189204339,25529.886710716564,0
9321,29,19678.656497888223,0.1533560972431756,737.7576390790555,7318.5836561459255,1
9322,22,34997.94551116844,0.31464227525099764,624.1432098502426,13286.308561056328,0
9323,57,50527.45568860848,0.5262733330662309,535.144083892462,14414.375220216003,0
9324,21,52791.7156908681,0.35662671629291787,585.1171688497762,5000.0,0
9325,24,68789.3139494899,0.2227263597747328,610.7334495578724,14665.78234122945,0
9326,56,26355.271313779387,0.40966432839546657,567.7432153304719,5000.0,0
9327,45,35622.47493244656,0.7513851094292322,589.7447687610032,15641.922847890344,0
9328,23,24896.750133162153,0.22463749500974245,650.6383130269128,8153.652866267145,1
9329,29,70782.9498369198,0.24022646267809164,590.591201959448,22332.097728922105,0
9330,42,51503.93763536421,0.18865629000683268,773.6003576089405,8066.31536583165,1
9331,43,28178.900654772206,0.28704074442694766,621.712427878789,7900.260850563007,1
9332,32,40637.19048921396,0.5124150068621166,542.993262253627,17098.040076706628,0
9333,30,37240.5947175495,0.5851407039172241,732.1949117970333,14120.133362293851,1
9334,54,23389.301497238426,0.1601803399788246,850.0,5000.0,1
9335,63,57819.600978067014,0.44131926537725996,626.8946736162098,9336.542651488542,1
9336,30,37740.44890313538,0.4660531248624106,667.9602587787457,16351.767715114242,1
9337,50,27870.94255203119,0.24764406054054824,741.2530591761372,6879.030681581944,1
9338,42,23189.2780771092,0.46128349804453017,623.599436113771,15355.166334096202,0
9339,26,55675.6507533089,0.40638976378049047,781.2245798970619,5972.007584294831,1
9340,22,41525.82006734694,0.5137992534961773,537.6722204987198,10865.161366090653,0
9341,50,25659.604320155013,0.05,641.7127530018807,5780.503906805299,1
9342,22,28313.169688737005,0.39367573394240013,592.9376657437954,7272.279072978136,0
9343,52,36415.87302864319,0.47213699051100744,570.8118324009652,5000.0,0
9344,62,37492.83750853171,0.5070273181008869,594.7540879739919,5000.0,0
9345,36,39975.70646190612,0.4709453924097538,685.9135367156829,16542.854433150063,1
9346,32,14993.993085824131,0.16897548206649363,714.4692726230388,8971.924875645027,1
9347,21,38569.08171425503,0.5640566450006288,699.6115217825264,8000.846618141514,1
9348,28,19740.440533443936,0.46183748033416694,546.9345469829184,7055.933593545489,0
9349,33,73828.64641853134,0.3528294751687557,688.5736753318464,19703.27540463199,1
9350,35,61173.12042134725,0.35539722358446335,641.6428033655454,16235.232279561544,1
9351,64,64754.93595541137,0.6145601934655633,609.2859117984494,11508.432122214845,0
9352,28,10620.6256509888,0.45684776009078343,634.7083550019578,5000.0,0
9353,30,31269.832200039207,0.37334630695907395,766.5942961902484,10947.380086019799,1
9354,25,34926.330142154904,0.22253000425599162,630.7138332627275,5871.201716539599,1
9355,39,48411.7697351482,0.3159944048082694,703.4899824462893,22055.72547431165,1
9356,58,56978.95571052744,0.2221238202151065,722.2717737176961,33386.14893938998,1
9357,31,69031.12854643381,0.08734986756718516,711.6258524942821,36953.734845472194,1
9358,63,11404.318946679447,0.3835695877633988,617.9901612502456,5000.0,0
9359,40,24327.185752298778,0.0869390207543249,621.791304756836,5000.0,1
9360,40,37380.31167889273,0.2556498346546876,669.1991751251591,5000.0,1
9361,41,54981.36145951536,0.3036019542655208,611.2107593417436,11246.313551766285,1
9362,38,54225.46213821657,0.13104795801208216,590.3925848328983,11812.871820375574,1
9363,30,46048.53584366534,0.5028086107138362,656.9447242021388,21827.632803528075,0
9364,54,26409.249274978756,0.3328683955654141,593.611985690955,5000.0,0
9365,46,28144.28673383802,0.05,619.7817742438909,8093.507089573342,1
9366,50,26509.95490359087,0.4759774169295455,630.8051249249388,5218.022619024171,1
9367,29,22236.119158469155,0.6153991683685438,611.1465381580028,5000.0,0
9368,51,22080.95893596751,0.3770028011358579,632.0806034112754,8913.34239539441,0
9369,62,21049.948186304908,0.44291586830604,619.8344053987961,5000.0,0
9370,24,42957.86663088939,0.3985475992446177,793.0256631743829,11693.219780614747,1
9371,26,38644.7125789974,0.4356174732178974,773.804153408581,18277.07602821296,1
9372,34,22847.72052982959,0.26907946655524545,620.212698952309,5541.305230338784,1
9373,24,15432.927765681643,0.2380568077823243,617.9943427070061,8489.049408399147,0
9374,46,30192.033293355264,0.19198492595621744,634.3081284697813,5000.0,1
9375,59,76117.06487574763,0.3680360260159692,666.7239624339747,5000.0,1
9376,37,36425.400655925674,0.44679179190048046,642.8518239253735,14536.678797028093,0
9377,39,54178.443229084616,0.4448618997894324,651.1086373776953,19631.584583834374,1
9378,26,39736.40204415466,0.2870866586574747,705.3431678885868,20030.253161594126,1
9379,49,35275.101446343535,0.3208892160636759,589.2609275896837,13611.10062631377,0
9380,31,17386.93004080122,0.3202822645836037,608.403691249965,10423.44551120798,0
9381,36,29633.40347515339,0.2744204163055444,549.1337581068036,10739.339500496966,0
9382,50,27794.847748654884,0.06088531178392763,621.9334132464501,14013.975524412524,1
9383,45,76161.34314364762,0.32079155588014724,652.578073029594,35654.190525986494,1
9384,60,39799.52783068931,0.30518412462434674,653.1337638543314,7280.849239742515,1
9385,31,68786.851511974,0.3428784512911135,737.7117973711257,14458.754001139261,1
9386,27,63813.702164532624,0.2701017090088633,588.8047045056641,16065.541265576188,1
9387,46,23790.53234369843,0.3935798142259722,535.7589748348364,17400.637821595163,0
9388,42,36336.56384969036,0.7562604256801452,656.3185183772371,6800.232083522671,0
9389,45,84325.475481472,0.4674608227746008,637.1248947115271,32422.582125297853,1
9390,39,48126.566101855715,0.2787611982913691,709.8192024260287,15452.1557784538,1
9391,51,46693.46422843519,0.31665991866128196,655.7081412790274,16167.073672683173,1
9392,46,57342.11022923166,0.3329397793643724,739.5987758497995,17876.18040383029,1
9393,62,46174.85011356872,0.36737104505025736,640.2289880164878,10472.003431488041,1
9394,61,47723.42109278552,0.34924183540728376,613.8803095846065,5000.0,1
9395,56,42237.141175584096,0.2821641626328537,699.6523080087189,5000.0,1
9396,43,30641.833084446265,0.2744173349567577,683.7560030444149,13765.157202472925,1
9397,33,21395.898802267635,0.44679406172152103,600.0392891679033,8431.845453101343,0
9398,45,14350.274664146713,0.31062835587835574,688.1100919017674,5000.0,1
9399,22,30801.3084978409,0.43580423632069226,680.8780266409997,20357.618965771668,0
9400,22,45175.13886031719,0.31730723398189015,646.3769107069021,35682.38495543326,0
9401,36,40916.37162402248,0.07940110908251574,728.3666512040411,5000.0,1
9402,29,49908.95421537558,0.19146471871831286,752.0970482746854,29065.243862003244,1
9403,48,34097.459739966915,0.10993300986008162,609.4070892737004,5000.0,1
9404,33,141633.78787713157,0.3810282601995502,684.1886822914597,30111.240646637845,1
9405,55,100070.33875753298,0.09512133525462761,655.0984470042338,33316.79549379158,1
9406,61,17003.97461062836,0.27511680468521965,618.5867120306223,7962.315586003552,0
9407,33,50425.60699762857,0.29465908357519255,641.467533691277,5000.0,1
9408,51,58946.62855566451,0.3129984285676157,526.371637461989,18618.187300670943,0
9409,41,12565.88523202973,0.4820713935773642,725.3466722113204,5000.0,1
9410,52,39475.76015089492,0.5081245758488437,705.1674158674961,5000.0,1
9411,54,47026.07797263749,0.2385477395354152,515.4772029506722,18227.499537353673,0
9412,28,36213.56868727709,0.34712187690793994,636.9917687752543,9975.677346712608,1
9413,61,44045.87077548402,0.28678275143477333,673.543546537512,18248.353338026747,1
9414,22,37779.87127291483,0.41328899772789807,709.8429439525958,7776.88556401671,1
9415,58,51600.65936297999,0.3375276578240854,631.5834034987698,11633.707239593448,0
9416,52,78760.83734542447,0.41794810631038604,632.7145103136626,59516.63644913395,0
9417,60,53385.30778736201,0.17999788670986366,675.7395439169943,7663.03714342255,1
9418,48,65359.37813598609,0.38421918868607924,602.3448592969415,17229.583628198794,0
9419,57,21403.08688747938,0.13954670233217448,766.4474538176864,5000.0,1
9420,61,100078.65367657121,0.2328710871267503,657.2328545113751,32720.51687776341,1
9421,21,42508.671073294056,0.3651876766696682,663.5784380292849,15289.194764625165,1
9422,61,29873.198039742572,0.05732411490461333,744.3425090849928,16225.33726517067,1
9423,30,44698.27851303941,0.05,648.3216536697956,8484.029311456003,1
9424,24,27658.65628189198,0.17644913143382498,745.0412697074573,6897.34299893945,1
9425,55,38911.15824995569,0.2091420590117637,537.6870367205673,13580.853546804658,0
9426,30,42216.30310938072,0.22477017317789352,730.7773230223505,5000.0,1
9427,31,25767.853336350923,0.2713669188097246,722.3356252711718,13743.667847021361,1
9428,34,39257.26852154883,0.3959931813103335,506.27092726930033,5000.0,0
9429,58,25578.960071327707,0.6439521312563038,627.3599169947933,11354.114808274213,0
9430,32,25496.738511808213,0.25578263657000627,678.4299585091447,25370.475480839825,0
9431,37,21906.234792091633,0.40720619827852844,706.7466363828083,9224.690075195978,1
9432,36,30126.09804102184,0.5367929155036545,741.7483849888115,13258.326570384465,1
9433,55,27574.69175811897,0.5099792133165183,545.2427053538414,8858.886223785741,0
9434,22,46024.951534237705,0.23219618827213487,655.5942672357735,6107.966464143558,1
9435,31,62827.77024362129,0.4809660977374551,584.2075611378732,28761.96457361757,0
9436,61,50566.4440938768,0.5435980270056338,600.3599218503659,5000.0,0
9437,23,59056.44805067852,0.5796387719075253,706.076146710291,5000.0,1
9438,49,56618.103646311814,0.585278580439842,594.2704957943954,11831.963722004415,0
9439,38,22848.758695409288,0.18496674814614839,650.200372365781,9241.5943607463,1
9440,40,30729.15135215588,0.3859549692091001,618.9374240009126,5000.0,0
9441,34,88406.80714901944,0.24644718874176338,720.2058236137947,38442.255466925606,1
9442,54,27658.285762273557,0.15404555936745906,521.6011837580758,10727.267545442122,0
9443,51,91760.83101591971,0.4217898296314368,736.9005811715879,28994.762051946258,1
9444,60,29477.90667912506,0.3801605064112,754.2063342430653,5000.0,1
9445,62,13045.81648495118,0.37563334678972,691.6488998911427,6317.565877421798,1
9446,38,32091.92598476066,0.2787717303165387,665.8882159031801,8052.480579537486,1
9447,50,55452.642090425594,0.717360187343027,507.1437881356476,15854.406345537678,0
9448,45,83426.88194446707,0.5763330867523784,694.9905777740199,16852.719090350794,1
9449,39,17344.75922160977,0.2872134154221824,720.6227146115287,5000.0,1
9450,28,54947.50145131891,0.3464668233391307,657.0999741935574,5638.291408773642,1
9451,48,56759.24970981622,0.42429173658513103,604.2637560783706,27818.07239726284,0
9452,28,69612.62302321162,0.504099253296806,752.419047589086,43091.157036670564,1
9453,51,9550.997305887498,0.4223314080182397,589.3343303843512,5000.0,0
9454,23,83151.10804093772,0.36720767890549316,729.0944405706155,37487.478849654195,1
9455,23,45272.31610522755,0.1373813683313763,686.9568035571798,28596.430321560136,1
9456,64,45675.784895654404,0.6444441919339965,637.8573178321243,28615.25416257049,0
9457,42,61053.10383735959,0.2553345962632603,820.7332214199678,25541.861290429253,1
9458,37,13327.40414606401,0.5091861687930065,683.7817021271329,5000.0,1
9459,56,60324.84909411127,0.3547105845145742,690.8341877028582,5000.0,1
9460,37,119069.02648547977,0.5375249529430537,685.7687420729977,37222.688625517345,1
9461,34,18318.64929629141,0.15485218768148237,671.1824996794767,6134.502372437667,1
9462,29,35164.87903901922,0.25471110816707465,643.2361078197562,28954.752251399143,0
9463,50,37002.1107921312,0.32895923625899415,703.0037716244301,16020.054074975602,1
9464,41,43400.50938596826,0.21248926213375746,656.9213798318925,14813.24158921423,1
9465,32,44937.133829357284,0.26949233874536593,522.4559901389521,5497.475821356133,0
9466,57,25958.49148164094,0.54367183874781,592.2638835453508,8243.576932394344,0
9467,52,37048.20720276719,0.4328764195886739,730.6022002599063,20388.391594103177,1
9468,31,86856.77292759319,0.5671515365592803,711.8874740907437,22476.713940589627,1
9469,40,44492.51965247865,0.35980906308314936,577.3340074400829,5000.0,0
9470,55,43657.243990018585,0.3261756212920237,611.9798146185307,5611.0209892940065,1
9471,31,25405.63203847755,0.15383861166327448,606.9929333349136,5000.0,1
9472,28,70938.63075355298,0.5071546477310005,751.9294704087235,11524.41740644208,1
9473,24,32582.776245060373,0.3258199018848145,542.1356348237097,5000.0,0
9474,47,13028.983098879546,0.3791933283117648,607.049281776992,5340.579267486861,0
9475,64,44806.14503436407,0.2661008521831731,655.5572599313556,19588.78363563824,1
9476,60,51713.11290131077,0.7768772314533617,548.925058453306,31127.164729509317,0
9477,58,31275.732226395212,0.3684548997787849,655.7519706394509,9066.48457976494,1
9478,50,11895.596797021728,0.2427568990424667,576.9138937358483,5000.0,0
9479,64,20783.159024666318,0.17610753694738196,591.3493821559047,7670.931775208735,1
9480,47,34284.15807367008,0.4292460700215558,613.6334976235745,6428.036226947021,0
9481,41,29875.314606046468,0.23699807734633097,637.3263230937039,5000.0,1
9482,40,45289.73513855893,0.28232397348528104,610.5050564311179,5416.000101644113,1
9483,24,48817.212712983135,0.12082144932539947,656.6807377309938,20583.407765829907,1
9484,31,29204.81541192797,0.3600604250020419,737.1920417461007,14118.310272484945,1
9485,33,18042.925340220998,0.3584426029281935,710.664928399944,14037.371271117821,1
9486,29,75102.19282018389,0.62868778441489,755.9483489477994,7105.612598063838,1
9487,24,48064.03053460335,0.26961689099927005,644.7503841931234,5000.0,1
9488,32,50802.445009521725,0.05,645.0199721162293,5000.0,1
9489,29,44005.621570635696,0.31665430808427797,664.5524020490816,14567.006147795559,1
9490,33,62862.7701551841,0.5454395105897015,542.6774535686751,25650.4219928668,0
9491,46,30014.985298138272,0.44157065021445174,722.3975723527732,5211.455608006637,1
9492,58,54949.14292654071,0.512941538042187,623.7629366511858,5000.0,0
9493,62,50728.87613181142,0.41780572565809637,646.9000936746979,35508.46659597125,0
9494,33,49896.65692331658,0.2841819835661918,679.9058322459531,18588.736272613765,1
9495,59,19983.992468520162,0.18135836568791455,595.9262852612126,5000.0,0
9496,48,38931.60635060254,0.2025959928251573,598.1496681367934,8870.504048621766,0
9497,39,44069.681572442016,0.25968272839117745,677.3174412541804,33420.592915808265,1
9498,44,88388.17011175562,0.44510322714106393,680.5544248672247,43282.13151691291,0
9499,39,38174.566395845824,0.3379333954609986,810.1472973136844,8943.159174835635,1
9500,33,62378.99448481692,0.08011461474459405,667.0496148645342,6784.33828347893,1
9501,33,17270.683021975732,0.39802489069965774,687.4249233924921,9884.409658453316,1
9502,48,25380.60565010685,0.5334044782267297,812.7702833991243,5000.0,1
9503,22,45231.503368444835,0.11329190640142857,674.2144189850119,18087.09136602887,1
9504,30,45034.97464065289,0.43246042810804125,680.3236222610199,17853.772268818255,1
9505,42,25378.032019745504,0.05,446.06993879287427,13212.180295353219,0
9506,33,58564.04176444724,0.21863700126301094,622.9390483574808,24154.07812011083,0
9507,29,33397.62248458923,0.15744286134860122,664.2696860412258,14182.20126578249,1
9508,53,33011.03560535338,0.45269968693611673,596.6937979946603,12131.692814618278,0
9509,34,34919.106286084265,0.599687996587889,664.9304572176692,12612.13821204161,0
9510,40,70920.3634714773,0.509317220069596,700.3074184150418,47841.52162240916,0
9511,35,62597.25170019815,0.5042378252878629,714.6523674599597,18970.334844646575,1
9512,52,93112.99009043036,0.21028920731361694,642.367041573917,44105.798516057985,1
9513,53,47821.875915357414,0.43743242696013473,540.974627715889,10511.379008515441,0
9514,37,95363.81555336213,0.38592550701231465,656.0437061349522,8992.610331916618,1
9515,44,40906.90534525098,0.17368141231683393,620.5871324787427,8354.093193636356,1
9516,50,34090.88461981832,0.51140479718653,596.2805294146768,8555.335697407103,0
9517,33,29171.064134431774,0.41506073250289827,630.2423877595972,5000.0,0
9518,36,33252.89646469292,0.317176592996199,625.7232853744374,5000.0,1
9519,22,34078.17713076732,0.4731859913799389,634.7330750054662,18388.26757453292,0
9520,37,25775.144541041962,0.372192275656312,617.994619721082,5000.0,1
9521,52,27029.391653272578,0.5301797854578868,750.6587377027209,6586.401476171457,1
9522,63,49206.12378048117,0.6332035345715894,668.6331889782316,9114.836413326506,1
9523,28,28451.20786687462,0.3081282871312665,668.921417509272,5000.0,1
9524,23,15518.819887690117,0.3064740415187294,679.0945950578886,9741.794940120963,1
9525,32,15129.120689768708,0.2763839461084868,553.7965127225691,5000.0,0
9526,40,12724.865648072198,0.3526094404131245,721.0114449948176,6393.147351140475,1
9527,36,17876.689447139852,0.5526492065403575,850.0,5000.0,1
9528,34,19931.019657602552,0.19085890142022424,582.6307892063141,6884.0606861776705,0
9529,36,22314.429973602015,0.14443635717580372,602.7738868421199,10943.826459371126,0
9530,63,41898.95694752406,0.38539380550848584,611.5753856129079,5000.0,1
9531,53,19225.663534152198,0.3443814519173842,670.9274317809638,5000.0,1
9532,50,22931.986812816984,0.37895716571800697,640.4955166093216,5000.0,1
9533,32,14531.735559157223,0.056533656181614135,613.9542086069672,5000.0,1
9534,35,26102.81782759114,0.5811954121560446,691.013703357004,11869.016638215073,0
9535,38,52153.38976346637,0.38079611548100445,677.1462445809151,30119.974383129855,1
9536,48,35893.58877691792,0.7170340669228685,735.5873525092579,8205.0194366268,1
9537,43,37835.16005007072,0.4120265821993599,660.1030591625189,13390.663340151179,1
9538,34,36280.03977513557,0.28978509484203363,647.1437386514443,5000.0,1
9539,50,19102.801734566998,0.3882435410446525,619.6196166775437,15166.093146289655,0
9540,53,29602.736573038586,0.5719335701827877,666.4635637324196,11844.561935778866,0
9541,35,40557.973911439025,0.24192999076461322,577.0320101564632,18979.163193733224,0
9542,27,58969.665462525554,0.43767456507768804,726.1344730899666,12012.118207390668,1
9543,35,43555.98202356394,0.41566587463304017,693.8085726957491,22390.65771124529,1
9544,62,56404.52894129951,0.4391097508588494,665.6539050164504,18488.680855990893,0
9545,58,21096.90760899459,0.21365422313283206,621.808393045721,10399.387347879943,0
9546,64,17125.60520881901,0.44563450243904695,764.6932071025145,5000.0,1
9547,31,15120.241306417187,0.4343491151092977,611.6311027424814,5083.11381746663,0
9548,49,54640.643341766954,0.5850133418766168,590.4845969919957,5000.0,0
9549,51,17679.32077424615,0.6159428346426485,628.3591564180502,7510.096918511057,0
9550,45,61750.20636599246,0.4059429016384054,707.8842374595754,25384.91856273942,1
9551,44,29056.789167583356,0.3843730977756075,750.311072713287,5000.0,1
9552,39,83648.5858297379,0.2059122151527747,724.2272123431763,6147.334078730426,1
9553,22,29018.55039509395,0.3204907490082556,558.3353577255443,5000.0,0
9554,42,29824.97986673414,0.28163490842403877,645.9006040981951,11891.20795639993,1
9555,40,37552.11272916064,0.49635217689069866,616.3153538415926,5000.0,1
9556,53,29516.096208537743,0.3960987546970691,677.8098751317747,20363.25416943073,0
9557,28,44758.35938649309,0.20270851478231744,629.5603323360425,6763.474644586851,1
9558,45,21539.420069384945,0.22374766723850156,704.2615725799589,19332.60769553623,1
9559,29,39861.53822880374,0.7327893436384257,618.1225427363588,12052.645848280968,0
9560,54,24948.710946754203,0.28570171117780124,590.9107990264038,5000.0,0
9561,43,32768.686055436374,0.4515670375479321,741.5517026915247,5000.0,1
9562,25,18259.061479274285,0.353325316122981,647.7810138935586,5547.761164850498,1
9563,45,56170.55839766619,0.31259836234568755,711.9222557754872,5000.0,1
9564,28,30396.475337586402,0.5258666274257915,569.3743911795387,5000.0,0
9565,36,57413.66091627889,0.2817962821512778,583.2837814869627,5000.0,1
9566,35,25122.530992919754,0.30470428021474527,561.2625263044326,5256.050910214709,0
9567,21,36151.359439750944,0.5562275400139257,595.8182863144265,21522.239440398673,0
9568,42,57697.526180294815,0.2922949231495845,602.6042693560283,8981.645955207205,1
9569,23,20176.152820752173,0.13909100422870826,596.5059616981085,8203.609491161911,0
9570,58,23361.314208417458,0.18082356500894492,647.2542018623934,5000.0,1
9571,34,54463.447877518505,0.42717266561225437,580.0249481908182,27371.241610629088,0
9572,56,71233.3758266082,0.2448245779846757,596.9863069431219,14128.77210109945,0
9573,38,36611.04448786115,0.5194867132226483,665.2105701964598,12830.775866207661,0
9574,61,22364.16591655288,0.3531408118365387,787.2718886095519,5000.0,1
9575,38,30978.060913417088,0.4643492826112332,683.373975200597,7157.065448883081,1
9576,23,97230.76193518717,0.4030730446266971,676.8477967691117,5000.0,1
9577,30,18642.93429650559,0.5089667085660489,631.271570413881,11584.290245320597,0
9578,59,47287.10899717395,0.6325614158870151,511.33912511515075,14652.208356567944,0
9579,21,38667.73025151213,0.43471071751244755,636.0250388832828,5446.481667943217,1
9580,47,20369.78399706472,0.42739285727145043,578.4292720043665,5010.285322412122,0
9581,47,31042.41108168163,0.5168230876791351,721.6082533090764,11914.972235802194,1
9582,31,14731.125741198352,0.2654107381603921,760.0333978014214,6402.176921322191,1
9583,25,41944.82064064677,0.4312295335817061,586.3265935882476,7678.245530491344,0
9584,27,45094.229240613,0.21170967596481774,648.521056310032,19837.72995573762,1
9585,39,18341.405109385098,0.23616386368715994,554.7684729925872,5452.4357575937565,0
9586,49,47969.23176158687,0.27863635483863536,707.9769803537181,6486.4772645920175,1
9587,35,26041.139021912484,0.5402876159405251,737.3892787897477,5779.850123423011,1
9588,55,24888.184267449888,0.3289537768584636,689.8746141655602,5000.0,1
9589,57,22299.64374034936,0.23289865929156636,672.3764137710863,15066.611189153018,1
9590,32,50554.78624342706,0.4638881037629387,646.9243073083105,16354.140494166255,0
9591,50,15726.143245076935,0.10291054535406409,684.6090197816253,7052.368631973011,1
9592,40,16404.73656769945,0.06933487959027809,630.8447508936005,8859.318061503727,1
9593,57,27008.853988062343,0.31205729336868365,623.9161964143346,8592.579629798032,0
9594,23,27479.866645927756,0.309742460406207,737.8103070329435,13428.074890986607,1
9595,29,49677.47441788091,0.5065159756544562,704.7324059492965,15181.797524677648,1
9596,61,34697.75889489435,0.5300541507957135,610.0740280783658,9743.249293333844,0
9597,59,34727.48477845079,0.334775088433028,776.3495013357305,8220.30086374212,1
9598,46,16156.762905682093,0.3187990230495271,601.2763859841081,5000.0,1
9599,22,32364.48778362955,0.23355098403474625,785.346622100747,13113.852374483078,1
9600,43,10895.097433317123,0.3335188881495866,559.020933179261,5000.0,0
9601,43,40893.59940292254,0.05,639.8433825885039,5000.0,1
9602,41,50952.33495421575,0.2822895929927407,681.8618001715581,24336.42774671356,1
9603,36,24593.436070014366,0.337880382817002,674.3519028161224,13106.7651136707,1
9604,29,43812.264717319995,0.2322430067173742,662.8237536311926,27946.344434099312,1
9605,33,29157.783187273406,0.2534469187102781,739.1117249906256,6374.29421507105,1
9606,48,67242.28912078313,0.30517455966663426,680.9740195268982,5000.0,1
9607,47,40700.95618334641,0.3490267468316519,686.0436540174454,5000.0,1
9608,37,21605.002081370494,0.4794240514281365,607.5616900960557,12226.300996590517,0
9609,58,65217.70091698158,0.41396216807661756,707.3715736863202,30890.2081607871,1
9610,56,54913.17701520685,0.4821742833632261,619.0739063826778,21540.3090668216,0
9611,21,29552.6362661246,0.4359094230500496,729.7896919903347,12628.108119609009,1
9612,38,46525.51629533798,0.36720651835956813,750.9416847421298,20325.682887354047,1
9613,29,46155.146676675264,0.6847312097274051,655.5144141035755,31347.872940584068,0
9614,33,29354.39131631831,0.24258306523481385,686.6659743071164,5000.0,1
9615,60,37527.29026096075,0.21304243526907882,669.8881058813027,5000.0,1
9616,35,41038.30893369751,0.327108525134219,645.0695712920711,16312.471057374316,1
9617,63,25904.786428016956,0.34096733278463565,634.5899784040787,11760.035319502553,0
9618,64,71201.71837851596,0.37069135516174134,570.6840152283692,5000.0,0
9619,24,13512.808392769835,0.20685134214194703,603.7117599892784,6292.885131651011,0
9620,53,50943.40076757832,0.6435905710690536,656.7622556044047,10764.255102359557,0
9621,44,19748.20199827111,0.29820345738620957,750.2858060494158,7973.1364113944555,1
9622,56,32152.13279847922,0.20544913755709993,674.0075752818547,5000.0,1
9623,61,16332.254854260516,0.38963842385428,729.6600814356855,5000.0,1
9624,30,18778.872854715704,0.514342448255531,528.0128239290432,7788.870113769694,0
9625,56,34768.23624656839,0.5916367719619867,745.4081193891798,24343.655548657407,1
9626,40,37660.60031681761,0.05,695.994391981117,11609.79731316705,1
9627,61,61691.41235955904,0.465092098110764,722.7510474220393,41030.0214008644,1
9628,64,29746.371054360807,0.6135356620265295,513.9861658629612,5000.0,0
9629,31,49424.55916803574,0.2607119369659622,622.405053328909,6093.163960019849,1
9630,32,36129.65726631263,0.31525442059281145,576.6011353001813,14393.385257223004,0
9631,38,48482.78730680182,0.20770701983674697,699.7264306935555,19758.697430333308,1
9632,50,21036.81751989316,0.2661063626013672,685.6855724963816,5000.0,1
9633,64,37964.39025983137,0.190215188546443,715.4191002993039,15844.944871012236,1
9634,57,43765.86731961307,0.49021437271454,623.468398678586,8425.278464394107,0
9635,40,28330.23553150086,0.3340685573837428,707.4349500291811,9165.87241779446,1
9636,45,43935.07973542549,0.05,650.2157565988707,16245.908808714314,1
9637,32,46072.69579295808,0.2595650532915876,732.124521003831,30884.021760582335,1
9638,41,28031.520955761756,0.2464012258157602,698.2186360419475,5000.0,1
9639,45,53514.80726393139,0.4783191044368572,599.1976471642927,22450.211178556252,0
9640,31,11481.978659380475,0.33983994658802485,670.2120094587975,5391.32549058365,0
9641,29,13937.189668277553,0.3358342448951518,553.0895025281599,10559.70863219917,0
9642,45,21652.80767311604,0.44643643542135125,733.5707911076588,13076.343289069335,1
9643,55,41800.9751233045,0.5086689837556173,696.5499913899004,18257.214634106407,0
9644,52,24897.299772864455,0.3901318101359851,699.2928299790593,5000.0,1
9645,34,18603.87551740267,0.25189596780129414,714.306118323843,7375.07508951444,1
9646,21,34742.19420186316,0.12424889606271129,665.478873375502,18146.86739081219,1
9647,37,38184.52036275438,0.5674984077477297,547.8683715319894,5000.0,0
9648,45,26415.77079541372,0.8583668588347387,717.5458937891646,5000.0,1
9649,28,20085.695088385717,0.36860828996892986,598.4794293652077,13328.896359434886,0
9650,25,36444.622660353445,0.3974592378701046,592.6215024737988,20041.45342131805,0
9651,25,54039.44190011744,0.5756283578536459,702.6542060671118,5000.0,1
9652,61,19788.88815531799,0.09309556273441494,613.3639343388703,6041.618406362966,1
9653,55,80055.85319108966,0.4931227170783763,661.7268307051783,23844.60097895695,1
9654,39,27355.893968127555,0.40636173686498755,700.8709400644804,16887.32743459173,0
9655,43,26414.09099557941,0.2346270262924629,698.7552097782776,16719.163985558273,1
9656,29,38837.493868498845,0.27199101110281027,727.0824211104942,14002.369427056365,1
9657,50,38240.32962121729,0.1526752940255369,611.4940726500224,5000.0,1
9658,36,11884.933105473476,0.5187612463977155,628.731060930246,5000.0,0
9659,53,34403.58337818309,0.19403536165316082,674.5871935704031,5000.0,1
9660,22,48484.49678303099,0.4118051806394416,560.0159724429548,5000.0,0
9661,34,60715.976118402665,0.10604240245163254,593.8427208713166,50990.274431990336,0
9662,21,34273.18613638743,0.559170598213652,587.8872336645958,8186.392720759919,0
9663,46,30392.611316080078,0.3192699054514407,503.02141326422776,7315.501831359438,0
9664,45,52174.05119236485,0.5108336611955965,612.2959086291552,14234.943881923167,0
9665,36,88954.93263121747,0.31821679372181805,650.80848678167,28691.834208521377,1
9666,35,38054.33784096939,0.25895807554280614,661.2469732787656,14606.213660274441,1
9667,46,33149.9109146307,0.14892162662426822,617.7711598168835,5000.0,1
9668,64,68079.52796733427,0.5080662070344621,589.8536958164501,41075.90941742629,0
9669,36,20642.45654252123,0.29544582676873504,641.6056313227454,5000.0,1
9670,34,37471.0653978277,0.39454391853649357,614.4081063628975,5000.0,1
9671,49,121033.89543693115,0.24380065191083708,484.75717719386466,5000.0,0
9672,44,45555.623075618285,0.34744567159003514,589.4556350064296,13553.105044222422,0
9673,35,53284.002505782984,0.3808071223305183,671.5086804842906,25826.090777699006,1
9674,39,30811.72627430987,0.0866901100207074,649.316646189126,14176.62165703147,1
9675,28,48686.21869427944,0.24768499334265234,663.3676052090176,27072.017295419842,0
9676,54,66698.0209448873,0.5862504308444583,693.0792597336817,5000.0,0
9677,22,17033.06735679433,0.2273920068222707,669.0788275276843,9592.10903600726,1
9678,47,34608.59045349305,0.48535876097915687,656.1327847905234,13829.244408127155,0
9679,30,43255.23709313112,0.39894688751870905,621.672696357862,10209.803083301082,0
9680,55,35306.42077824612,0.42669680623469436,602.1441847431017,5319.218856257708,0
9681,43,28465.0692819242,0.4450632720122694,654.3635033582798,5000.0,1
9682,28,72954.54495865515,0.3530504592764405,578.3318584648689,29671.59167279728,0
9683,48,40207.73120444703,0.2646430244180058,699.5453680917321,12618.853580695526,1
9684,43,25576.710052093327,0.23826536503956627,583.3249944384467,5000.0,0
9685,24,59403.89697007013,0.300390806108448,747.9862785547277,14247.955035156721,1
9686,34,72756.62574703971,0.5375742097170028,646.1411237793972,15629.41237245707,0
9687,62,64239.446399219494,0.146613465462494,729.8312464946141,34458.99729198789,1
9688,49,29501.330395294633,0.30327064754339267,574.847898724156,10904.67997598652,0
9689,21,30145.590270927813,0.12280479962614761,765.203883503467,6490.79981164411,1
9690,24,21589.357339247883,0.2626782120513074,574.1017422827122,5000.0,0
9691,52,41233.06290425652,0.33136526653070947,646.2297746323721,14588.233072219507,0
9692,53,62898.59506268129,0.5592317512021496,558.7409737595899,10878.030919232971,0
9693,46,48150.67825551733,0.5754912109968198,651.4776409136032,5000.0,1
9694,37,87206.56552542381,0.08039214918071654,640.1808063355662,32303.85193102249,1
9695,59,13764.047282197434,0.12323682217376959,489.8804635310025,5000.0,0
9696,43,38952.16509273811,0.3251417266141593,660.1416270687031,10246.081355223396,1
9697,52,55040.756212159395,0.4642203661330666,686.4206864411232,17283.510848158105,1
9698,35,26783.76877925055,0.10957880244991236,589.9133595655013,10968.027991546393,1
9699,33,20624.607391347665,0.2944360618171789,630.1047411825449,5000.0,1
9700,22,19859.02171026617,0.5053448756139712,634.4819204971999,5000.0,0
9701,39,38261.54085426493,0.5235556145858193,765.7232945260474,22773.67462950737,1
9702,44,19612.70867084787,0.30434126059656863,663.9005931252442,10253.146778021539,1
9703,44,75850.53712536924,0.05,611.7344126440461,53648.576494852365,0
9704,31,46979.59933215361,0.50737643094978,573.2165383789156,21540.864467955747,0
9705,42,32847.470503913624,0.21190730990441894,530.2457489072912,14484.374705304308,0
9706,35,34882.876153367855,0.4306616439844969,641.2482331043883,9861.927287989822,1
9707,30,62377.67267110741,0.21510863058628402,658.1765564951884,5000.0,1
9708,61,71001.03716895705,0.3651296321078717,565.2966411049714,30965.78340737051,0
9709,47,22766.401250578514,0.39651093000782317,550.8244643061691,6460.882677890859,0
9710,29,25170.288840899175,0.5426302910164867,683.0428418274075,5000.0,1
9711,48,30373.7442681404,0.13883662010366069,718.4622642550949,12639.507818399314,1
9712,21,26574.238567358658,0.2177508543351813,629.7552896159186,13930.284792654515,1
9713,37,14729.697190058563,0.5920449818863143,685.5612825137756,5000.0,1
9714,51,24162.587066480555,0.3847306222981806,642.7927511788712,5445.507743390343,1
9715,64,25542.366411452378,0.221051398778683,831.959406853508,9541.374077383929,1
9716,30,19928.837744957986,0.45844880457754966,644.1938598900045,5000.0,1
9717,57,45258.24478537578,0.20012151656451171,746.3078134597383,12248.013505039537,1
9718,49,34101.247508560096,0.379314138888052,689.5950750647999,11792.17104735688,1
9719,38,49446.35270363012,0.2473497793919993,612.0461849221529,22770.970079134077,1
9720,58,22194.753410644098,0.5364400123851595,691.2716185941264,6613.48911567647,1
9721,59,49858.836313373315,0.2215413622336002,645.9667836269058,20218.867898953016,1
9722,26,39040.69720096706,0.05,578.6464366628975,10103.33045504771,1
9723,60,27605.427650669815,0.28271862091491184,656.417710238467,9080.634597181906,1
9724,32,80994.96927921877,0.2499222124865344,619.911106821955,30081.785875047874,0
9725,34,38420.75763244268,0.31336985499630365,646.5361175363639,5000.0,1
9726,64,27909.608424990576,0.43354477909909234,645.0825075912022,5000.0,1
9727,30,41794.400623877686,0.17271819993106266,634.4637577108754,22012.348141809496,1
9728,40,22623.789654432483,0.23342624814765453,583.2337545275783,5000.0,1
9729,35,33243.55172036052,0.34911918842859124,735.4523144413888,12596.638872055746,1
9730,51,100161.98797650136,0.25108310747740376,644.9229706238908,57807.31898495125,1
9731,27,14990.965273460468,0.3597510278603803,665.4902029805097,7907.3254683530195,0
9732,61,27886.221617926156,0.43066021224211076,636.1258423924027,13009.385879639867,0
9733,30,33732.06203841013,0.3520343580789829,621.6032532780376,21795.548588784404,0
9734,30,30236.331732374074,0.515017944256847,663.9121670029632,16456.224100867148,0
9735,59,28273.393728768835,0.20775767675373769,748.4371831940314,6311.697290462731,1
9736,48,84678.82681595783,0.2632127160783432,540.9025906598689,37561.37312988537,0
9737,50,27517.47084010911,0.5739929593417945,573.6494568849893,5000.0,0
9738,57,44285.8018188146,0.2398651559650285,626.9915117657414,21916.5196666398,0
9739,23,26734.790957987294,0.7175591977014582,594.8601866387731,7644.713918964466,0
9740,63,44337.80728970357,0.49494625298135664,791.0841260716358,22858.173278819533,1
9741,35,57979.15422179887,0.22673525835847766,625.6428371263135,20575.56279197302,1
9742,41,34989.833496846186,0.4378104931314505,683.230520714116,17476.21673769355,0
9743,57,27285.00530507326,0.39446475003554404,630.1039749657016,8967.791583937036,1
9744,32,34140.528697876405,0.1317884042735216,472.44650157020186,8519.903710398483,0
9745,24,47455.08414150631,0.5816367259778857,621.5426306122498,17165.636002420524,0
9746,29,56006.974696223435,0.47320581260399847,568.0629659607692,5000.0,1
9747,59,41295.69044472966,0.5715037824803418,673.1613750161871,11537.80834359377,0
9748,62,34900.40765618239,0.5070380410348073,629.0894451078906,7362.322917943656,1
9749,48,68830.86359803894,0.4023467350975204,596.3929535901455,5000.0,0
9750,43,26547.719937790916,0.5119805051363113,642.0285151616225,5000.0,0
9751,60,29551.020660565406,0.1496068118681854,620.0415791180704,5000.0,1
9752,64,89040.5640871845,0.6475542146851229,721.4740693652215,5000.0,1
9753,42,34600.5865499376,0.46177606130141047,689.269059039589,6405.440938989376,1
9754,44,50489.60020736325,0.0570222019895225,771.2534295612426,20244.307863958922,1
9755,46,23308.09333935977,0.12586781486988494,700.5492766602074,5000.0,1
9756,50,59903.75069251902,0.3931545405382172,684.2633430871124,17412.03279237972,1
9757,53,20428.573800663034,0.21655717840262861,691.790122208033,6938.747890213815,1
9758,36,19683.4740345633,0.4279888183732508,701.387043716419,5462.262235568811,1
9759,42,56740.182178236,0.2021526257441885,524.0089945358002,26533.971679805858,0
9760,63,30311.739216998787,0.15910716590382792,686.276883756331,27947.00484946171,0
9761,38,32170.67535427253,0.2689491305399019,538.2487623061068,20276.477402676643,0
9762,27,45039.67844684512,0.8403054476063139,516.1679659641478,7748.636560664138,0
9763,46,31412.54682923715,0.1857868599354654,572.1436900031505,5000.0,1
9764,28,21507.162764901503,0.538530846634592,667.763016121208,5000.0,1
9765,26,27338.27720991434,0.2363318901867407,558.978435881032,11032.326160744296,0
9766,50,22305.754516464593,0.3366728808508873,685.5876700726366,6878.031250841653,1
9767,59,64904.70945830792,0.3687013472887034,764.4901141367022,20110.189815561625,1
9768,43,66360.22931132065,0.3406842314411134,628.4471391331834,21213.830208786785,1
9769,52,23852.471634941092,0.3584944941390003,664.2142642758107,7524.210506709277,0
9770,42,45149.147237828816,0.40072240739838705,600.8264058605603,15931.051981810933,0
9771,62,31688.73729227162,0.12593870286664371,564.2300528404343,15451.918569066043,0
9772,63,75335.60484460769,0.3301709639751253,636.3788624240716,27864.257807143418,1
9773,29,118743.11223249137,0.34163126133327354,595.4414057345385,9604.700327532853,1
9774,51,52359.346446695374,0.43326097904861227,617.6905857448834,25404.23575410337,0
9775,27,28089.064433672345,0.3078157473866454,598.8566444746883,14557.8228060978,0
9776,29,20344.031649919852,0.4292738324596724,556.2080763190914,5504.892965990548,0
9777,33,41042.86720306572,0.25208344140331884,641.752743346489,14848.380765229887,0
9778,23,33592.17589222814,0.2671691392024623,515.1060797181399,6941.129030986826,0
9779,55,17655.082848825852,0.3967571615690195,685.3708820406638,5000.0,1
9780,53,37785.65160113093,0.1957137875706904,531.699244850473,6395.61032800106,0
9781,41,104420.71183947053,0.265290095767376,608.4650062573226,19087.657150852858,1
9782,51,54331.32223851887,0.2757971098549753,731.7651145054289,31974.795476123505,1
9783,54,20314.679871338936,0.2837051805017454,700.0598741115748,5793.81712920024,1
9784,52,35982.68188979557,0.3585929652716026,649.8920348174263,5000.0,1
9785,55,43771.11074739179,0.2164257815088535,803.4208349751274,11017.222293129098,1
9786,35,46453.80055103248,0.4438286399392833,656.5568291704498,20108.870033626594,0
9787,52,16024.513545230124,0.3092368315336631,724.0487741701951,9464.281117673803,1
9788,26,34246.40561527157,0.4105739628460881,606.1599311528389,13984.049285971028,0
9789,41,41378.2273153015,0.16580560647552445,447.94503107982575,12212.076527020803,0
9790,53,33081.33531304,0.05,665.9102052784433,21349.742759479228,1
9791,52,13842.50550213401,0.49145545089498316,681.0652208858522,5000.0,1
9792,39,33663.66432321063,0.38131386700509357,678.8572309649535,8201.695305158686,1
9793,53,53748.55632847286,0.4319878174793179,549.0720601205817,5000.0,0
9794,48,27282.745888174002,0.5476379166901756,850.0,5000.0,1
9795,51,28710.876359662358,0.20906177685709085,572.6582466470894,5000.0,0
9796,41,73050.57141934447,0.07870333048040909,657.1443979057146,5000.0,1
9797,54,32862.40972324859,0.4967234546972797,667.5473696097453,9324.327256400373,1
9798,35,38405.27400613157,0.44780631098954915,707.34712460592,7736.634776811884,1
9799,34,14296.649994324083,0.5158985594428486,601.7347768362971,7732.715274742196,0
9800,39,21451.870563947567,0.5987712977281228,686.6060555060885,7743.731807716886,1
9801,63,108536.23082318559,0.1739875673216189,763.2905956108461,47589.78444233806,1
9802,35,83096.40593480723,0.49052809452536067,617.9121052560872,32806.46692939986,0
9803,26,46001.89483960331,0.31196015999019444,614.5897816463745,5000.0,1
9804,29,11574.687661910946,0.49494581740862903,579.3112736998994,5000.0,0
9805,57,18660.507264126616,0.6254000636866591,667.0267864637283,7174.108598839014,1
9806,40,18412.04408857502,0.35411875744868093,587.8686693612411,5000.0,0
9807,54,18277.99355100279,0.2381596681787246,698.4100588109843,5000.0,1
9808,58,29941.138366841256,0.14661093753575746,616.1735230705402,10103.083493678261,1
9809,46,53657.082488997505,0.05,633.2418777432317,13468.541266301096,1
9810,38,26477.34800817723,0.5677642367513319,580.2968594917992,5000.0,0
9811,48,31094.350788801075,0.5771904675003801,800.5467143799741,5000.0,1
9812,29,31144.680563307964,0.5017188506911637,657.1317038953572,5000.0,1
9813,52,57046.11818042178,0.30495571084757583,569.2870485891913,22829.90554763004,0
9814,26,56761.03958207033,0.4681211300573968,669.400511976474,11387.258021916894,1
9815,34,39379.45782703485,0.3958833403973183,531.3767912051741,20863.6486410365,0
9816,48,68817.85504192128,0.17588356023822813,603.9129884464842,10677.110681604188,1
9817,44,29988.520704661583,0.5222785453332416,679.7881780054224,5663.063906816844,1
9818,33,86982.50788188873,0.4264540675919307,686.4145442953209,66337.8295999421,0
9819,63,26821.559765449038,0.46046250884100737,712.6589182790754,12594.950579359538,1
9820,32,13574.440239924827,0.39894770416137565,741.2179764196799,6937.908524342488,1
9821,39,19313.10567341453,0.37001830914677764,637.6643276110912,5000.0,1
9822,41,18473.662739906536,0.4029911855407708,712.5340153212567,5000.0,1
9823,47,25081.948468696537,0.3072738363055991,706.2282777516126,7669.379269983645,1
9824,39,63850.95620820979,0.4410561031169497,709.0504851635875,16237.878530379565,1
9825,44,29011.135332358674,0.6426956024433564,546.195220363294,9669.947847553127,0
9826,46,18444.135822095763,0.41944354039374765,668.1623864572349,6111.422423916759,0
9827,48,17534.069151156284,0.5175214464714867,629.6847376469999,5000.0,0
9828,38,35285.80996648487,0.17285899705524074,741.2565837953173,8788.34123481433,1
9829,64,77836.888599657,0.47196327608321736,657.5115956626221,44936.701946197834,0
9830,56,40559.30191771954,0.4264792398798449,622.1486165415419,5148.374983512108,0
9831,62,58217.467956163724,0.5113279384346476,628.2375334419057,12125.638451530453,1
9832,49,44396.43283356747,0.2863063554417378,624.2180204442055,5000.0,0
9833,37,16928.508900038712,0.4977399718956385,661.0325218780064,5000.0,1
9834,24,49054.056122350994,0.24210571394776598,672.5400857142528,10039.755631633187,1
9835,64,20547.296290609363,0.5207922048759177,635.8811205141521,6609.847695826185,0
9836,49,29484.179365926208,0.5311028559161749,627.3449009332533,13781.912272199566,0
9837,24,25302.531551724012,0.18415520822842188,583.1434445289722,11925.7453516822,0
9838,30,34482.10776198378,0.4046165165711155,750.9708551206271,19673.3954676237,1
9839,45,32070.361431901318,0.3170005878249475,630.7247268005764,5000.0,1
9840,51,30021.658308108083,0.42306828157756476,666.7823311744849,5000.0,1
9841,23,31636.383610972298,0.3559244971939311,679.1354717438045,5000.0,1
9842,22,41517.07424264319,0.3163619858754674,669.144552077055,27249.99847389173,0
9843,45,31635.345050231404,0.2627314143160706,617.777303957116,13019.361230101418,0
9844,26,33312.927412632445,0.5662869348846696,691.6235553540214,15876.221831532848,0
9845,46,98330.31136356096,0.2387408384677056,750.164128674817,6810.631357331192,1
9846,28,61070.22288667846,0.2681956859024887,697.2248232804749,18230.21648865983,1
9847,55,28304.087622879837,0.16163141181216473,680.3719379552657,11650.627358719545,1
9848,47,38305.3641331026,0.4784257754484533,695.3857210922022,5000.0,1
9849,45,36835.14013185485,0.5055962547936385,654.6146749369486,7405.997916595344,0
9850,38,37796.75356451992,0.40892396912890655,630.670632136781,14627.756750950452,1
9851,21,35937.47967026813,0.23449239713639997,784.0032273143166,5000.0,1
9852,59,37933.82693008805,0.0943444421305737,757.3265080994868,22636.53978396799,1
9853,23,32019.88349121032,0.43396465466635825,616.3297212927116,13880.525873393432,0
9854,24,26708.24220913799,0.4848497223101771,729.4299282587175,5000.0,1
9855,61,29913.79578609668,0.27351907449710133,682.645698813245,8685.27108500526,1
9856,57,15244.83446309689,0.36120046977869075,659.0913772426949,6024.93108181145,1
9857,35,51407.42988826387,0.11426966235669239,755.5482471661292,16763.246357891625,1
9858,28,46214.46283607031,0.23148451715400428,658.1736838757914,13324.881854151667,1
9859,58,99289.95137126658,0.4080090431525894,667.8354757546446,27510.253322025892,1
9860,39,19975.06856498818,0.33429346386308123,684.2262524683443,9089.934522214251,1
9861,46,29679.3861339358,0.3783699048299302,563.5844033713462,13746.905226644316,0
9862,59,65087.86133695225,0.5208526129139406,669.1250733962904,28627.20721285749,1
9863,30,43453.430504760494,0.16366890864189293,553.0940443238865,19172.17931859013,0
9864,58,82106.19139783672,0.3808693880562885,690.9876017978632,32543.751623170916,1
9865,34,75973.0947065803,0.24796496149213265,688.0272471222177,31785.335520353045,1
9866,61,10775.650371582857,0.323735355138134,732.2809329299662,6854.242672213404,1
9867,39,41302.79586124151,0.39354909465166504,693.8042811403635,11460.446311743815,1
9868,50,41411.972230379695,0.16018748022212018,830.3577771311185,5000.0,1
9869,25,35903.41237086307,0.25207333699062073,551.146311362611,19688.58664709516,0
9870,51,29224.64546677562,0.2879194404377556,648.6612654441498,11411.733820578458,1
9871,27,79303.96655949131,0.4095361254049776,723.4451942225079,32175.977241762757,1
9872,39,35827.96139180191,0.5151497967222705,729.9763283678965,5000.0,1
9873,51,7566.817092606981,0.09926886702914246,609.8570961553097,5000.0,0
9874,59,29106.560335854414,0.24986700833671435,733.0364127740436,10383.065136837811,1
9875,44,102292.07101365368,0.3280055804636408,547.5404548230194,25366.760694679146,0
9876,54,20774.44011912507,0.3274273524799454,593.6352210450004,6155.769269047706,0
9877,43,66753.90443062129,0.4123458874728492,678.8027430825842,13021.318480002303,1
9878,60,61159.19693995004,0.16394237300947487,669.6134885187315,19026.893714816797,1
9879,26,31954.161039589577,0.31958380358722294,737.8124522663269,5281.055210830705,1
9880,58,39916.68848514138,0.2881895697465913,712.4462431332001,23939.088907720627,1
9881,61,35072.36255968179,0.4582721591221104,619.3594403609297,9157.724467487511,0
9882,56,27898.747127765517,0.36111356022761704,738.0903474496091,13170.31454170102,1
9883,47,25996.87117448353,0.28335503615596636,688.5556880761137,10265.9418391543,1
9884,31,73890.05447868277,0.5326916726044757,707.9423915138915,41352.49182182225,1
9885,25,33297.99318613021,0.270517231986152,706.1266757720277,11178.500096701131,1
9886,37,24686.183158576845,0.23013463883206683,633.0126665132966,11950.508298331859,1
9887,27,47790.87414455724,0.43835661736772447,719.2338022109235,21235.234051089683,1
9888,47,44946.57355456741,0.27867325479963256,674.0267874777362,27423.264455780358,1
9889,35,17222.88890544898,0.3598596385415141,713.4924792284237,7615.9060790362055,1
9890,33,26315.228253703186,0.6098031610813138,754.277206799404,5000.0,1
9891,31,15531.116574475038,0.2765428125756997,643.245511885909,5000.0,1
9892,46,129970.72228442578,0.20508830548041646,722.8458130265651,7362.280399770721,1
9893,42,30291.763936409843,0.31774349080813347,626.0304776243531,7204.790091053228,1
9894,48,25889.80170512453,0.3038955673940487,617.5102268487886,5000.0,1
9895,44,28280.176972540503,0.4649843397683782,649.459684037464,12744.701135220334,0
9896,49,24907.026227407212,0.1447956381032142,649.2875468824061,5000.0,1
9897,29,33139.598315758114,0.7531471482568398,682.4852235076347,5000.0,0
9898,62,67342.25380114175,0.24197637324154792,571.060763192095,24509.216059052742,0
9899,24,38126.703396941426,0.4288188719243163,689.4120199805466,17561.35082324628,1
9900,38,18145.880448313183,0.4901626413307253,639.731755555829,5000.0,0
9901,63,20455.427966737738,0.3787356551124936,517.5792782698823,7666.980865978538,0
9902,36,39628.4404279909,0.4428890110154977,678.0210387488783,16996.098234387486,1
9903,53,23949.696590560754,0.36059607826064793,748.995987360628,5000.0,1
9904,49,33010.81940045258,0.4448327969617962,724.5368164118048,5000.0,1
9905,59,136332.3309372995,0.2862389854154917,649.9337488092042,41203.93587765308,1
9906,30,21963.72772033876,0.25195606146130983,620.0449775257463,8648.535137847122,1
9907,29,17621.96580397068,0.08298048213345088,710.9598622968496,5000.0,1
9908,51,25081.023113909545,0.41528429612286993,620.085766994467,8565.272429420713,0
9909,48,14770.895791723007,0.2985195763608583,646.9503929604896,5000.0,1
9910,23,69082.17478595387,0.4061027000554508,829.9464324854646,48344.9090123005,1
9911,34,20340.12430475158,0.30240188859809136,754.0960880665957,5000.0,1
9912,45,22315.07073156181,0.5360903917590191,637.4000732283974,5000.0,1
9913,35,18644.0975817239,0.325349804217965,697.9576655674109,5000.0,1
9914,22,15586.688851166684,0.2567689999378937,761.5933764637423,5000.0,1
9915,44,35333.06360503665,0.29021571156905845,682.751154726234,13126.89504719354,1
9916,34,24944.684551515133,0.4251893197048596,573.6555343934906,5000.0,0
9917,27,14730.182100162827,0.787900896333069,674.0954044991254,5000.0,0
9918,56,30148.55298667706,0.5557143187667833,634.093669086639,5000.0,1
9919,44,43600.78443428611,0.16883270754561844,635.565979413242,13937.425227646314,1
9920,47,29114.94826139862,0.3854376296215122,603.1709614083156,11561.474962511524,0
9921,57,49003.19228953388,0.23240121249681517,573.0007344918818,12960.377482480402,0
9922,58,84903.28412833909,0.29091690078856053,610.3717313058133,40937.946813217466,0
9923,50,54570.42763648207,0.3041017317388328,703.4596608088065,20451.496106815743,1
9924,47,40454.20399741617,0.33707208334949124,719.5116514108641,26786.590893696717,1
9925,59,54507.689515531725,0.48171199266547565,799.4128081593598,5000.0,1
9926,35,110586.84786291514,0.31075457040758303,616.5656443325701,5000.0,1
9927,46,17665.626217442805,0.3751602195445213,595.6164099302154,7434.208103513229,0
9928,21,49829.35031491628,0.34878106287392324,712.4472971639063,12230.17933937962,1
9929,24,22060.058392478717,0.24521274257853123,547.0834965352998,5000.0,0
9930,49,40980.77761274845,0.2688542985368794,511.12998445730557,5000.0,0
9931,21,18750.1618608984,0.25861649816292526,709.6522997024135,8425.623788010995,1
9932,63,52994.789057346796,0.44948299170394695,586.0650406074616,25935.49853484108,0
9933,42,41771.19830706189,0.29427009835100987,602.6628162876959,18971.411928618127,0
9934,31,76860.79323489986,0.6153329824566246,695.2397299782134,24582.742768982003,0
9935,30,31709.242963516783,0.23259217213654654,655.7891104843304,8058.05714247651,1
9936,37,31208.689199290613,0.23223403728452421,631.8550726185128,8220.665839269852,1
9937,56,31364.99848840303,0.1898601570597227,559.6507691335427,11014.688228820967,0
9938,46,124314.94478994868,0.3339398320577069,612.7813051857252,41535.039669959035,0
9939,41,49848.73266227287,0.26912863378338825,616.0190557450859,5172.397014692588,1
9940,33,71135.1892559047,0.2971451733609841,622.0807901180896,35788.274772688485,0
9941,29,52165.59253265612,0.5036739388326513,693.0148390220352,16129.18611042479,1
9942,31,56442.433451404126,0.3249860431619998,673.4150131199362,5000.0,1
9943,31,17368.9818493393,0.2937313231688549,635.5994294369706,5000.0,1
9944,26,27448.848997943238,0.39287264515232523,659.6783067582176,5955.755963423557,0
9945,21,26617.913999667635,0.3780391726189161,775.834813115327,9104.36671726878,1
9946,26,37404.32267770249,0.4630926143463086,676.2348880820143,11279.09189859572,1
9947,33,34483.96256042652,0.47546670667927254,752.3095676176964,5545.900858099771,1
9948,42,16255.104605446699,0.417913712177947,610.8954650377763,8887.821006668571,0
9949,51,37103.63533590861,0.4906515897306491,636.5813391740397,16698.830079467,0
9950,42,13276.509825546755,0.24812561546652578,627.7674095138711,5000.0,1
9951,57,53542.73805160517,0.33208204024102594,677.7749841724103,5000.0,1
9952,47,38252.98230854051,0.3684970281239572,684.2163859918169,9136.94927987611,1
9953,34,67689.00124181688,0.3631437238708641,688.7534056866223,15202.454185291717,1
9954,25,40393.49694569076,0.8120372223606038,486.51399374514926,5000.0,0
9955,56,28819.378130604568,0.5146662068961324,588.0410799420285,11649.464440282683,0
9956,52,16512.66102928139,0.5090631040780725,668.37634444412,5574.85607066396,0
9957,54,29814.175454849817,0.3068948667167203,780.8175694133258,5000.0,1
9958,27,24493.043282535597,0.33999627085913725,614.7567067136454,8563.530278451084,0
9959,62,43729.376341664756,0.4647942385907412,806.142746375428,21668.561727072418,1
9960,30,29420.554169673593,0.5754429310987856,556.7475167321637,11831.585551356546,0
9961,37,49141.41515717237,0.2218918401899613,667.1459275160162,8988.984390954292,1
9962,50,71461.77873378323,0.27908348442173425,638.7874186655616,55694.800588340455,0
9963,41,17907.211743111744,0.32021270978752386,615.3992009505263,6933.969472829,0
9964,33,36268.186706945875,0.38893961421073775,713.1124163600949,6342.902370624753,1
9965,21,35458.851807441424,0.46591043209231836,644.6936508910813,22193.577170176584,0
9966,21,42493.75977625019,0.4575105129882436,544.6107629121915,5000.0,0
9967,53,51191.37442236283,0.41811315625456064,512.747005464401,5000.0,0
9968,58,80328.33399289742,0.2359793053847043,575.7177443737528,16171.767768434647,1
9969,45,20853.202083990793,0.3243305105303542,694.2914728150864,10319.461938376857,1
9970,46,16546.921731924424,0.14940325142817304,635.8907614694958,5000.0,1
9971,33,39904.954748615804,0.49681044915344746,722.465767422305,10963.00168994643,1
9972,48,45467.60469269653,0.35509888944912693,639.6577715469093,5271.875313148312,1
9973,53,52060.50846031138,0.17537713199565644,669.4782760479662,22919.75097235028,1
9974,57,24821.130132107555,0.702986457291055,755.7062072366292,9809.299657409205,1
9975,61,16499.33815443511,0.05,636.9244946089607,5000.0,1
9976,50,66801.72722590732,0.34059346373819016,787.132786286911,19413.968386047753,1
9977,28,46921.769205609184,0.5471695338496163,697.5634834816022,16444.864858203127,0
9978,21,30050.997111888537,0.2772187165321586,584.0011655207834,7880.857605683573,0
9979,32,12418.348254000051,0.37481881720604576,565.6248091675201,5000.0,0
9980,25,25989.682394785086,0.4218075992175037,549.1942346399396,5000.0,0
9981,44,51415.47281946492,0.05,652.5796019262705,23965.392008914332,1
9982,26,45134.341181018106,0.18652700987535326,535.9100292398663,6644.5421345995455,1
9983,45,18230.429241613903,0.34093679272189087,773.8443429840854,8908.178457621128,1
9984,21,49491.6504298773,0.33769830260181866,806.7290777665028,14828.798919857194,1
9985,45,34748.955304678886,0.1480400464765064,537.8615021410876,6974.031708763799,0
9986,21,68427.93047815625,0.34700988348658734,667.5827724859682,19698.936691058414,1
9987,52,25617.550567564504,0.43029205711916224,512.6571785568716,8120.944120882199,0
9988,62,26675.75630996665,0.5434903599606051,699.753267157702,6158.340530827281,1
9989,62,38466.691001807136,0.3812409670483262,716.0421859880081,8619.96627191535,1
9990,23,29471.281865773853,0.21369896544091171,649.8136884670851,5000.0,1
9991,39,23464.93491914396,0.43580576705904567,670.9357116460499,13788.735284391401,0
9992,63,91191.72074089701,0.45336422787992264,603.8302396709403,12586.05610529772,1
9993,49,73900.94174567352,0.3254751013825713,653.0657485719687,5000.0,1
9994,22,22472.415859018685,0.29355074393668673,699.9696512242951,8686.778734611062,1
9995,29,40544.73394921229,0.2812702646231906,636.904889835794,5000.0,1
9996,37,16882.271779370254,0.4440283154532037,735.7416826705495,5154.068452109287,1
9997,56,85017.79123260506,0.3287649051863624,601.8231805044836,6580.217259340052,1
9998,37,53107.361967899255,0.4000936636796973,627.6931115583753,20624.237210197964,1
9999,32,59983.749759890845,0.23814039900728806,505.4933998597649,15689.11938925905,0
